# Rhino

v -10.199999809265137 0.20000000298023224 1.4901161415892261E-09
v -10.199999809265137 0.20000000298023224 -8.2000007629394531
v 3.8146973224684189E-07 0.20000000298023224 1.4901161415892261E-09
v 3.8146973224684189E-07 0.20000000298023224 -8.2000007629394531
v -9.3500003814697266 0.20000000298023224 1.4901161415892261E-09
v -8.5 0.20000000298023224 1.4901161415892261E-09
v -7.6500000953674316 0.20000000298023224 1.4901161415892261E-09
v -6.8000001907348633 0.20000000298023224 1.4901161415892261E-09
v -5.9499998092651367 0.20000000298023224 1.4901161415892261E-09
v -5.0999999046325684 0.20000000298023224 1.4901161415892261E-09
v -4.25 0.20000000298023224 1.4901161415892261E-09
v -3.4000000953674316 0.20000000298023224 1.4901161415892261E-09
v -2.5499997138977051 0.20000000298023224 1.4901161415892261E-09
v -1.7000004053115845 0.20000000298023224 1.4901161415892261E-09
v -0.85000002384185791 0.20000000298023224 1.4901161415892261E-09
v -5.0999999046325684 0.20000000298023224 -4.0999999046325684
v -5.0999999046325684 0.20000000298023224 -2.0499999523162842
v -7.6500000953674316 0.20000000298023224 -4.0999999046325684
v -7.6500000953674316 0.20000000298023224 -2.0499999523162842
v -2.5499997138977051 0.20000000298023224 -4.0999999046325684
v -2.5499997138977051 0.20000000298023224 -2.0499999523162842
v 3.8146973224684189E-07 0.20000000298023224 -0.8200000524520874
v 3.8146973224684189E-07 0.20000000298023224 -1.6399999856948853
v 3.8146973224684189E-07 0.20000000298023224 -2.4599997997283936
v 3.8146973224684189E-07 0.20000000298023224 -3.2799999713897705
v 3.8146973224684189E-07 0.20000000298023224 -4.0999999046325684
v 3.8146973224684189E-07 0.20000000298023224 -4.9200000762939453
v 3.8146973224684189E-07 0.20000000298023224 -5.7399997711181641
v 3.8146973224684189E-07 0.20000000298023224 -6.559999942779541
v 3.8146973224684189E-07 0.20000000298023224 -7.380000114440918
v -5.0999999046325684 0.20000000298023224 -6.1500000953674316
v -2.5499997138977051 0.20000000298023224 -6.1500000953674316
v -0.85000002384185791 0.20000000298023224 -8.2000007629394531
v -1.7000004053115845 0.20000000298023224 -8.2000007629394531
v -2.5499997138977051 0.20000000298023224 -8.2000007629394531
v -3.4000000953674316 0.20000000298023224 -8.2000007629394531
v -4.25 0.20000000298023224 -8.2000007629394531
v -5.0999999046325684 0.20000000298023224 -8.2000007629394531
v -5.9499998092651367 0.20000000298023224 -8.2000007629394531
v -6.8000001907348633 0.20000000298023224 -8.2000007629394531
v -7.6500000953674316 0.20000000298023224 -8.2000007629394531
v -8.5 0.20000000298023224 -8.2000007629394531
v -9.3500003814697266 0.20000000298023224 -8.2000007629394531
v -7.6500000953674316 0.20000000298023224 -6.1500000953674316
v -10.199999809265137 0.20000000298023224 -7.380000114440918
v -10.199999809265137 0.20000000298023224 -6.559999942779541
v -10.199999809265137 0.20000000298023224 -5.7399997711181641
v -10.199999809265137 0.20000000298023224 -4.9200000762939453
v -10.199999809265137 0.20000000298023224 -4.0999999046325684
v -10.199999809265137 0.20000000298023224 -3.2799999713897705
v -10.199999809265137 0.20000000298023224 -2.4599997997283936
v -10.199999809265137 0.20000000298023224 -1.6399999856948853
v -10.199999809265137 0.20000000298023224 -0.8200000524520874
v -10.199999809265137 0.20000000298023224 1.4901161415892261E-09
v -3.4000000953674316 0.20000000298023224 1.4901161415892261E-09
v 3.8146973224684189E-07 0.20000000298023224 1.4901161415892261E-09
v -10.199999809265137 -2.9802322831784522E-09 1.4901161415892261E-09
v 3.8146973224684189E-07 -2.9802322831784522E-09 1.4901161415892261E-09
v -0.85000002384185791 0.20000000298023224 1.4901161415892261E-09
v -1.7000004053115845 0.20000000298023224 1.4901161415892261E-09
v -2.5499997138977051 0.20000000298023224 1.4901161415892261E-09
v -4.25 0.20000000298023224 1.4901161415892261E-09
v -5.0999999046325684 0.20000000298023224 1.4901161415892261E-09
v -5.9499998092651367 0.20000000298023224 1.4901161415892261E-09
v -6.8000001907348633 0.20000000298023224 1.4901161415892261E-09
v -7.6500000953674316 0.20000000298023224 1.4901161415892261E-09
v -8.5 0.20000000298023224 1.4901161415892261E-09
v -9.3500003814697266 0.20000000298023224 1.4901161415892261E-09
v -9.3500003814697266 -2.9802322831784522E-09 1.4901161415892261E-09
v -8.5 -2.9802322831784522E-09 1.4901161415892261E-09
v -7.6500000953674316 -2.9802322831784522E-09 1.4901161415892261E-09
v -6.8000001907348633 -2.9802322831784522E-09 1.4901161415892261E-09
v -5.9499998092651367 -2.9802322831784522E-09 1.4901161415892261E-09
v -5.0999999046325684 -2.9802322831784522E-09 1.4901161415892261E-09
v -4.25 -2.9802322831784522E-09 1.4901161415892261E-09
v -3.4000000953674316 -2.9802322831784522E-09 1.4901161415892261E-09
v -2.5499997138977051 -2.9802322831784522E-09 1.4901161415892261E-09
v -1.7000004053115845 -2.9802322831784522E-09 1.4901161415892261E-09
v -0.85000002384185791 -2.9802322831784522E-09 1.4901161415892261E-09
v 3.8146973224684189E-07 0.20000000298023224 1.4901161415892261E-09
v 3.8146973224684189E-07 0.20000000298023224 -8.2000007629394531
v 3.8146973224684189E-07 -2.9802322831784522E-09 1.4901161415892261E-09
v 3.8146973224684189E-07 -2.9802322831784522E-09 -8.2000007629394531
v 3.8146973224684189E-07 0.20000000298023224 -7.380000114440918
v 3.8146973224684189E-07 0.20000000298023224 -6.559999942779541
v 3.8146973224684189E-07 0.20000000298023224 -5.7399997711181641
v 3.8146973224684189E-07 0.20000000298023224 -4.9200000762939453
v 3.8146973224684189E-07 0.20000000298023224 -4.0999999046325684
v 3.8146973224684189E-07 0.20000000298023224 -3.2799999713897705
v 3.8146973224684189E-07 0.20000000298023224 -2.4599997997283936
v 3.8146973224684189E-07 0.20000000298023224 -1.6399999856948853
v 3.8146973224684189E-07 0.20000000298023224 -0.8200000524520874
v 3.8146973224684189E-07 -2.9802322831784522E-09 -0.8200000524520874
v 3.8146973224684189E-07 -2.9802322831784522E-09 -1.6399999856948853
v 3.8146973224684189E-07 -2.9802322831784522E-09 -2.4599997997283936
v 3.8146973224684189E-07 -2.9802322831784522E-09 -3.2799999713897705
v 3.8146973224684189E-07 -2.9802322831784522E-09 -4.0999999046325684
v 3.8146973224684189E-07 -2.9802322831784522E-09 -4.9200000762939453
v 3.8146973224684189E-07 -2.9802322831784522E-09 -5.7399997711181641
v 3.8146973224684189E-07 -2.9802322831784522E-09 -6.559999942779541
v 3.8146973224684189E-07 -2.9802322831784522E-09 -7.380000114440918
v 3.8146973224684189E-07 0.20000000298023224 -8.2000007629394531
v -10.199999809265137 0.20000000298023224 -8.2000007629394531
v 3.8146973224684189E-07 -2.9802322831784522E-09 -8.2000007629394531
v -10.199999809265137 -2.9802322831784522E-09 -8.2000007629394531
v -9.3500003814697266 0.20000000298023224 -8.2000007629394531
v -8.5 0.20000000298023224 -8.2000007629394531
v -7.6500000953674316 0.20000000298023224 -8.2000007629394531
v -6.8000001907348633 0.20000000298023224 -8.2000007629394531
v -5.9499998092651367 0.20000000298023224 -8.2000007629394531
v -5.0999999046325684 0.20000000298023224 -8.2000007629394531
v -4.25 0.20000000298023224 -8.2000007629394531
v -3.4000000953674316 0.20000000298023224 -8.2000007629394531
v -2.5499997138977051 0.20000000298023224 -8.2000007629394531
v -1.7000004053115845 0.20000000298023224 -8.2000007629394531
v -0.85000002384185791 0.20000000298023224 -8.2000007629394531
v -0.85000002384185791 -2.9802322831784522E-09 -8.2000007629394531
v -1.7000004053115845 -2.9802322831784522E-09 -8.2000007629394531
v -2.5499997138977051 -2.9802322831784522E-09 -8.2000007629394531
v -3.4000000953674316 -2.9802322831784522E-09 -8.2000007629394531
v -4.25 -2.9802322831784522E-09 -8.2000007629394531
v -5.0999999046325684 -2.9802322831784522E-09 -8.2000007629394531
v -5.9499998092651367 -2.9802322831784522E-09 -8.2000007629394531
v -6.8000001907348633 -2.9802322831784522E-09 -8.2000007629394531
v -7.6500000953674316 -2.9802322831784522E-09 -8.2000007629394531
v -8.5 -2.9802322831784522E-09 -8.2000007629394531
v -9.3500003814697266 -2.9802322831784522E-09 -8.2000007629394531
v -10.199999809265137 0.20000000298023224 -8.2000007629394531
v -10.199999809265137 0.20000000298023224 1.4901161415892261E-09
v -10.199999809265137 -2.9802322831784522E-09 -8.2000007629394531
v -10.199999809265137 -2.9802322831784522E-09 1.4901161415892261E-09
v -10.199999809265137 0.20000000298023224 -0.8200000524520874
v -10.199999809265137 0.20000000298023224 -1.6399999856948853
v -10.199999809265137 0.20000000298023224 -2.4599997997283936
v -10.199999809265137 0.20000000298023224 -3.2799999713897705
v -10.199999809265137 0.20000000298023224 -4.0999999046325684
v -10.199999809265137 0.20000000298023224 -4.9200000762939453
v -10.199999809265137 0.20000000298023224 -5.7399997711181641
v -10.199999809265137 0.20000000298023224 -6.559999942779541
v -10.199999809265137 0.20000000298023224 -7.380000114440918
v -10.199999809265137 -2.9802322831784522E-09 -7.380000114440918
v -10.199999809265137 -2.9802322831784522E-09 -6.559999942779541
v -10.199999809265137 -2.9802322831784522E-09 -5.7399997711181641
v -10.199999809265137 -2.9802322831784522E-09 -4.9200000762939453
v -10.199999809265137 -2.9802322831784522E-09 -4.0999999046325684
v -10.199999809265137 -2.9802322831784522E-09 -3.2799999713897705
v -10.199999809265137 -2.9802322831784522E-09 -2.4599997997283936
v -10.199999809265137 -2.9802322831784522E-09 -1.6399999856948853
v -10.199999809265137 -2.9802322831784522E-09 -0.8200000524520874
v -10.199999809265137 -2.9802322831784522E-09 1.4901161415892261E-09
v -10.199999809265137 -2.9802322831784522E-09 -8.2000007629394531
v 3.8146973224684189E-07 -2.9802322831784522E-09 1.4901161415892261E-09
v 3.8146973224684189E-07 -2.9802322831784522E-09 -8.2000007629394531
v -9.3500003814697266 -2.9802322831784522E-09 1.4901161415892261E-09
v -8.5 -2.9802322831784522E-09 1.4901161415892261E-09
v -7.6500000953674316 -2.9802322831784522E-09 1.4901161415892261E-09
v -6.8000001907348633 -2.9802322831784522E-09 1.4901161415892261E-09
v -5.9499998092651367 -2.9802322831784522E-09 1.4901161415892261E-09
v -5.0999999046325684 -2.9802322831784522E-09 1.4901161415892261E-09
v -4.25 -2.9802322831784522E-09 1.4901161415892261E-09
v -3.4000000953674316 -2.9802322831784522E-09 1.4901161415892261E-09
v -2.5499997138977051 -2.9802322831784522E-09 1.4901161415892261E-09
v -1.7000004053115845 -2.9802322831784522E-09 1.4901161415892261E-09
v -0.85000002384185791 -2.9802322831784522E-09 1.4901161415892261E-09
v -5.0999999046325684 -2.9802322831784522E-09 -4.0999999046325684
v -5.0999999046325684 -2.9802322831784522E-09 -2.0499999523162842
v -7.6500000953674316 -2.9802322831784522E-09 -4.0999999046325684
v -7.6500000953674316 -2.9802322831784522E-09 -2.0499999523162842
v -2.5499997138977051 -2.9802322831784522E-09 -4.0999999046325684
v -2.5499997138977051 -2.9802322831784522E-09 -2.0499999523162842
v 3.8146973224684189E-07 -2.9802322831784522E-09 -0.8200000524520874
v 3.8146973224684189E-07 -2.9802322831784522E-09 -1.6399999856948853
v 3.8146973224684189E-07 -2.9802322831784522E-09 -2.4599997997283936
v 3.8146973224684189E-07 -2.9802322831784522E-09 -3.2799999713897705
v 3.8146973224684189E-07 -2.9802322831784522E-09 -4.0999999046325684
v 3.8146973224684189E-07 -2.9802322831784522E-09 -4.9200000762939453
v 3.8146973224684189E-07 -2.9802322831784522E-09 -5.7399997711181641
v 3.8146973224684189E-07 -2.9802322831784522E-09 -6.559999942779541
v 3.8146973224684189E-07 -2.9802322831784522E-09 -7.380000114440918
v -5.0999999046325684 -2.9802322831784522E-09 -6.1500000953674316
v -2.5499997138977051 -2.9802322831784522E-09 -6.1500000953674316
v -0.85000002384185791 -2.9802322831784522E-09 -8.2000007629394531
v -1.7000004053115845 -2.9802322831784522E-09 -8.2000007629394531
v -2.5499997138977051 -2.9802322831784522E-09 -8.2000007629394531
v -3.4000000953674316 -2.9802322831784522E-09 -8.2000007629394531
v -4.25 -2.9802322831784522E-09 -8.2000007629394531
v -5.0999999046325684 -2.9802322831784522E-09 -8.2000007629394531
v -5.9499998092651367 -2.9802322831784522E-09 -8.2000007629394531
v -6.8000001907348633 -2.9802322831784522E-09 -8.2000007629394531
v -7.6500000953674316 -2.9802322831784522E-09 -8.2000007629394531
v -8.5 -2.9802322831784522E-09 -8.2000007629394531
v -9.3500003814697266 -2.9802322831784522E-09 -8.2000007629394531
v -7.6500000953674316 -2.9802322831784522E-09 -6.1500000953674316
v -10.199999809265137 -2.9802322831784522E-09 -7.380000114440918
v -10.199999809265137 -2.9802322831784522E-09 -6.559999942779541
v -10.199999809265137 -2.9802322831784522E-09 -5.7399997711181641
v -10.199999809265137 -2.9802322831784522E-09 -4.9200000762939453
v -10.199999809265137 -2.9802322831784522E-09 -4.0999999046325684
v -10.199999809265137 -2.9802322831784522E-09 -3.2799999713897705
v -10.199999809265137 -2.9802322831784522E-09 -2.4599997997283936
v -10.199999809265137 -2.9802322831784522E-09 -1.6399999856948853
v -10.199999809265137 -2.9802322831784522E-09 -0.8200000524520874
vt 0.048780485987663269 0.5
vt 0.048780485987663269 0.99853515625
vt 0.66926687955856323 0.5
vt 0.66926687955856323 0.99853515625
vt 0.10048768669366837 0.5
vt 0.15219488739967346 0.5
vt 0.20390208065509796 0.5
vt 0.25560927391052246 0.5
vt 0.30731648206710815 0.5
vt 0.35902369022369385 0.5
vt 0.41073086857795715 0.5
vt 0.46243807673454285 0.5
vt 0.51414525508880615 0.5
vt 0.56585246324539185 0.5
vt 0.61755967140197754 0.5
vt 0.35902369022369385 0.749267578125
vt 0.35902369022369385 0.6246337890625
vt 0.20390208065509796 0.749267578125
vt 0.20390208065509796 0.6246337890625
vt 0.51414525508880615 0.749267578125
vt 0.51414525508880615 0.6246337890625
vt 0.66926687955856323 0.54985350370407104
vt 0.66926687955856323 0.59970700740814209
vt 0.66926687955856323 0.64956057071685791
vt 0.66926687955856323 0.69941407442092896
vt 0.66926687955856323 0.749267578125
vt 0.66926687955856323 0.79912108182907104
vt 0.66926687955856323 0.84897458553314209
vt 0.66926687955856323 0.89882814884185791
vt 0.66926687955856323 0.94868165254592896
vt 0.35902369022369385 0.8739013671875
vt 0.51414525508880615 0.8739013671875
vt 0.61755967140197754 0.99853515625
vt 0.56585246324539185 0.99853515625
vt 0.51414525508880615 0.99853515625
vt 0.46243807673454285 0.99853515625
vt 0.41073086857795715 0.99853515625
vt 0.35902369022369385 0.99853515625
vt 0.30731648206710815 0.99853515625
vt 0.25560927391052246 0.99853515625
vt 0.20390208065509796 0.99853515625
vt 0.15219488739967346 0.99853515625
vt 0.10048768669366837 0.99853515625
vt 0.20390208065509796 0.8739013671875
vt 0.048780485987663269 0.94868165254592896
vt 0.048780485987663269 0.89882814884185791
vt 0.048780485987663269 0.84897458553314209
vt 0.048780485987663269 0.79912108182907104
vt 0.048780485987663269 0.749267578125
vt 0.048780485987663269 0.69941407442092896
vt 0.048780485987663269 0.64956057071685791
vt 0.048780485987663269 0.59970700740814209
vt 0.048780485987663269 0.54985350370407104
vt 0.036585364490747452 0
vt 0.036585364490747452 0.41463416814804077
vt 0.036585364490747452 0.62195122241973877
vt 0.047315642237663269 0
vt 0.047315642237663269 0.62195122241973877
vt 0.036585364490747452 0.57012194395065308
vt 0.036585364490747452 0.51829266548156738
vt 0.036585364490747452 0.46646341681480408
vt 0.036585364490747452 0.36280485987663269
vt 0.036585364490747452 0.31097561120986938
vt 0.036585364490747452 0.25914633274078369
vt 0.036585364490747452 0.20731708407402039
vt 0.036585364490747452 0.15548780560493469
vt 0.036585364490747452 0.10365854203701019
vt 0.036585364490747452 0.051829271018505096
vt 0.047315642237663269 0.051829271018505096
vt 0.047315642237663269 0.10365854203701019
vt 0.047315642237663269 0.15548780560493469
vt 0.047315642237663269 0.20731708407402039
vt 0.047315642237663269 0.25914633274078369
vt 0.047315642237663269 0.31097561120986938
vt 0.047315642237663269 0.36280485987663269
vt 0.047315642237663269 0.41463416814804077
vt 0.047315642237663269 0.46646341681480408
vt 0.047315642237663269 0.51829266548156738
vt 0.047315642237663269 0.57012194395065308
vt 0.012195121496915817 0
vt 0.012195121496915817 0.5
vt 0.022925399243831635 0
vt 0.022925399243831635 0.5
vt 0.012195121496915817 0.44999998807907104
vt 0.012195121496915817 0.40000000596046448
vt 0.012195121496915817 0.34999999403953552
vt 0.012195121496915817 0.30000001192092896
vt 0.012195121496915817 0.25
vt 0.012195121496915817 0.20000000298023224
vt 0.012195121496915817 0.15000000596046448
vt 0.012195121496915817 0.10000000149011612
vt 0.012195121496915817 0.05000000074505806
vt 0.022925399243831635 0.05000000074505806
vt 0.022925399243831635 0.10000000149011612
vt 0.022925399243831635 0.15000000596046448
vt 0.022925399243831635 0.20000000298023224
vt 0.022925399243831635 0.25
vt 0.022925399243831635 0.30000001192092896
vt 0.022925399243831635 0.34999999403953552
vt 0.022925399243831635 0.40000000596046448
vt 0.022925399243831635 0.44999998807907104
vt 0.024390242993831635 0
vt 0.024390242993831635 0.62195122241973877
vt 0.035120520740747452 0
vt 0.035120520740747452 0.62195122241973877
vt 0.024390242993831635 0.57012194395065308
vt 0.024390242993831635 0.51829266548156738
vt 0.024390242993831635 0.46646341681480408
vt 0.024390242993831635 0.41463416814804077
vt 0.024390242993831635 0.36280485987663269
vt 0.024390242993831635 0.31097561120986938
vt 0.024390242993831635 0.25914633274078369
vt 0.024390242993831635 0.20731708407402039
vt 0.024390242993831635 0.15548780560493469
vt 0.024390242993831635 0.10365854203701019
vt 0.024390242993831635 0.051829271018505096
vt 0.035120520740747452 0.051829271018505096
vt 0.035120520740747452 0.10365854203701019
vt 0.035120520740747452 0.15548780560493469
vt 0.035120520740747452 0.20731708407402039
vt 0.035120520740747452 0.25914633274078369
vt 0.035120520740747452 0.31097561120986938
vt 0.035120520740747452 0.36280485987663269
vt 0.035120520740747452 0.41463416814804077
vt 0.035120520740747452 0.46646341681480408
vt 0.035120520740747452 0.51829266548156738
vt 0.035120520740747452 0.57012194395065308
vt 0 0
vt 0 0.5
vt 0.010730277746915817 0
vt 0.010730277746915817 0.5
vt 0 0.44999998807907104
vt 0 0.40000000596046448
vt 0 0.34999999403953552
vt 0 0.30000001192092896
vt 0 0.25
vt 0 0.20000000298023224
vt 0 0.15000000596046448
vt 0 0.10000000149011612
vt 0 0.05000000074505806
vt 0.010730277746915817 0.05000000074505806
vt 0.010730277746915817 0.10000000149011612
vt 0.010730277746915817 0.15000000596046448
vt 0.010730277746915817 0.20000000298023224
vt 0.010730277746915817 0.25
vt 0.010730277746915817 0.30000001192092896
vt 0.010730277746915817 0.34999999403953552
vt 0.010730277746915817 0.40000000596046448
vt 0.010730277746915817 0.44999998807907104
vt 0.048780485987663269 0
vt 0.048780485987663269 0.49853515625
vt 0.66926687955856323 0
vt 0.66926687955856323 0.49853515625
vt 0.10048768669366837 0
vt 0.15219488739967346 0
vt 0.20390208065509796 0
vt 0.25560927391052246 0
vt 0.30731648206710815 0
vt 0.35902369022369385 0
vt 0.41073086857795715 0
vt 0.46243807673454285 0
vt 0.51414525508880615 0
vt 0.56585246324539185 0
vt 0.61755967140197754 0
vt 0.35902369022369385 0.249267578125
vt 0.35902369022369385 0.1246337890625
vt 0.20390208065509796 0.249267578125
vt 0.20390208065509796 0.1246337890625
vt 0.51414525508880615 0.249267578125
vt 0.51414525508880615 0.1246337890625
vt 0.66926687955856323 0.04985351487994194
vt 0.66926687955856323 0.099707029759883881
vt 0.66926687955856323 0.14956055581569672
vt 0.66926687955856323 0.19941405951976776
vt 0.66926687955856323 0.249267578125
vt 0.66926687955856323 0.29912111163139343
vt 0.66926687955856323 0.34897461533546448
vt 0.66926687955856323 0.39882811903953552
vt 0.66926687955856323 0.44868162274360657
vt 0.35902369022369385 0.3739013671875
vt 0.51414525508880615 0.3739013671875
vt 0.61755967140197754 0.49853515625
vt 0.56585246324539185 0.49853515625
vt 0.51414525508880615 0.49853515625
vt 0.46243807673454285 0.49853515625
vt 0.41073086857795715 0.49853515625
vt 0.35902369022369385 0.49853515625
vt 0.30731648206710815 0.49853515625
vt 0.25560927391052246 0.49853515625
vt 0.20390208065509796 0.49853515625
vt 0.15219488739967346 0.49853515625
vt 0.10048768669366837 0.49853515625
vt 0.20390208065509796 0.3739013671875
vt 0.048780485987663269 0.44868162274360657
vt 0.048780485987663269 0.39882811903953552
vt 0.048780485987663269 0.34897461533546448
vt 0.048780485987663269 0.29912111163139343
vt 0.048780485987663269 0.249267578125
vt 0.048780485987663269 0.19941405951976776
vt 0.048780485987663269 0.14956055581569672
vt 0.048780485987663269 0.099707029759883881
vt 0.048780485987663269 0.04985351487994194
vn 0 1 0
vn 0 1 0
vn 0 1 0
vn 0 1 0
vn 0 1 0
vn 0 1 0
vn 0 1 0
vn 0 1 0
vn 0 1 0
vn 0 1 0
vn 0 1 0
vn 0 1 0
vn 0 1 0
vn 0 1 0
vn 0 1 0
vn 0 1 0
vn 0 1 0
vn 0 1 0
vn 0 1 0
vn 0 1 0
vn 0 1 0
vn 0 1 0
vn 0 1 0
vn 0 1 0
vn 0 1 0
vn 0 1 0
vn 0 1 0
vn 0 1 0
vn 0 1 0
vn 0 1 0
vn 0 1 0
vn 0 1 0
vn 0 1 0
vn 0 1 0
vn 0 1 0
vn 0 1 0
vn 0 1 0
vn 0 1 0
vn 0 1 0
vn 0 1 0
vn 0 1 0
vn 0 1 0
vn 0 1 0
vn 0 1 0
vn 0 1 0
vn 0 1 0
vn 0 1 0
vn 0 1 0
vn 0 1 0
vn 0 1 0
vn 0 1 0
vn 0 1 0
vn 0 1 0
vn 0 0 1
vn 0 0 1
vn 0 0 1
vn 0 0 1
vn 0 0 1
vn 0 0 1
vn 0 0 1
vn 0 0 1
vn 0 0 1
vn 0 0 1
vn 0 0 1
vn 0 0 1
vn 0 0 1
vn 0 0 1
vn 0 0 1
vn 0 0 1
vn 0 0 1
vn 0 0 1
vn 0 0 1
vn 0 0 1
vn 0 0 1
vn 0 0 1
vn 0 0 1
vn 0 0 1
vn 0 0 1
vn 0 0 1
vn 1 0 0
vn 1 0 0
vn 1 0 0
vn 1 0 0
vn 1 0 0
vn 1 0 0
vn 1 0 0
vn 1 0 0
vn 1 0 0
vn 1 0 0
vn 1 0 0
vn 1 0 0
vn 1 0 0
vn 1 0 0
vn 1 0 0
vn 1 0 0
vn 1 0 0
vn 1 0 0
vn 1 0 0
vn 1 0 0
vn 1 0 0
vn 1 0 0
vn 0 0 -1
vn 0 0 -1
vn 0 0 -1
vn 0 0 -1
vn 0 0 -1
vn 0 0 -1
vn 0 0 -1
vn 0 0 -1
vn 0 0 -1
vn 0 0 -1
vn 0 0 -1
vn 0 0 -1
vn 0 0 -1
vn 0 0 -1
vn 0 0 -1
vn 0 0 -1
vn 0 0 -1
vn 0 0 -1
vn 0 0 -1
vn 0 0 -1
vn 0 0 -1
vn 0 0 -1
vn 0 0 -1
vn 0 0 -1
vn 0 0 -1
vn 0 0 -1
vn -1 0 0
vn -1 0 0
vn -1 0 0
vn -1 0 0
vn -1 0 0
vn -1 0 0
vn -1 0 0
vn -1 0 0
vn -1 0 0
vn -1 0 0
vn -1 0 0
vn -1 0 0
vn -1 0 0
vn -1 0 0
vn -1 0 0
vn -1 0 0
vn -1 0 0
vn -1 0 0
vn -1 0 0
vn -1 0 0
vn -1 0 0
vn -1 0 0
vn 0 -1 0
vn 0 -1 0
vn 0 -1 0
vn 0 -1 0
vn 0 -1 0
vn 0 -1 0
vn 0 -1 0
vn 0 -1 0
vn 0 -1 0
vn 0 -1 0
vn 0 -1 0
vn 0 -1 0
vn 0 -1 0
vn 0 -1 0
vn 0 -1 0
vn 0 -1 0
vn 0 -1 0
vn 0 -1 0
vn 0 -1 0
vn 0 -1 0
vn 0 -1 0
vn 0 -1 0
vn 0 -1 0
vn 0 -1 0
vn 0 -1 0
vn 0 -1 0
vn 0 -1 0
vn 0 -1 0
vn 0 -1 0
vn 0 -1 0
vn 0 -1 0
vn 0 -1 0
vn 0 -1 0
vn 0 -1 0
vn 0 -1 0
vn 0 -1 0
vn 0 -1 0
vn 0 -1 0
vn 0 -1 0
vn 0 -1 0
vn 0 -1 0
vn 0 -1 0
vn 0 -1 0
vn 0 -1 0
vn 0 -1 0
vn 0 -1 0
vn 0 -1 0
vn 0 -1 0
vn 0 -1 0
vn 0 -1 0
vn 0 -1 0
vn 0 -1 0
vn 0 -1 0
f 32/32/32 31/31/31 16/16/16 20/20/20
f 31/31/31 44/44/44 18/18/18 16/16/16
f 16/16/16 18/18/18 19/19/19 17/17/17
f 20/20/20 16/16/16 17/17/17 21/21/21
f 5/5/5 53/53/53 1/1/1
f 19/19/19 52/52/52 53/53/53
f 19/19/19 50/50/50 51/51/51
f 50/50/50 18/18/18 49/49/49
f 51/51/51 52/52/52 19/19/19
f 53/53/53 6/6/6 19/19/19
f 19/19/19 6/6/6 7/7/7
f 9/9/9 19/19/19 8/8/8
f 7/7/7 8/8/8 19/19/19
f 17/17/17 19/19/19 9/9/9
f 5/5/5 6/6/6 53/53/53
f 19/19/19 18/18/18 50/50/50
f 47/47/47 44/44/44 46/46/46
f 46/46/46 44/44/44 45/45/45
f 2/2/2 45/45/45 43/43/43
f 45/45/45 42/42/42 43/43/43
f 44/44/44 47/47/47 48/48/48
f 42/42/42 45/45/45 44/44/44
f 18/18/18 44/44/44 48/48/48
f 44/44/44 31/31/31 39/39/39 40/40/40
f 41/41/41 42/42/42 44/44/44
f 44/44/44 40/40/40 41/41/41
f 39/39/39 31/31/31 38/38/38
f 18/18/18 48/48/48 49/49/49
f 9/9/9 10/10/10 17/17/17
f 17/17/17 11/11/11 12/12/12
f 21/21/21 12/12/12 13/13/13
f 17/17/17 12/12/12 21/21/21
f 14/14/14 21/21/21 13/13/13
f 22/22/22 21/21/21 14/14/14
f 10/10/10 11/11/11 17/17/17
f 22/22/22 15/15/15 3/3/3
f 21/21/21 22/22/22 23/23/23
f 23/23/23 24/24/24 21/21/21
f 20/20/20 21/21/21 24/24/24 25/25/25
f 15/15/15 22/22/22 14/14/14
f 25/25/25 26/26/26 20/20/20
f 32/32/32 20/20/20 27/27/27 28/28/28
f 31/31/31 32/32/32 36/36/36 37/37/37
f 32/32/32 35/35/35 36/36/36
f 35/35/35 32/32/32 34/34/34
f 38/38/38 31/31/31 37/37/37
f 28/28/28 29/29/29 32/32/32
f 29/29/29 30/30/30 32/32/32
f 30/30/30 33/33/33 34/34/34
f 33/33/33 30/30/30 4/4/4
f 34/34/34 32/32/32 30/30/30
f 27/27/27 20/20/20 26/26/26
f 68/68/68 54/54/54 57/57/57 69/69/69
f 67/67/67 68/68/68 69/69/69 70/70/70
f 65/65/65 66/66/66 71/71/71 72/72/72
f 64/64/64 65/65/65 72/72/72 73/73/73
f 66/66/66 67/67/67 70/70/70 71/71/71
f 62/62/62 63/63/63 74/74/74 75/75/75
f 55/55/55 62/62/62 75/75/75 76/76/76
f 60/60/60 61/61/61 77/77/77 78/78/78
f 56/56/56 59/59/59 79/79/79 58/58/58
f 59/59/59 60/60/60 78/78/78 79/79/79
f 61/61/61 55/55/55 76/76/76 77/77/77
f 63/63/63 64/64/64 73/73/73 74/74/74
f 92/92/92 80/80/80 82/82/82 93/93/93
f 90/90/90 91/91/91 94/94/94 95/95/95
f 89/89/89 90/90/90 95/95/95 96/96/96
f 91/91/91 92/92/92 93/93/93 94/94/94
f 87/87/87 88/88/88 97/97/97 98/98/98
f 86/86/86 87/87/87 98/98/98 99/99/99
f 84/84/84 85/85/85 100/100/100 101/101/101
f 81/81/81 84/84/84 101/101/101 83/83/83
f 85/85/85 86/86/86 99/99/99 100/100/100
f 88/88/88 89/89/89 96/96/96 97/97/97
f 116/116/116 102/102/102 104/104/104 117/117/117
f 115/115/115 116/116/116 117/117/117 118/118/118
f 113/113/113 114/114/114 119/119/119 120/120/120
f 112/112/112 113/113/113 120/120/120 121/121/121
f 114/114/114 115/115/115 118/118/118 119/119/119
f 110/110/110 111/111/111 122/122/122 123/123/123
f 109/109/109 110/110/110 123/123/123 124/124/124
f 107/107/107 108/108/108 125/125/125 126/126/126
f 103/103/103 106/106/106 127/127/127 105/105/105
f 106/106/106 107/107/107 126/126/126 127/127/127
f 108/108/108 109/109/109 124/124/124 125/125/125
f 111/111/111 112/112/112 121/121/121 122/122/122
f 140/140/140 128/128/128 130/130/130 141/141/141
f 138/138/138 139/139/139 142/142/142 143/143/143
f 137/137/137 138/138/138 143/143/143 144/144/144
f 139/139/139 140/140/140 141/141/141 142/142/142
f 135/135/135 136/136/136 145/145/145 146/146/146
f 134/134/134 135/135/135 146/146/146 147/147/147
f 132/132/132 133/133/133 148/148/148 149/149/149
f 129/129/129 132/132/132 149/149/149 131/131/131
f 133/133/133 134/134/134 147/147/147 148/148/148
f 136/136/136 137/137/137 144/144/144 145/145/145
f 181/181/181 169/169/169 165/165/165 180/180/180
f 180/180/180 165/165/165 167/167/167 193/193/193
f 165/165/165 166/166/166 168/168/168 167/167/167
f 169/169/169 170/170/170 166/166/166 165/165/165
f 154/154/154 150/150/150 202/202/202
f 168/168/168 202/202/202 201/201/201
f 168/168/168 200/200/200 199/199/199
f 199/199/199 198/198/198 167/167/167
f 200/200/200 168/168/168 201/201/201
f 202/202/202 168/168/168 155/155/155
f 168/168/168 156/156/156 155/155/155
f 158/158/158 157/157/157 168/168/168
f 156/156/156 168/168/168 157/157/157
f 166/166/166 158/158/158 168/168/168
f 154/154/154 202/202/202 155/155/155
f 168/168/168 199/199/199 167/167/167
f 196/196/196 195/195/195 193/193/193
f 195/195/195 194/194/194 193/193/193
f 151/151/151 192/192/192 194/194/194
f 194/194/194 192/192/192 191/191/191
f 193/193/193 197/197/197 196/196/196
f 191/191/191 193/193/193 194/194/194
f 167/167/167 197/197/197 193/193/193
f 193/193/193 189/189/189 188/188/188 180/180/180
f 190/190/190 193/193/193 191/191/191
f 193/193/193 190/190/190 189/189/189
f 188/188/188 187/187/187 180/180/180
f 167/167/167 198/198/198 197/197/197
f 158/158/158 166/166/166 159/159/159
f 166/166/166 161/161/161 160/160/160
f 170/170/170 162/162/162 161/161/161
f 166/166/166 170/170/170 161/161/161
f 163/163/163 162/162/162 170/170/170
f 171/171/171 163/163/163 170/170/170
f 159/159/159 166/166/166 160/160/160
f 171/171/171 152/152/152 164/164/164
f 170/170/170 172/172/172 171/171/171
f 172/172/172 170/170/170 173/173/173
f 169/169/169 174/174/174 173/173/173 170/170/170
f 164/164/164 163/163/163 171/171/171
f 174/174/174 169/169/169 175/175/175
f 181/181/181 177/177/177 176/176/176 169/169/169
f 180/180/180 186/186/186 185/185/185 181/181/181
f 181/181/181 185/185/185 184/184/184
f 184/184/184 183/183/183 181/181/181
f 187/187/187 186/186/186 180/180/180
f 177/177/177 181/181/181 178/178/178
f 178/178/178 181/181/181 179/179/179
f 179/179/179 183/183/183 182/182/182
f 182/182/182 153/153/153 179/179/179
f 183/183/183 179/179/179 181/181/181
f 176/176/176 175/175/175 169/169/169
v -10.199999809265137 3.2000000476837158 1.4901161415892261E-09
v -10.199999809265137 3.2000000476837158 -8.2000007629394531
v 3.8146973224684189E-07 3.2000000476837158 1.4901161415892261E-09
v 3.8146973224684189E-07 3.2000000476837158 -8.2000007629394531
v -9.3500003814697266 3.2000000476837158 1.4901161415892261E-09
v -8.5 3.2000000476837158 1.4901161415892261E-09
v -7.6500000953674316 3.2000000476837158 1.4901161415892261E-09
v -6.8000001907348633 3.2000000476837158 1.4901161415892261E-09
v -5.9499998092651367 3.2000000476837158 1.4901161415892261E-09
v -5.0999999046325684 3.2000000476837158 1.4901161415892261E-09
v -4.25 3.2000000476837158 1.4901161415892261E-09
v -3.4000000953674316 3.2000000476837158 1.4901161415892261E-09
v -2.5499997138977051 3.2000000476837158 1.4901161415892261E-09
v -1.7000004053115845 3.2000000476837158 1.4901161415892261E-09
v -0.85000002384185791 3.2000000476837158 1.4901161415892261E-09
v -5.0999999046325684 3.2000000476837158 -4.0999999046325684
v -5.0999999046325684 3.2000000476837158 -2.0499999523162842
v -7.6500000953674316 3.2000000476837158 -4.0999999046325684
v -7.6500000953674316 3.2000000476837158 -2.0499999523162842
v -2.5499997138977051 3.2000000476837158 -4.0999999046325684
v -2.5499997138977051 3.2000000476837158 -2.0499999523162842
v 3.8146973224684189E-07 3.2000000476837158 -0.8200000524520874
v 3.8146973224684189E-07 3.2000000476837158 -1.6399999856948853
v 3.8146973224684189E-07 3.2000000476837158 -2.4599997997283936
v 3.8146973224684189E-07 3.2000000476837158 -3.2799999713897705
v 3.8146973224684189E-07 3.2000000476837158 -4.0999999046325684
v 3.8146973224684189E-07 3.2000000476837158 -4.9200000762939453
v 3.8146973224684189E-07 3.2000000476837158 -5.7399997711181641
v 3.8146973224684189E-07 3.2000000476837158 -6.559999942779541
v 3.8146973224684189E-07 3.2000000476837158 -7.380000114440918
v -5.0999999046325684 3.2000000476837158 -6.1500000953674316
v -2.5499997138977051 3.2000000476837158 -6.1500000953674316
v -0.85000002384185791 3.2000000476837158 -8.2000007629394531
v -1.7000004053115845 3.2000000476837158 -8.2000007629394531
v -2.5499997138977051 3.2000000476837158 -8.2000007629394531
v -3.4000000953674316 3.2000000476837158 -8.2000007629394531
v -4.25 3.2000000476837158 -8.2000007629394531
v -5.0999999046325684 3.2000000476837158 -8.2000007629394531
v -5.9499998092651367 3.2000000476837158 -8.2000007629394531
v -6.8000001907348633 3.2000000476837158 -8.2000007629394531
v -7.6500000953674316 3.2000000476837158 -8.2000007629394531
v -8.5 3.2000000476837158 -8.2000007629394531
v -9.3500003814697266 3.2000000476837158 -8.2000007629394531
v -7.6500000953674316 3.2000000476837158 -6.1500000953674316
v -10.199999809265137 3.2000000476837158 -7.380000114440918
v -10.199999809265137 3.2000000476837158 -6.559999942779541
v -10.199999809265137 3.2000000476837158 -5.7399997711181641
v -10.199999809265137 3.2000000476837158 -4.9200000762939453
v -10.199999809265137 3.2000000476837158 -4.0999999046325684
v -10.199999809265137 3.2000000476837158 -3.2799999713897705
v -10.199999809265137 3.2000000476837158 -2.4599997997283936
v -10.199999809265137 3.2000000476837158 -1.6399999856948853
v -10.199999809265137 3.2000000476837158 -0.8200000524520874
v -10.199999809265137 3.2000000476837158 1.4901161415892261E-09
v -3.4000000953674316 3.2000000476837158 1.4901161415892261E-09
v 3.8146973224684189E-07 3.2000000476837158 1.4901161415892261E-09
v -10.199999809265137 3 1.4901161415892261E-09
v -6.8000001907348633 3 1.4901161415892261E-09
v 3.8146973224684189E-07 3 1.4901161415892261E-09
v -0.85000002384185791 3.2000000476837158 1.4901161415892261E-09
v -1.7000004053115845 3.2000000476837158 1.4901161415892261E-09
v -2.5499997138977051 3.2000000476837158 1.4901161415892261E-09
v -4.25 3.2000000476837158 1.4901161415892261E-09
v -5.0999999046325684 3.2000000476837158 1.4901161415892261E-09
v -5.9499998092651367 3.2000000476837158 1.4901161415892261E-09
v -6.8000001907348633 3.2000000476837158 1.4901161415892261E-09
v -7.6500000953674316 3.2000000476837158 1.4901161415892261E-09
v -8.5 3.2000000476837158 1.4901161415892261E-09
v -9.3500003814697266 3.2000000476837158 1.4901161415892261E-09
v -9.3500003814697266 3 1.4901161415892261E-09
v -8.5 3 1.4901161415892261E-09
v -7.6500000953674316 3 1.4901161415892261E-09
v -5.9499998092651367 3 1.4901161415892261E-09
v -5.0999999046325684 3 1.4901161415892261E-09
v -4.25 3 1.4901161415892261E-09
v -3.4000000953674316 3 1.4901161415892261E-09
v -2.5499997138977051 3 1.4901161415892261E-09
v -1.7000004053115845 3 1.4901161415892261E-09
v -0.85000002384185791 3 1.4901161415892261E-09
v 3.8146973224684189E-07 3.2000000476837158 1.4901161415892261E-09
v 3.8146973224684189E-07 3.2000000476837158 -8.2000007629394531
v 3.8146973224684189E-07 3 1.4901161415892261E-09
v 3.8146973224684189E-07 3 -8.2000007629394531
v 3.8146973224684189E-07 3.2000000476837158 -7.380000114440918
v 3.8146973224684189E-07 3.2000000476837158 -6.559999942779541
v 3.8146973224684189E-07 3.2000000476837158 -5.7399997711181641
v 3.8146973224684189E-07 3.2000000476837158 -4.9200000762939453
v 3.8146973224684189E-07 3.2000000476837158 -4.0999999046325684
v 3.8146973224684189E-07 3.2000000476837158 -3.2799999713897705
v 3.8146973224684189E-07 3.2000000476837158 -2.4599997997283936
v 3.8146973224684189E-07 3.2000000476837158 -1.6399999856948853
v 3.8146973224684189E-07 3.2000000476837158 -0.8200000524520874
v 3.8146973224684189E-07 3 -0.8200000524520874
v 3.8146973224684189E-07 3 -1.6399999856948853
v 3.8146973224684189E-07 3 -2.4599997997283936
v 3.8146973224684189E-07 3 -3.2799999713897705
v 3.8146973224684189E-07 3 -4.0999999046325684
v 3.8146973224684189E-07 3 -4.9200000762939453
v 3.8146973224684189E-07 3 -5.7399997711181641
v 3.8146973224684189E-07 3 -6.559999942779541
v 3.8146973224684189E-07 3 -7.380000114440918
v 3.8146973224684189E-07 3.2000000476837158 -8.2000007629394531
v -10.199999809265137 3.2000000476837158 -8.2000007629394531
v 3.8146973224684189E-07 3 -8.2000007629394531
v -10.199999809265137 3 -8.2000007629394531
v -9.3500003814697266 3.2000000476837158 -8.2000007629394531
v -8.5 3.2000000476837158 -8.2000007629394531
v -7.6500000953674316 3.2000000476837158 -8.2000007629394531
v -6.8000001907348633 3.2000000476837158 -8.2000007629394531
v -5.9499998092651367 3.2000000476837158 -8.2000007629394531
v -5.0999999046325684 3.2000000476837158 -8.2000007629394531
v -4.25 3.2000000476837158 -8.2000007629394531
v -3.4000000953674316 3.2000000476837158 -8.2000007629394531
v -2.5499997138977051 3.2000000476837158 -8.2000007629394531
v -1.7000004053115845 3.2000000476837158 -8.2000007629394531
v -0.85000002384185791 3.2000000476837158 -8.2000007629394531
v -0.85000002384185791 3 -8.2000007629394531
v -1.7000004053115845 3 -8.2000007629394531
v -2.5499997138977051 3 -8.2000007629394531
v -3.4000000953674316 3 -8.2000007629394531
v -4.25 3 -8.2000007629394531
v -5.0999999046325684 3 -8.2000007629394531
v -5.9499998092651367 3 -8.2000007629394531
v -6.8000001907348633 3 -8.2000007629394531
v -7.6500000953674316 3 -8.2000007629394531
v -8.5 3 -8.2000007629394531
v -9.3500003814697266 3 -8.2000007629394531
v -10.199999809265137 3.2000000476837158 -8.2000007629394531
v -10.199999809265137 3.2000000476837158 1.4901161415892261E-09
v -10.199999809265137 3 -8.2000007629394531
v -10.199999809265137 3 1.4901161415892261E-09
v -10.199999809265137 3.2000000476837158 -0.8200000524520874
v -10.199999809265137 3.2000000476837158 -1.6399999856948853
v -10.199999809265137 3.2000000476837158 -2.4599997997283936
v -10.199999809265137 3.2000000476837158 -3.2799999713897705
v -10.199999809265137 3.2000000476837158 -4.0999999046325684
v -10.199999809265137 3.2000000476837158 -4.9200000762939453
v -10.199999809265137 3.2000000476837158 -5.7399997711181641
v -10.199999809265137 3.2000000476837158 -6.559999942779541
v -10.199999809265137 3.2000000476837158 -7.380000114440918
v -10.199999809265137 3 -7.380000114440918
v -10.199999809265137 3 -6.559999942779541
v -10.199999809265137 3 -5.7399997711181641
v -10.199999809265137 3 -4.9200000762939453
v -10.199999809265137 3 -4.0999999046325684
v -10.199999809265137 3 -3.2799999713897705
v -10.199999809265137 3 -2.4599997997283936
v -10.199999809265137 3 -1.6399999856948853
v -10.199999809265137 3 -0.8200000524520874
v -10.199999809265137 3 1.4901161415892261E-09
v -10.199999809265137 3 -8.2000007629394531
v 3.8146973224684189E-07 3 1.4901161415892261E-09
v 3.8146973224684189E-07 3 -8.2000007629394531
v -9.3500003814697266 3 1.4901161415892261E-09
v -8.5 3 1.4901161415892261E-09
v -7.6500000953674316 3 1.4901161415892261E-09
v -6.8000001907348633 3 1.4901161415892261E-09
v -5.9499998092651367 3 1.4901161415892261E-09
v -5.0999999046325684 3 1.4901161415892261E-09
v -4.25 3 1.4901161415892261E-09
v -3.4000000953674316 3 1.4901161415892261E-09
v -2.5499997138977051 3 1.4901161415892261E-09
v -1.7000004053115845 3 1.4901161415892261E-09
v -0.85000002384185791 3 1.4901161415892261E-09
v -5.0999999046325684 3 -4.0999999046325684
v -5.0999999046325684 3 -2.0499999523162842
v -7.6500000953674316 3 -4.0999999046325684
v -7.6500000953674316 3 -2.0499999523162842
v -2.5499997138977051 3 -4.0999999046325684
v -2.5499997138977051 3 -2.0499999523162842
v 3.8146973224684189E-07 3 -0.8200000524520874
v 3.8146973224684189E-07 3 -1.6399999856948853
v 3.8146973224684189E-07 3 -2.4599997997283936
v 3.8146973224684189E-07 3 -3.2799999713897705
v 3.8146973224684189E-07 3 -4.0999999046325684
v 3.8146973224684189E-07 3 -4.9200000762939453
v 3.8146973224684189E-07 3 -5.7399997711181641
v 3.8146973224684189E-07 3 -6.559999942779541
v 3.8146973224684189E-07 3 -7.380000114440918
v -5.0999999046325684 3 -6.1500000953674316
v -2.5499997138977051 3 -6.1500000953674316
v -0.85000002384185791 3 -8.2000007629394531
v -1.7000004053115845 3 -8.2000007629394531
v -2.5499997138977051 3 -8.2000007629394531
v -3.4000000953674316 3 -8.2000007629394531
v -4.25 3 -8.2000007629394531
v -5.0999999046325684 3 -8.2000007629394531
v -5.9499998092651367 3 -8.2000007629394531
v -6.8000001907348633 3 -8.2000007629394531
v -7.6500000953674316 3 -8.2000007629394531
v -8.5 3 -8.2000007629394531
v -9.3500003814697266 3 -8.2000007629394531
v -7.6500000953674316 3 -6.1500000953674316
v -10.199999809265137 3 -7.380000114440918
v -10.199999809265137 3 -6.559999942779541
v -10.199999809265137 3 -5.7399997711181641
v -10.199999809265137 3 -4.9200000762939453
v -10.199999809265137 3 -4.0999999046325684
v -10.199999809265137 3 -3.2799999713897705
v -10.199999809265137 3 -2.4599997997283936
v -10.199999809265137 3 -1.6399999856948853
v -10.199999809265137 3 -0.8200000524520874
vt 0.048780485987663269 0.5
vt 0.048780485987663269 0.99853515625
vt 0.66926687955856323 0.5
vt 0.66926687955856323 0.99853515625
vt 0.10048768669366837 0.5
vt 0.15219488739967346 0.5
vt 0.20390208065509796 0.5
vt 0.25560927391052246 0.5
vt 0.30731648206710815 0.5
vt 0.35902369022369385 0.5
vt 0.41073086857795715 0.5
vt 0.46243807673454285 0.5
vt 0.51414525508880615 0.5
vt 0.56585246324539185 0.5
vt 0.61755967140197754 0.5
vt 0.35902369022369385 0.749267578125
vt 0.35902369022369385 0.6246337890625
vt 0.20390208065509796 0.749267578125
vt 0.20390208065509796 0.6246337890625
vt 0.51414525508880615 0.749267578125
vt 0.51414525508880615 0.6246337890625
vt 0.66926687955856323 0.54985350370407104
vt 0.66926687955856323 0.59970700740814209
vt 0.66926687955856323 0.64956057071685791
vt 0.66926687955856323 0.69941407442092896
vt 0.66926687955856323 0.749267578125
vt 0.66926687955856323 0.79912108182907104
vt 0.66926687955856323 0.84897458553314209
vt 0.66926687955856323 0.89882814884185791
vt 0.66926687955856323 0.94868165254592896
vt 0.35902369022369385 0.8739013671875
vt 0.51414525508880615 0.8739013671875
vt 0.61755967140197754 0.99853515625
vt 0.56585246324539185 0.99853515625
vt 0.51414525508880615 0.99853515625
vt 0.46243807673454285 0.99853515625
vt 0.41073086857795715 0.99853515625
vt 0.35902369022369385 0.99853515625
vt 0.30731648206710815 0.99853515625
vt 0.25560927391052246 0.99853515625
vt 0.20390208065509796 0.99853515625
vt 0.15219488739967346 0.99853515625
vt 0.10048768669366837 0.99853515625
vt 0.20390208065509796 0.8739013671875
vt 0.048780485987663269 0.94868165254592896
vt 0.048780485987663269 0.89882814884185791
vt 0.048780485987663269 0.84897458553314209
vt 0.048780485987663269 0.79912108182907104
vt 0.048780485987663269 0.749267578125
vt 0.048780485987663269 0.69941407442092896
vt 0.048780485987663269 0.64956057071685791
vt 0.048780485987663269 0.59970700740814209
vt 0.048780485987663269 0.54985350370407104
vt 0.036585364490747452 0
vt 0.036585364490747452 0.41463416814804077
vt 0.036585364490747452 0.62195122241973877
vt 0.047315642237663269 0
vt 0.047315642237663269 0.20731708407402039
vt 0.047315642237663269 0.62195122241973877
vt 0.036585364490747452 0.57012194395065308
vt 0.036585364490747452 0.51829266548156738
vt 0.036585364490747452 0.46646341681480408
vt 0.036585364490747452 0.36280485987663269
vt 0.036585364490747452 0.31097561120986938
vt 0.036585364490747452 0.25914633274078369
vt 0.036585364490747452 0.20731708407402039
vt 0.036585364490747452 0.15548780560493469
vt 0.036585364490747452 0.10365854203701019
vt 0.036585364490747452 0.051829271018505096
vt 0.047315642237663269 0.051829271018505096
vt 0.047315642237663269 0.10365854203701019
vt 0.047315642237663269 0.15548780560493469
vt 0.047315642237663269 0.25914633274078369
vt 0.047315642237663269 0.31097561120986938
vt 0.047315642237663269 0.36280485987663269
vt 0.047315642237663269 0.41463416814804077
vt 0.047315642237663269 0.46646341681480408
vt 0.047315642237663269 0.51829266548156738
vt 0.047315642237663269 0.57012194395065308
vt 0.012195121496915817 0
vt 0.012195121496915817 0.5
vt 0.022925399243831635 0
vt 0.022925399243831635 0.5
vt 0.012195121496915817 0.44999998807907104
vt 0.012195121496915817 0.40000000596046448
vt 0.012195121496915817 0.34999999403953552
vt 0.012195121496915817 0.30000001192092896
vt 0.012195121496915817 0.25
vt 0.012195121496915817 0.20000000298023224
vt 0.012195121496915817 0.15000000596046448
vt 0.012195121496915817 0.10000000149011612
vt 0.012195121496915817 0.05000000074505806
vt 0.022925399243831635 0.05000000074505806
vt 0.022925399243831635 0.10000000149011612
vt 0.022925399243831635 0.15000000596046448
vt 0.022925399243831635 0.20000000298023224
vt 0.022925399243831635 0.25
vt 0.022925399243831635 0.30000001192092896
vt 0.022925399243831635 0.34999999403953552
vt 0.022925399243831635 0.40000000596046448
vt 0.022925399243831635 0.44999998807907104
vt 0.024390242993831635 0
vt 0.024390242993831635 0.62195122241973877
vt 0.035120520740747452 0
vt 0.035120520740747452 0.62195122241973877
vt 0.024390242993831635 0.57012194395065308
vt 0.024390242993831635 0.51829266548156738
vt 0.024390242993831635 0.46646341681480408
vt 0.024390242993831635 0.41463416814804077
vt 0.024390242993831635 0.36280485987663269
vt 0.024390242993831635 0.31097561120986938
vt 0.024390242993831635 0.25914633274078369
vt 0.024390242993831635 0.20731708407402039
vt 0.024390242993831635 0.15548780560493469
vt 0.024390242993831635 0.10365854203701019
vt 0.024390242993831635 0.051829271018505096
vt 0.035120520740747452 0.051829271018505096
vt 0.035120520740747452 0.10365854203701019
vt 0.035120520740747452 0.15548780560493469
vt 0.035120520740747452 0.20731708407402039
vt 0.035120520740747452 0.25914633274078369
vt 0.035120520740747452 0.31097561120986938
vt 0.035120520740747452 0.36280485987663269
vt 0.035120520740747452 0.41463416814804077
vt 0.035120520740747452 0.46646341681480408
vt 0.035120520740747452 0.51829266548156738
vt 0.035120520740747452 0.57012194395065308
vt 0 0
vt 0 0.5
vt 0.010730277746915817 0
vt 0.010730277746915817 0.5
vt 0 0.44999998807907104
vt 0 0.40000000596046448
vt 0 0.34999999403953552
vt 0 0.30000001192092896
vt 0 0.25
vt 0 0.20000000298023224
vt 0 0.15000000596046448
vt 0 0.10000000149011612
vt 0 0.05000000074505806
vt 0.010730277746915817 0.05000000074505806
vt 0.010730277746915817 0.10000000149011612
vt 0.010730277746915817 0.15000000596046448
vt 0.010730277746915817 0.20000000298023224
vt 0.010730277746915817 0.25
vt 0.010730277746915817 0.30000001192092896
vt 0.010730277746915817 0.34999999403953552
vt 0.010730277746915817 0.40000000596046448
vt 0.010730277746915817 0.44999998807907104
vt 0.048780485987663269 0
vt 0.048780485987663269 0.49853515625
vt 0.66926687955856323 0
vt 0.66926687955856323 0.49853515625
vt 0.10048768669366837 0
vt 0.15219488739967346 0
vt 0.20390208065509796 0
vt 0.25560927391052246 0
vt 0.30731648206710815 0
vt 0.35902369022369385 0
vt 0.41073086857795715 0
vt 0.46243807673454285 0
vt 0.51414525508880615 0
vt 0.56585246324539185 0
vt 0.61755967140197754 0
vt 0.35902369022369385 0.249267578125
vt 0.35902369022369385 0.1246337890625
vt 0.20390208065509796 0.249267578125
vt 0.20390208065509796 0.1246337890625
vt 0.51414525508880615 0.249267578125
vt 0.51414525508880615 0.1246337890625
vt 0.66926687955856323 0.04985351487994194
vt 0.66926687955856323 0.099707029759883881
vt 0.66926687955856323 0.14956055581569672
vt 0.66926687955856323 0.19941405951976776
vt 0.66926687955856323 0.249267578125
vt 0.66926687955856323 0.29912111163139343
vt 0.66926687955856323 0.34897461533546448
vt 0.66926687955856323 0.39882811903953552
vt 0.66926687955856323 0.44868162274360657
vt 0.35902369022369385 0.3739013671875
vt 0.51414525508880615 0.3739013671875
vt 0.61755967140197754 0.49853515625
vt 0.56585246324539185 0.49853515625
vt 0.51414525508880615 0.49853515625
vt 0.46243807673454285 0.49853515625
vt 0.41073086857795715 0.49853515625
vt 0.35902369022369385 0.49853515625
vt 0.30731648206710815 0.49853515625
vt 0.25560927391052246 0.49853515625
vt 0.20390208065509796 0.49853515625
vt 0.15219488739967346 0.49853515625
vt 0.10048768669366837 0.49853515625
vt 0.20390208065509796 0.3739013671875
vt 0.048780485987663269 0.44868162274360657
vt 0.048780485987663269 0.39882811903953552
vt 0.048780485987663269 0.34897461533546448
vt 0.048780485987663269 0.29912111163139343
vt 0.048780485987663269 0.249267578125
vt 0.048780485987663269 0.19941405951976776
vt 0.048780485987663269 0.14956055581569672
vt 0.048780485987663269 0.099707029759883881
vt 0.048780485987663269 0.04985351487994194
vn 0 1 0
vn 0 1 0
vn 0 1 0
vn 0 1 0
vn 0 1 0
vn 0 1 0
vn 0 1 0
vn 0 1 0
vn 0 1 0
vn 0 1 0
vn 0 1 0
vn 0 1 0
vn 0 1 0
vn 0 1 0
vn 0 1 0
vn 0 1 0
vn 0 1 0
vn 0 1 0
vn 0 1 0
vn 0 1 0
vn 0 1 0
vn 0 1 0
vn 0 1 0
vn 0 1 0
vn 0 1 0
vn 0 1 0
vn 0 1 0
vn 0 1 0
vn 0 1 0
vn 0 1 0
vn 0 1 0
vn 0 1 0
vn 0 1 0
vn 0 1 0
vn 0 1 0
vn 0 1 0
vn 0 1 0
vn 0 1 0
vn 0 1 0
vn 0 1 0
vn 0 1 0
vn 0 1 0
vn 0 1 0
vn 0 1 0
vn 0 1 0
vn 0 1 0
vn 0 1 0
vn 0 1 0
vn 0 1 0
vn 0 1 0
vn 0 1 0
vn 0 1 0
vn 0 1 0
vn 0 0 1
vn 0 0 1
vn 0 0 1
vn 0 0 1
vn 0 0 1
vn 0 0 1
vn 0 0 1
vn 0 0 1
vn 0 0 1
vn 0 0 1
vn 0 0 1
vn 0 0 1
vn 0 0 1
vn 0 0 1
vn 0 0 1
vn 0 0 1
vn 0 0 1
vn 0 0 1
vn 0 0 1
vn 0 0 1
vn 0 0 1
vn 0 0 1
vn 0 0 1
vn 0 0 1
vn 0 0 1
vn 0 0 1
vn 1 0 0
vn 1 0 0
vn 1 0 0
vn 1 0 0
vn 1 0 0
vn 1 0 0
vn 1 0 0
vn 1 0 0
vn 1 0 0
vn 1 0 0
vn 1 0 0
vn 1 0 0
vn 1 0 0
vn 1 0 0
vn 1 0 0
vn 1 0 0
vn 1 0 0
vn 1 0 0
vn 1 0 0
vn 1 0 0
vn 1 0 0
vn 1 0 0
vn 0 0 -1
vn 0 0 -1
vn 0 0 -1
vn 0 0 -1
vn 0 0 -1
vn 0 0 -1
vn 0 0 -1
vn 0 0 -1
vn 0 0 -1
vn 0 0 -1
vn 0 0 -1
vn 0 0 -1
vn 0 0 -1
vn 0 0 -1
vn 0 0 -1
vn 0 0 -1
vn 0 0 -1
vn 0 0 -1
vn 0 0 -1
vn 0 0 -1
vn 0 0 -1
vn 0 0 -1
vn 0 0 -1
vn 0 0 -1
vn 0 0 -1
vn 0 0 -1
vn -1 0 0
vn -1 0 0
vn -1 0 0
vn -1 0 0
vn -1 0 0
vn -1 0 0
vn -1 0 0
vn -1 0 0
vn -1 0 0
vn -1 0 0
vn -1 0 0
vn -1 0 0
vn -1 0 0
vn -1 0 0
vn -1 0 0
vn -1 0 0
vn -1 0 0
vn -1 0 0
vn -1 0 0
vn -1 0 0
vn -1 0 0
vn -1 0 0
vn 0 -1 0
vn 0 -1 0
vn 0 -1 0
vn 0 -1 0
vn 0 -1 0
vn 0 -1 0
vn 0 -1 0
vn 0 -1 0
vn 0 -1 0
vn 0 -1 0
vn 0 -1 0
vn 0 -1 0
vn 0 -1 0
vn 0 -1 0
vn 0 -1 0
vn 0 -1 0
vn 0 -1 0
vn 0 -1 0
vn 0 -1 0
vn 0 -1 0
vn 0 -1 0
vn 0 -1 0
vn 0 -1 0
vn 0 -1 0
vn 0 -1 0
vn 0 -1 0
vn 0 -1 0
vn 0 -1 0
vn 0 -1 0
vn 0 -1 0
vn 0 -1 0
vn 0 -1 0
vn 0 -1 0
vn 0 -1 0
vn 0 -1 0
vn 0 -1 0
vn 0 -1 0
vn 0 -1 0
vn 0 -1 0
vn 0 -1 0
vn 0 -1 0
vn 0 -1 0
vn 0 -1 0
vn 0 -1 0
vn 0 -1 0
vn 0 -1 0
vn 0 -1 0
vn 0 -1 0
vn 0 -1 0
vn 0 -1 0
vn 0 -1 0
vn 0 -1 0
vn 0 -1 0
f 234/234/234 233/233/233 218/218/218 222/222/222
f 233/233/233 246/246/246 220/220/220 218/218/218
f 218/218/218 220/220/220 221/221/221 219/219/219
f 222/222/222 218/218/218 219/219/219 223/223/223
f 207/207/207 255/255/255 203/203/203
f 221/221/221 254/254/254 255/255/255
f 221/221/221 252/252/252 253/253/253
f 252/252/252 220/220/220 251/251/251
f 253/253/253 254/254/254 221/221/221
f 255/255/255 208/208/208 221/221/221
f 221/221/221 208/208/208 209/209/209
f 211/211/211 221/221/221 210/210/210
f 209/209/209 210/210/210 221/221/221
f 219/219/219 221/221/221 211/211/211
f 207/207/207 208/208/208 255/255/255
f 221/221/221 220/220/220 252/252/252
f 249/249/249 246/246/246 248/248/248
f 248/248/248 246/246/246 247/247/247
f 204/204/204 247/247/247 245/245/245
f 247/247/247 244/244/244 245/245/245
f 246/246/246 249/249/249 250/250/250
f 244/244/244 247/247/247 246/246/246
f 220/220/220 246/246/246 250/250/250
f 246/246/246 233/233/233 241/241/241 242/242/242
f 243/243/243 244/244/244 246/246/246
f 246/246/246 242/242/242 243/243/243
f 241/241/241 233/233/233 240/240/240
f 220/220/220 250/250/250 251/251/251
f 211/211/211 212/212/212 219/219/219
f 219/219/219 213/213/213 214/214/214
f 223/223/223 214/214/214 215/215/215
f 219/219/219 214/214/214 223/223/223
f 216/216/216 223/223/223 215/215/215
f 224/224/224 223/223/223 216/216/216
f 212/212/212 213/213/213 219/219/219
f 224/224/224 217/217/217 205/205/205
f 223/223/223 224/224/224 225/225/225
f 225/225/225 226/226/226 223/223/223
f 222/222/222 223/223/223 226/226/226 227/227/227
f 217/217/217 224/224/224 216/216/216
f 227/227/227 228/228/228 222/222/222
f 234/234/234 222/222/222 229/229/229 230/230/230
f 233/233/233 234/234/234 238/238/238 239/239/239
f 234/234/234 237/237/237 238/238/238
f 237/237/237 234/234/234 236/236/236
f 240/240/240 233/233/233 239/239/239
f 230/230/230 231/231/231 234/234/234
f 231/231/231 232/232/232 234/234/234
f 232/232/232 235/235/235 236/236/236
f 235/235/235 232/232/232 206/206/206
f 236/236/236 234/234/234 232/232/232
f 229/229/229 222/222/222 228/228/228
f 271/271/271 256/256/256 259/259/259 272/272/272
f 270/270/270 271/271/271 272/272/272 273/273/273
f 268/268/268 269/269/269 274/274/274 260/260/260
f 267/267/267 268/268/268 260/260/260 275/275/275
f 269/269/269 270/270/270 273/273/273 274/274/274
f 265/265/265 266/266/266 276/276/276 277/277/277
f 257/257/257 265/265/265 277/277/277 278/278/278
f 263/263/263 264/264/264 279/279/279 280/280/280
f 258/258/258 262/262/262 281/281/281 261/261/261
f 262/262/262 263/263/263 280/280/280 281/281/281
f 264/264/264 257/257/257 278/278/278 279/279/279
f 266/266/266 267/267/267 275/275/275 276/276/276
f 294/294/294 282/282/282 284/284/284 295/295/295
f 292/292/292 293/293/293 296/296/296 297/297/297
f 291/291/291 292/292/292 297/297/297 298/298/298
f 293/293/293 294/294/294 295/295/295 296/296/296
f 289/289/289 290/290/290 299/299/299 300/300/300
f 288/288/288 289/289/289 300/300/300 301/301/301
f 286/286/286 287/287/287 302/302/302 303/303/303
f 283/283/283 286/286/286 303/303/303 285/285/285
f 287/287/287 288/288/288 301/301/301 302/302/302
f 290/290/290 291/291/291 298/298/298 299/299/299
f 318/318/318 304/304/304 306/306/306 319/319/319
f 317/317/317 318/318/318 319/319/319 320/320/320
f 315/315/315 316/316/316 321/321/321 322/322/322
f 314/314/314 315/315/315 322/322/322 323/323/323
f 316/316/316 317/317/317 320/320/320 321/321/321
f 312/312/312 313/313/313 324/324/324 325/325/325
f 311/311/311 312/312/312 325/325/325 326/326/326
f 309/309/309 310/310/310 327/327/327 328/328/328
f 305/305/305 308/308/308 329/329/329 307/307/307
f 308/308/308 309/309/309 328/328/328 329/329/329
f 310/310/310 311/311/311 326/326/326 327/327/327
f 313/313/313 314/314/314 323/323/323 324/324/324
f 342/342/342 330/330/330 332/332/332 343/343/343
f 340/340/340 341/341/341 344/344/344 345/345/345
f 339/339/339 340/340/340 345/345/345 346/346/346
f 341/341/341 342/342/342 343/343/343 344/344/344
f 337/337/337 338/338/338 347/347/347 348/348/348
f 336/336/336 337/337/337 348/348/348 349/349/349
f 334/334/334 335/335/335 350/350/350 351/351/351
f 331/331/331 334/334/334 351/351/351 333/333/333
f 335/335/335 336/336/336 349/349/349 350/350/350
f 338/338/338 339/339/339 346/346/346 347/347/347
f 383/383/383 371/371/371 367/367/367 382/382/382
f 382/382/382 367/367/367 369/369/369 395/395/395
f 367/367/367 368/368/368 370/370/370 369/369/369
f 371/371/371 372/372/372 368/368/368 367/367/367
f 356/356/356 352/352/352 404/404/404
f 370/370/370 404/404/404 403/403/403
f 370/370/370 402/402/402 401/401/401
f 401/401/401 400/400/400 369/369/369
f 402/402/402 370/370/370 403/403/403
f 404/404/404 370/370/370 357/357/357
f 370/370/370 358/358/358 357/357/357
f 360/360/360 359/359/359 370/370/370
f 358/358/358 370/370/370 359/359/359
f 368/368/368 360/360/360 370/370/370
f 356/356/356 404/404/404 357/357/357
f 370/370/370 401/401/401 369/369/369
f 398/398/398 397/397/397 395/395/395
f 397/397/397 396/396/396 395/395/395
f 353/353/353 394/394/394 396/396/396
f 396/396/396 394/394/394 393/393/393
f 395/395/395 399/399/399 398/398/398
f 393/393/393 395/395/395 396/396/396
f 369/369/369 399/399/399 395/395/395
f 395/395/395 391/391/391 390/390/390 382/382/382
f 392/392/392 395/395/395 393/393/393
f 395/395/395 392/392/392 391/391/391
f 390/390/390 389/389/389 382/382/382
f 369/369/369 400/400/400 399/399/399
f 360/360/360 368/368/368 361/361/361
f 368/368/368 363/363/363 362/362/362
f 372/372/372 364/364/364 363/363/363
f 368/368/368 372/372/372 363/363/363
f 365/365/365 364/364/364 372/372/372
f 373/373/373 365/365/365 372/372/372
f 361/361/361 368/368/368 362/362/362
f 373/373/373 354/354/354 366/366/366
f 372/372/372 374/374/374 373/373/373
f 374/374/374 372/372/372 375/375/375
f 371/371/371 376/376/376 375/375/375 372/372/372
f 366/366/366 365/365/365 373/373/373
f 376/376/376 371/371/371 377/377/377
f 383/383/383 379/379/379 378/378/378 371/371/371
f 382/382/382 388/388/388 387/387/387 383/383/383
f 383/383/383 387/387/387 386/386/386
f 386/386/386 385/385/385 383/383/383
f 389/389/389 388/388/388 382/382/382
f 379/379/379 383/383/383 380/380/380
f 380/380/380 383/383/383 381/381/381
f 381/381/381 385/385/385 384/384/384
f 384/384/384 355/355/355 381/381/381
f 385/385/385 381/381/381 383/383/383
f 378/378/378 377/377/377 371/371/371
v -10.199999809265137 0.20000000298023224 1.4901161415892261E-09
v -10.199999809265137 0.20000000298023224 -8.2000007629394531
v 3.8146973224684189E-07 0.20000000298023224 1.4901161415892261E-09
v 3.8146973224684189E-07 0.20000000298023224 -8.2000007629394531
v -9.6333332061767578 0.20000000298023224 1.4901161415892261E-09
v -9.0666666030883789 0.20000000298023224 1.4901161415892261E-09
v -8.5 0.20000000298023224 1.4901161415892261E-09
v -7.9333333969116211 0.20000000298023224 1.4901161415892261E-09
v -7.3666667938232422 0.20000000298023224 1.4901161415892261E-09
v -6.8000001907348633 0.20000000298023224 1.4901161415892261E-09
v -6.2333335876464844 0.20000000298023224 1.4901161415892261E-09
v -5.6666665077209473 0.20000000298023224 1.4901161415892261E-09
v -5.0999999046325684 0.20000000298023224 1.4901161415892261E-09
v -4.5333333015441895 0.20000000298023224 1.4901161415892261E-09
v -3.9666666984558105 0.20000000298023224 1.4901161415892261E-09
v -3.4000000953674316 0.20000000298023224 1.4901161415892261E-09
v -2.8333330154418945 0.20000000298023224 1.4901161415892261E-09
v -2.2666664123535156 0.20000000298023224 1.4901161415892261E-09
v -1.7000004053115845 0.20000000298023224 1.4901161415892261E-09
v -1.1333338022232056 0.20000000298023224 1.4901161415892261E-09
v -0.56666624546051025 0.20000000298023224 1.4901161415892261E-09
v -5.8817205429077148 0.20000000298023224 -4.3187618255615234
v -6.6174211502075195 0.20000000298023224 -4.3187618255615234
v -7.353121280670166 0.20000000298023224 -4.3187618255615234
v -10 0.20000000298023224 -4.1187620162963867
v -9.1265602111816406 0.20000000298023224 -4.1187620162963867
v -8.2531213760375977 0.20000000298023224 -4.1187620162963867
v -0.20000037550926208 0.20000000298023224 -3.4110724925994873
v -1.113620400428772 0.20000000298023224 -3.4110724925994873
v -2.0272402763366699 0.20000000298023224 -3.4110724925994873
v -2.9408602714538574 0.20000000298023224 -3.4110724925994873
v -3.8544802665710449 0.20000000298023224 -3.4110724925994873
v -4.7681002616882324 0.20000000298023224 -3.4110724925994873
v -5.6817207336425781 0.20000000298023224 -3.4110724925994873
v -0.20000037550926208 0.20000000298023224 -3.2110724449157715
v -0.20000037550926208 0.20000000298023224 -2.9099652767181396
v -0.20000037550926208 0.20000000298023224 -2.6088578701019287
v -0.20000037550926208 0.20000000298023224 -2.3077507019042969
v -0.20000037550926208 0.20000000298023224 -2.006643533706665
v -0.20000037550926208 0.20000000298023224 -1.7055362462997437
v -0.20000037550926208 0.20000000298023224 -1.4044290781021118
v -0.20000037550926208 0.20000000298023224 -1.1033217906951904
v -0.20000037550926208 0.20000000298023224 -0.80221456289291382
v -0.20000037550926208 0.20000000298023224 -0.50110727548599243
v -0.20000037550926208 0.20000000298023224 -0.20000000298023224
v -10.199999809265137 0.20000000298023224 -7.1749997138977051
v -10.199999809265137 0.20000000298023224 -6.1500000953674316
v -10.199999809265137 0.20000000298023224 -5.125
v -10.199999809265137 0.20000000298023224 -4.0999999046325684
v -10.199999809265137 0.20000000298023224 -3.0749998092651367
v -10.199999809265137 0.20000000298023224 -2.0499999523162842
v -10.199999809265137 0.20000000298023224 -1.0249999761581421
v -0.56666624546051025 0.20000000298023224 -8.2000007629394531
v -1.1333338022232056 0.20000000298023224 -8.2000007629394531
v -1.7000004053115845 0.20000000298023224 -8.2000007629394531
v -2.2666664123535156 0.20000000298023224 -8.2000007629394531
v -2.8333330154418945 0.20000000298023224 -8.2000007629394531
v -3.4000000953674316 0.20000000298023224 -8.2000007629394531
v -3.9666666984558105 0.20000000298023224 -8.2000007629394531
v -4.5333333015441895 0.20000000298023224 -8.2000007629394531
v -5.0999999046325684 0.20000000298023224 -8.2000007629394531
v -5.6666665077209473 0.20000000298023224 -8.2000007629394531
v -6.2333335876464844 0.20000000298023224 -8.2000007629394531
v -6.8000001907348633 0.20000000298023224 -8.2000007629394531
v -7.3666667938232422 0.20000000298023224 -8.2000007629394531
v -7.9333333969116211 0.20000000298023224 -8.2000007629394531
v -8.5 0.20000000298023224 -8.2000007629394531
v -9.0666666030883789 0.20000000298023224 -8.2000007629394531
v -9.6333332061767578 0.20000000298023224 -8.2000007629394531
v 3.8146973224684189E-07 0.20000000298023224 -0.45555555820465088
v 3.8146973224684189E-07 0.20000000298023224 -0.91111111640930176
v 3.8146973224684189E-07 0.20000000298023224 -1.3666666746139526
v 3.8146973224684189E-07 0.20000000298023224 -1.8222222328186035
v 3.8146973224684189E-07 0.20000000298023224 -2.2777776718139648
v 3.8146973224684189E-07 0.20000000298023224 -2.7333333492279053
v 3.8146973224684189E-07 0.20000000298023224 -3.1888887882232666
v 3.8146973224684189E-07 0.20000000298023224 -3.644444465637207
v 3.8146973224684189E-07 0.20000000298023224 -4.0999999046325684
v 3.8146973224684189E-07 0.20000000298023224 -4.5555553436279297
v 3.8146973224684189E-07 0.20000000298023224 -5.011110782623291
v 3.8146973224684189E-07 0.20000000298023224 -5.4666666984558105
v 3.8146973224684189E-07 0.20000000298023224 -5.9222221374511719
v 3.8146973224684189E-07 0.20000000298023224 -6.3777775764465332
v 3.8146973224684189E-07 0.20000000298023224 -6.8333330154418945
v 3.8146973224684189E-07 0.20000000298023224 -7.2888889312744141
v 3.8146973224684189E-07 0.20000000298023224 -7.7444443702697754
v -5.8817205429077148 0.20000000298023224 -8
v -5.8817205429077148 0.20000000298023224 -7.0692305564880371
v -10 0.20000000298023224 -8
v -9.5881719589233398 0.20000000298023224 -8
v -9.1763439178466797 0.20000000298023224 -8
v -8.7645158767700195 0.20000000298023224 -8
v -8.3526878356933594 0.20000000298023224 -8
v -7.9408602714538574 0.20000000298023224 -8
v -7.5290322303771973 0.20000000298023224 -8
v -7.1172046661376953 0.20000000298023224 -8
v -6.7053766250610352 0.20000000298023224 -8
v -6.293548583984375 0.20000000298023224 -8
v -10 0.20000000298023224 -4.3187618255615234
v -10 0.20000000298023224 -5.2390713691711426
v -10 0.20000000298023224 -6.1593809127807617
v -10 0.20000000298023224 -7.0796904563903809
v -10 0.20000000298023224 -0.20000000298023224
v -10 0.20000000298023224 -1.1796904802322388
v -10 0.20000000298023224 -2.1593809127807617
v -10 0.20000000298023224 -3.1390714645385742
v -5.8817205429077148 0.20000000298023224 -0.20000000298023224
v -6.293548583984375 0.20000000298023224 -0.20000000298023224
v -6.7053766250610352 0.20000000298023224 -0.20000000298023224
v -7.1172046661376953 0.20000000298023224 -0.20000000298023224
v -7.5290322303771973 0.20000000298023224 -0.20000000298023224
v -7.9408602714538574 0.20000000298023224 -0.20000000298023224
v -8.3526878356933594 0.20000000298023224 -0.20000000298023224
v -8.7645158767700195 0.20000000298023224 -0.20000000298023224
v -9.1763439178466797 0.20000000298023224 -0.20000000298023224
v -9.5881719589233398 0.20000000298023224 -0.20000000298023224
v -5.8817205429077148 0.20000000298023224 -4.1187620162963867
v -5.8817205429077148 0.20000000298023224 -3.2661383152008057
v -5.8817205429077148 0.20000000298023224 -2.4135148525238037
v -0.20000037550926208 0.20000000298023224 -8
v -0.20000037550926208 0.20000000298023224 -7.541107177734375
v -0.20000037550926208 0.20000000298023224 -7.08221435546875
v -0.20000037550926208 0.20000000298023224 -6.623321533203125
v -0.20000037550926208 0.20000000298023224 -6.1644287109375
v -0.20000037550926208 0.20000000298023224 -5.7055363655090332
v -0.20000037550926208 0.20000000298023224 -5.2466435432434082
v -0.20000037550926208 0.20000000298023224 -4.7877507209777832
v -0.20000037550926208 0.20000000298023224 -4.3288578987121582
v -0.20000037550926208 0.20000000298023224 -3.8699653148651123
v -5.6817207336425781 0.20000000298023224 -8
v -5.1335482597351074 0.20000000298023224 -8
v -4.5853762626647949 0.20000000298023224 -8
v -4.0372042655944824 0.20000000298023224 -8
v -3.4890322685241699 0.20000000298023224 -8
v -2.9408602714538574 0.20000000298023224 -8
v -2.3926882743835449 0.20000000298023224 -8
v -1.844516396522522 0.20000000298023224 -8
v -1.2963443994522095 0.20000000298023224 -8
v -0.74817240238189697 0.20000000298023224 -8
v -5.6817207336425781 0.20000000298023224 -4.3304586410522461
v -5.6817207336425781 0.20000000298023224 -5.2498445510864258
v -5.6817207336425781 0.20000000298023224 -6.1692304611206055
v -5.6817207336425781 0.20000000298023224 -3.2110724449157715
v -4.7681002616882324 0.20000000298023224 -3.2110724449157715
v -3.8544802665710449 0.20000000298023224 -3.2110724449157715
v -2.9408602714538574 0.20000000298023224 -3.2110724449157715
v -2.0272402763366699 0.20000000298023224 -3.2110724449157715
v -1.113620400428772 0.20000000298023224 -3.2110724449157715
v -5.6817207336425781 0.20000000298023224 -0.20000000298023224
v -5.6817207336425781 0.20000000298023224 -0.8567575216293335
v -5.6817207336425781 0.20000000298023224 -1.5135149955749512
v -0.74817240238189697 0.20000000298023224 -0.20000000298023224
v -1.2963443994522095 0.20000000298023224 -0.20000000298023224
v -1.844516396522522 0.20000000298023224 -0.20000000298023224
v -2.3926882743835449 0.20000000298023224 -0.20000000298023224
v -2.9408602714538574 0.20000000298023224 -0.20000000298023224
v -3.4890322685241699 0.20000000298023224 -0.20000000298023224
v -4.0372042655944824 0.20000000298023224 -0.20000000298023224
v -4.5853762626647949 0.20000000298023224 -0.20000000298023224
v -5.1335482597351074 0.20000000298023224 -0.20000000298023224
v -5.8817205429077148 0.20000000298023224 -6.1692304611206055
v -5.6817207336425781 0.20000000298023224 -7.0692305564880371
v -5.8817205429077148 0.20000000298023224 -5.2439961433410645
v -7.353121280670166 0.20000000298023224 -4.1187620162963867
v -8.2531213760375977 0.20000000298023224 -4.3187618255615234
v -9.1265602111816406 0.20000000298023224 -4.3187618255615234
v -6.6174211502075195 0.20000000298023224 -4.1187620162963867
v -5.8817205429077148 0.20000000298023224 -1.5135149955749512
v -5.6817207336425781 0.20000000298023224 -2.4135148525238037
v -5.8817205429077148 0.20000000298023224 -0.8567575216293335
v -10.199999809265137 0.20000000298023224 1.4901161415892261E-09
v 3.8146973224684189E-07 0.20000000298023224 1.4901161415892261E-09
v -7.0615386962890625 0.57499998807907104 1.4901161415892261E-09
v -6.2769231796264648 0.57499998807907104 1.4901161415892261E-09
v -5.4923076629638672 0.57499998807907104 1.4901161415892261E-09
v -4.7076921463012695 0.57499998807907104 1.4901161415892261E-09
v -3.9230766296386719 0.57499998807907104 1.4901161415892261E-09
v -3.1384615898132324 0.57499998807907104 1.4901161415892261E-09
v -7.0615386962890625 0.94999998807907104 1.4901161415892261E-09
v -6.2769231796264648 0.94999998807907104 1.4901161415892261E-09
v -5.4923076629638672 0.94999998807907104 1.4901161415892261E-09
v -4.7076921463012695 0.94999998807907104 1.4901161415892261E-09
v -3.9230766296386719 0.94999998807907104 1.4901161415892261E-09
v -7.0615386962890625 1.3250000476837158 1.4901161415892261E-09
v -6.2769231796264648 1.3250000476837158 1.4901161415892261E-09
v -5.4923076629638672 1.3250000476837158 1.4901161415892261E-09
v -4.7076921463012695 1.3250000476837158 1.4901161415892261E-09
v -3.9230766296386719 1.3250000476837158 1.4901161415892261E-09
v -10.199999809265137 1.7000000476837158 1.4901161415892261E-09
v -7.0615386962890625 1.7000000476837158 1.4901161415892261E-09
v -6.2769231796264648 1.7000000476837158 1.4901161415892261E-09
v -5.4923076629638672 1.7000000476837158 1.4901161415892261E-09
v -4.7076921463012695 1.7000000476837158 1.4901161415892261E-09
v -3.9230766296386719 1.7000000476837158 1.4901161415892261E-09
v -3.1384615898132324 1.7000000476837158 1.4901161415892261E-09
v -7.0615386962890625 2.0750000476837158 1.4901161415892261E-09
v -6.2769231796264648 2.0750000476837158 1.4901161415892261E-09
v -5.4923076629638672 2.0750000476837158 1.4901161415892261E-09
v -4.7076921463012695 2.0750000476837158 1.4901161415892261E-09
v -3.9230766296386719 2.0750000476837158 1.4901161415892261E-09
v -3.1384615898132324 2.0750000476837158 1.4901161415892261E-09
v -7.0615386962890625 2.4500000476837158 1.4901161415892261E-09
v -6.2769231796264648 2.4500000476837158 1.4901161415892261E-09
v -5.4923076629638672 2.4500000476837158 1.4901161415892261E-09
v -4.7076921463012695 2.4500000476837158 1.4901161415892261E-09
v -3.9230766296386719 2.4500000476837158 1.4901161415892261E-09
v -0.784615159034729 2.4500000476837158 1.4901161415892261E-09
v -7.0615386962890625 2.8250000476837158 1.4901161415892261E-09
v -6.2769231796264648 2.8250000476837158 1.4901161415892261E-09
v -5.4923076629638672 2.8250000476837158 1.4901161415892261E-09
v -4.7076921463012695 2.8250000476837158 1.4901161415892261E-09
v -3.9230766296386719 2.8250000476837158 1.4901161415892261E-09
v -3.1384615898132324 2.8250000476837158 1.4901161415892261E-09
v -1.5692306756973267 2.8250000476837158 1.4901161415892261E-09
v -0.784615159034729 2.8250000476837158 1.4901161415892261E-09
v -10.199999809265137 3.2000000476837158 1.4901161415892261E-09
v 3.8146973224684189E-07 3.2000000476837158 1.4901161415892261E-09
v -0.56666624546051025 0.20000000298023224 1.4901161415892261E-09
v -1.1333338022232056 0.20000000298023224 1.4901161415892261E-09
v -1.7000004053115845 0.20000000298023224 1.4901161415892261E-09
v -2.2666664123535156 0.20000000298023224 1.4901161415892261E-09
v -2.8333330154418945 0.20000000298023224 1.4901161415892261E-09
v -3.4000000953674316 0.20000000298023224 1.4901161415892261E-09
v -3.9666666984558105 0.20000000298023224 1.4901161415892261E-09
v -4.5333333015441895 0.20000000298023224 1.4901161415892261E-09
v -5.0999999046325684 0.20000000298023224 1.4901161415892261E-09
v -5.6666665077209473 0.20000000298023224 1.4901161415892261E-09
v -6.2333335876464844 0.20000000298023224 1.4901161415892261E-09
v -6.8000001907348633 0.20000000298023224 1.4901161415892261E-09
v -7.3666667938232422 0.20000000298023224 1.4901161415892261E-09
v -7.9333333969116211 0.20000000298023224 1.4901161415892261E-09
v -8.5 0.20000000298023224 1.4901161415892261E-09
v -9.0666666030883789 0.20000000298023224 1.4901161415892261E-09
v -9.6333332061767578 0.20000000298023224 1.4901161415892261E-09
v -10.199999809265137 0.69999998807907104 1.4901161415892261E-09
v -10.199999809265137 1.2000000476837158 1.4901161415892261E-09
v -10.199999809265137 2.2000000476837158 1.4901161415892261E-09
v -10.199999809265137 2.7000000476837158 1.4901161415892261E-09
v -9.6333332061767578 3.2000000476837158 1.4901161415892261E-09
v -9.0666666030883789 3.2000000476837158 1.4901161415892261E-09
v -8.5 3.2000000476837158 1.4901161415892261E-09
v -7.9333333969116211 3.2000000476837158 1.4901161415892261E-09
v -7.3666667938232422 3.2000000476837158 1.4901161415892261E-09
v -6.8000001907348633 3.2000000476837158 1.4901161415892261E-09
v -6.2333335876464844 3.2000000476837158 1.4901161415892261E-09
v -5.6666665077209473 3.2000000476837158 1.4901161415892261E-09
v -5.0999999046325684 3.2000000476837158 1.4901161415892261E-09
v -4.5333333015441895 3.2000000476837158 1.4901161415892261E-09
v -3.9666666984558105 3.2000000476837158 1.4901161415892261E-09
v -3.4000000953674316 3.2000000476837158 1.4901161415892261E-09
v -2.8333330154418945 3.2000000476837158 1.4901161415892261E-09
v -2.2666664123535156 3.2000000476837158 1.4901161415892261E-09
v -1.7000004053115845 3.2000000476837158 1.4901161415892261E-09
v -1.1333338022232056 3.2000000476837158 1.4901161415892261E-09
v -0.56666624546051025 3.2000000476837158 1.4901161415892261E-09
v 3.8146973224684189E-07 2.7714285850524902 1.4901161415892261E-09
v 3.8146973224684189E-07 2.3428571224212646 1.4901161415892261E-09
v 3.8146973224684189E-07 1.9142857789993286 1.4901161415892261E-09
v 3.8146973224684189E-07 1.485714316368103 1.4901161415892261E-09
v 3.8146973224684189E-07 1.0571428537368774 1.4901161415892261E-09
v 3.8146973224684189E-07 0.62857145071029663 1.4901161415892261E-09
v -1.4872881174087524 0.89999997615814209 1.4901161415892261E-09
v -1.4872881174087524 1.4000000953674316 1.4901161415892261E-09
v -1.4872881174087524 1.9000000953674316 1.4901161415892261E-09
v -1.4872881174087524 2.4000000953674316 1.4901161415892261E-09
v -2.9872884750366211 2.4000000953674316 1.4901161415892261E-09
v -2.9872884750366211 1.9000000953674316 1.4901161415892261E-09
v -2.9872884750366211 1.4000000953674316 1.4901161415892261E-09
v -2.9872884750366211 0.89999997615814209 1.4901161415892261E-09
v -2.4872884750366211 0.89999997615814209 1.4901161415892261E-09
v -1.9872881174087524 0.89999997615814209 1.4901161415892261E-09
v -1.9872881174087524 2.4000000953674316 1.4901161415892261E-09
v -2.4872884750366211 2.4000000953674316 1.4901161415892261E-09
v -7.4637293815612793 0.89999997615814209 1.4901161415892261E-09
v -7.4637293815612793 1.4000000953674316 1.4901161415892261E-09
v -7.4637293815612793 1.9000000953674316 1.4901161415892261E-09
v -7.4637293815612793 2.4000000953674316 1.4901161415892261E-09
v -8.9637298583984375 2.4000000953674316 1.4901161415892261E-09
v -8.9637298583984375 1.9000000953674316 1.4901161415892261E-09
v -8.9637298583984375 1.4000000953674316 1.4901161415892261E-09
v -8.9637298583984375 0.89999997615814209 1.4901161415892261E-09
v -8.4637298583984375 0.89999997615814209 1.4901161415892261E-09
v -7.9637293815612793 0.89999997615814209 1.4901161415892261E-09
v -7.9637293815612793 2.4000000953674316 1.4901161415892261E-09
v -8.4637298583984375 2.4000000953674316 1.4901161415892261E-09
v -9.4153842926025391 0.57499998807907104 1.4901161415892261E-09
v -7.846153736114502 0.57499998807907104 1.4901161415892261E-09
v -9.4153842926025391 1.3250000476837158 1.4901161415892261E-09
v -9.4153842926025391 1.7000000476837158 1.4901161415892261E-09
v -9.4153842926025391 2.0750000476837158 1.4901161415892261E-09
v -1.5692306756973267 0.57499998807907104 1.4901161415892261E-09
v -0.784615159034729 0.57499998807907104 1.4901161415892261E-09
v -0.784615159034729 1.3250000476837158 1.4901161415892261E-09
v -0.784615159034729 1.7000000476837158 1.4901161415892261E-09
v -9.4153842926025391 2.4500000476837158 1.4901161415892261E-09
v -9.4153842926025391 2.8250000476837158 1.4901161415892261E-09
v -7.846153736114502 2.8250000476837158 1.4901161415892261E-09
v -7.846153736114502 2.4500000476837158 1.4901161415892261E-09
v -0.784615159034729 2.0750000476837158 1.4901161415892261E-09
v -5.8817205429077148 0.20000000298023224 -4.3187618255615234
v -10 0.20000000298023224 -4.3187618255615234
v -5.8817205429077148 3.2000000476837158 -4.3187618255615234
v -10 3.2000000476837158 -4.3187618255615234
v -7.353121280670166 0.20000000298023224 -4.3187618255615234
v -6.6174211502075195 0.20000000298023224 -4.3187618255615234
v -10 1.7000000476837158 -4.3187618255615234
v -5.8817205429077148 1.7000000476837158 -4.3187618255615234
v -7.9408602714538574 1.7000000476837158 -4.3187618255615234
v -6.4700460433959961 3.2000000476837158 -4.3187618255615234
v -7.0583720207214355 3.2000000476837158 -4.3187618255615234
v -7.6466975212097168 3.2000000476837158 -4.3187618255615234
v -8.2350234985351562 3.2000000476837158 -4.3187618255615234
v -8.8233489990234375 3.2000000476837158 -4.3187618255615234
v -9.4116744995117188 3.2000000476837158 -4.3187618255615234
v -7.9408602714538574 2.4500000476837158 -4.3187618255615234
v -6.9112906455993652 1.7000000476837158 -4.3187618255615234
v -6.9112906455993652 2.4500000476837158 -4.3187618255615234
v -8.9704303741455078 1.7000000476837158 -4.3187618255615234
v -8.9704303741455078 2.4500000476837158 -4.3187618255615234
v -7.353121280670166 1.2000000476837158 -4.3187618255615234
v -7.353121280670166 0.69999998807907104 -4.3187618255615234
v -8.2531213760375977 0.20000000298023224 -4.3187618255615234
v -8.2531213760375977 0.69999998807907104 -4.3187618255615234
v -8.2531213760375977 1.2000000476837158 -4.3187618255615234
v -7.8031215667724609 1.2000000476837158 -4.3187618255615234
v -9.1265602111816406 0.20000000298023224 -4.3187618255615234
v -10 0.20000000298023224 -4.1187620162963867
v -5.8817205429077148 0.20000000298023224 -4.1187620162963867
v -10 3.2000000476837158 -4.1187620162963867
v -5.8817205429077148 3.2000000476837158 -4.1187620162963867
v -8.2531213760375977 0.20000000298023224 -4.1187620162963867
v -9.1265602111816406 0.20000000298023224 -4.1187620162963867
v -5.8817205429077148 1.7000000476837158 -4.1187620162963867
v -10 1.7000000476837158 -4.1187620162963867
v -7.9408602714538574 1.7000000476837158 -4.1187620162963867
v -9.4116744995117188 3.2000000476837158 -4.1187620162963867
v -8.8233489990234375 3.2000000476837158 -4.1187620162963867
v -8.2350234985351562 3.2000000476837158 -4.1187620162963867
v -7.6466975212097168 3.2000000476837158 -4.1187620162963867
v -7.0583720207214355 3.2000000476837158 -4.1187620162963867
v -6.4700460433959961 3.2000000476837158 -4.1187620162963867
v -7.9408602714538574 2.4500000476837158 -4.1187620162963867
v -8.9704303741455078 1.7000000476837158 -4.1187620162963867
v -8.9704303741455078 2.4500000476837158 -4.1187620162963867
v -6.9112906455993652 1.7000000476837158 -4.1187620162963867
v -6.9112906455993652 2.4500000476837158 -4.1187620162963867
v -7.353121280670166 0.20000000298023224 -4.1187620162963867
v -7.353121280670166 0.69999998807907104 -4.1187620162963867
v -7.353121280670166 1.2000000476837158 -4.1187620162963867
v -8.2531213760375977 1.2000000476837158 -4.1187620162963867
v -8.2531213760375977 0.69999998807907104 -4.1187620162963867
v -7.8031215667724609 1.2000000476837158 -4.1187620162963867
v -6.6174211502075195 0.20000000298023224 -4.1187620162963867
v -0.20000037550926208 0.20000000298023224 -3.4110724925994873
v -5.6817207336425781 0.20000000298023224 -3.4110724925994873
v -0.20000037550926208 3.2000000476837158 -3.4110724925994873
v -5.6817207336425781 3.2000000476837158 -3.4110724925994873
v -4.7681002616882324 0.20000000298023224 -3.4110724925994873
v -3.8544802665710449 0.20000000298023224 -3.4110724925994873
v -2.9408602714538574 0.20000000298023224 -3.4110724925994873
v -2.0272402763366699 0.20000000298023224 -3.4110724925994873
v -1.113620400428772 0.20000000298023224 -3.4110724925994873
v -2.9408602714538574 1.7000000476837158 -3.4110724925994873
v -0.20000037550926208 0.62857145071029663 -3.4110724925994873
v -0.20000037550926208 1.0571428537368774 -3.4110724925994873
v -0.20000037550926208 1.485714316368103 -3.4110724925994873
v -0.20000037550926208 1.9142857789993286 -3.4110724925994873
v -0.20000037550926208 2.3428571224212646 -3.4110724925994873
v -0.20000037550926208 2.7714285850524902 -3.4110724925994873
v -1.5704303979873657 1.7000000476837158 -3.4110724925994873
v -2.9408602714538574 0.94999998807907104 -3.4110724925994873
v -1.5704303979873657 0.94999998807907104 -3.4110724925994873
v -2.9408602714538574 2.4500000476837158 -3.4110724925994873
v -1.5704303979873657 2.4500000476837158 -3.4110724925994873
v -0.80907976627349854 3.2000000476837158 -3.4110724925994873
v -1.418160080909729 3.2000000476837158 -3.4110724925994873
v -2.0272402763366699 3.2000000476837158 -3.4110724925994873
v -2.6363201141357422 3.2000000476837158 -3.4110724925994873
v -3.2454004287719727 3.2000000476837158 -3.4110724925994873
v -3.8544802665710449 3.2000000476837158 -3.4110724925994873
v -4.4635605812072754 3.2000000476837158 -3.4110724925994873
v -5.0726404190063477 3.2000000476837158 -3.4110724925994873
v -4.3112902641296387 1.7000000476837158 -3.4110724925994873
v -4.3112902641296387 2.4500000476837158 -3.4110724925994873
v -0.20000037550926208 0.20000000298023224 -3.2110724449157715
v -0.20000037550926208 0.20000000298023224 -0.20000000298023224
v -0.20000037550926208 0.62857145071029663 -2.7809193134307861
v -0.20000037550926208 0.62857145071029663 -2.3507659435272217
v -0.20000037550926208 1.0571428537368774 -2.7809193134307861
v -0.20000037550926208 1.0571428537368774 -2.3507659435272217
v -0.20000037550926208 1.485714316368103 -2.7809193134307861
v -0.20000037550926208 1.485714316368103 -2.3507659435272217
v -0.20000037550926208 1.9142857789993286 -2.7809193134307861
v -0.20000037550926208 1.9142857789993286 -2.3507659435272217
v -0.20000037550926208 2.3428571224212646 -2.7809193134307861
v -0.20000037550926208 2.3428571224212646 -2.3507659435272217
v -0.20000037550926208 2.7714285850524902 -2.7809193134307861
v -0.20000037550926208 2.7714285850524902 -2.3507659435272217
v -0.20000037550926208 3.2000000476837158 -3.2110724449157715
v -0.20000037550926208 3.2000000476837158 -0.20000000298023224
v -0.20000037550926208 0.20000000298023224 -0.50110727548599243
v -0.20000037550926208 0.20000000298023224 -0.80221456289291382
v -0.20000037550926208 0.20000000298023224 -1.1033217906951904
v -0.20000037550926208 0.20000000298023224 -1.4044290781021118
v -0.20000037550926208 0.20000000298023224 -1.7055362462997437
v -0.20000037550926208 0.20000000298023224 -2.006643533706665
v -0.20000037550926208 0.20000000298023224 -2.3077507019042969
v -0.20000037550926208 0.20000000298023224 -2.6088578701019287
v -0.20000037550926208 0.20000000298023224 -2.9099652767181396
v -0.20000037550926208 0.5 -3.2110724449157715
v -0.20000037550926208 0.80000001192092896 -3.2110724449157715
v -0.20000037550926208 1.1000000238418579 -3.2110724449157715
v -0.20000037550926208 1.4000000953674316 -3.2110724449157715
v -0.20000037550926208 1.7000000476837158 -3.2110724449157715
v -0.20000037550926208 2 -3.2110724449157715
v -0.20000037550926208 2.2999999523162842 -3.2110724449157715
v -0.20000037550926208 2.6000001430511475 -3.2110724449157715
v -0.20000037550926208 2.9000000953674316 -3.2110724449157715
v -0.20000037550926208 3.2000000476837158 -2.9099652767181396
v -0.20000037550926208 3.2000000476837158 -2.6088578701019287
v -0.20000037550926208 3.2000000476837158 -2.3077507019042969
v -0.20000037550926208 3.2000000476837158 -2.006643533706665
v -0.20000037550926208 3.2000000476837158 -1.7055362462997437
v -0.20000037550926208 3.2000000476837158 -1.4044290781021118
v -0.20000037550926208 3.2000000476837158 -1.1033217906951904
v -0.20000037550926208 3.2000000476837158 -0.80221456289291382
v -0.20000037550926208 3.2000000476837158 -0.50110727548599243
v -0.20000037550926208 2.9000000953674316 -0.20000000298023224
v -0.20000037550926208 2.6000001430511475 -0.20000000298023224
v -0.20000037550926208 2.2999999523162842 -0.20000000298023224
v -0.20000037550926208 2 -0.20000000298023224
v -0.20000037550926208 1.7000000476837158 -0.20000000298023224
v -0.20000037550926208 1.4000000953674316 -0.20000000298023224
v -0.20000037550926208 1.1000000238418579 -0.20000000298023224
v -0.20000037550926208 0.80000001192092896 -0.20000000298023224
v -0.20000037550926208 0.5 -0.20000000298023224
v -0.20000037550926208 0.89999997615814209 -0.62546741962432861
v -0.20000037550926208 1.2000000476837158 -0.62546741962432861
v -0.20000037550926208 1.5 -0.62546741962432861
v -0.20000037550926208 1.8000000715255737 -0.62546741962432861
v -0.20000037550926208 2.0999999046325684 -0.62546741962432861
v -0.20000037550926208 2.4000000953674316 -0.62546741962432861
v -0.20000037550926208 2.4000000953674316 -2.1254673004150391
v -0.20000037550926208 2.0999999046325684 -2.1254673004150391
v -0.20000037550926208 1.8000000715255737 -2.1254673004150391
v -0.20000037550926208 1.5 -2.1254673004150391
v -0.20000037550926208 1.2000000476837158 -2.1254673004150391
v -0.20000037550926208 0.89999997615814209 -2.1254673004150391
v -0.20000037550926208 0.89999997615814209 -1.8254674673080444
v -0.20000037550926208 0.89999997615814209 -1.5254673957824707
v -0.20000037550926208 0.89999997615814209 -1.2254674434661865
v -0.20000037550926208 0.89999997615814209 -0.92546743154525757
v -0.20000037550926208 2.4000000953674316 -0.92546743154525757
v -0.20000037550926208 2.4000000953674316 -1.2254674434661865
v -0.20000037550926208 2.4000000953674316 -1.5254673957824707
v -0.20000037550926208 2.4000000953674316 -1.8254674673080444
v -0.20000037550926208 0.62857145071029663 -1.490459680557251
v -0.20000037550926208 0.62857145071029663 -1.0603064298629761
v -0.20000037550926208 0.62857145071029663 -0.63015323877334595
v -0.20000037550926208 2.7714285850524902 -1.490459680557251
v -0.20000037550926208 2.7714285850524902 -1.0603064298629761
v -0.20000037550926208 2.7714285850524902 -0.63015323877334595
v -10.199999809265137 0.20000000298023224 -8.2000007629394531
v -10.199999809265137 0.20000000298023224 1.4901161415892261E-09
v -10.199999809265137 3.2000000476837158 -8.2000007629394531
v -10.199999809265137 3.2000000476837158 1.4901161415892261E-09
v -10.199999809265137 0.20000000298023224 -1.0249999761581421
v -10.199999809265137 0.20000000298023224 -2.0499999523162842
v -10.199999809265137 0.20000000298023224 -3.0749998092651367
v -10.199999809265137 0.20000000298023224 -4.0999999046325684
v -10.199999809265137 0.20000000298023224 -5.125
v -10.199999809265137 0.20000000298023224 -6.1500000953674316
v -10.199999809265137 0.20000000298023224 -7.1749997138977051
v -10.199999809265137 3.2000000476837158 -4.0999999046325684
v -10.199999809265137 1.7000000476837158 1.4901161415892261E-09
v -10.199999809265137 1.7000000476837158 -8.2000007629394531
v -10.199999809265137 1.7000000476837158 -4.0999999046325684
v -10.199999809265137 1.7000000476837158 -2.0499999523162842
v -10.199999809265137 0.94999998807907104 -4.0999999046325684
v -10.199999809265137 0.94999998807907104 -2.0499999523162842
v -10.199999809265137 1.7000000476837158 -6.1500000953674316
v -10.199999809265137 0.94999998807907104 -6.1500000953674316
v -10.199999809265137 2.7000000476837158 1.4901161415892261E-09
v -10.199999809265137 2.2000000476837158 1.4901161415892261E-09
v -10.199999809265137 1.2000000476837158 1.4901161415892261E-09
v -10.199999809265137 0.69999998807907104 1.4901161415892261E-09
v -10.199999809265137 3.2000000476837158 -2.0499999523162842
v -10.199999809265137 2.4500000476837158 -4.0999999046325684
v -10.199999809265137 2.4500000476837158 -2.0499999523162842
v -10.199999809265137 2.4500000476837158 -1.0249999761581421
v -10.199999809265137 2.8250000476837158 -2.0499999523162842
v -10.199999809265137 2.8250000476837158 -1.0249999761581421
v -10.199999809265137 1.7000000476837158 -1.0249999761581421
v -10.199999809265137 2.0750000476837158 -2.0499999523162842
v -10.199999809265137 2.0750000476837158 -1.0249999761581421
v -10.199999809265137 0.94999998807907104 -1.0249999761581421
v -10.199999809265137 1.3250000476837158 -2.0499999523162842
v -10.199999809265137 1.3250000476837158 -1.0249999761581421
v -10.199999809265137 0.57499998807907104 -2.0499999523162842
v -10.199999809265137 0.57499998807907104 -1.0249999761581421
v -10.199999809265137 0.69999998807907104 -8.2000007629394531
v -10.199999809265137 1.2000000476837158 -8.2000007629394531
v -10.199999809265137 2.2000000476837158 -8.2000007629394531
v -10.199999809265137 2.7000000476837158 -8.2000007629394531
v -10.199999809265137 0.94999998807907104 -7.1749997138977051
v -10.199999809265137 0.57499998807907104 -6.1500000953674316
v -10.199999809265137 0.57499998807907104 -7.1749997138977051
v -10.199999809265137 1.7000000476837158 -7.1749997138977051
v -10.199999809265137 1.3250000476837158 -6.1500000953674316
v -10.199999809265137 1.3250000476837158 -7.1749997138977051
v -10.199999809265137 3.2000000476837158 -6.1500000953674316
v -10.199999809265137 2.4500000476837158 -6.1500000953674316
v -10.199999809265137 2.4500000476837158 -7.1749997138977051
v -10.199999809265137 2.0750000476837158 -6.1500000953674316
v -10.199999809265137 2.0750000476837158 -7.1749997138977051
v -10.199999809265137 2.8250000476837158 -6.1500000953674316
v -10.199999809265137 2.8250000476837158 -7.1749997138977051
v -10.199999809265137 3.2000000476837158 -7.5166664123535156
v -10.199999809265137 3.2000000476837158 -6.8333330154418945
v -10.199999809265137 3.2000000476837158 -5.4666666984558105
v -10.199999809265137 3.2000000476837158 -4.7833333015441895
v -10.199999809265137 3.2000000476837158 -3.4166665077209473
v -10.199999809265137 3.2000000476837158 -2.7333333492279053
v -10.199999809265137 3.2000000476837158 -1.3666666746139526
v -10.199999809265137 3.2000000476837158 -0.68333333730697632
v 3.8146973224684189E-07 0.20000000298023224 -8.2000007629394531
v -10.199999809265137 0.20000000298023224 -8.2000007629394531
v -3.1384615898132324 0.57499998807907104 -8.2000007629394531
v -3.9230766296386719 0.57499998807907104 -8.2000007629394531
v -4.7076921463012695 0.57499998807907104 -8.2000007629394531
v -5.4923076629638672 0.57499998807907104 -8.2000007629394531
v -6.2769231796264648 0.57499998807907104 -8.2000007629394531
v -7.0615386962890625 0.57499998807907104 -8.2000007629394531
v -3.9230766296386719 0.94999998807907104 -8.2000007629394531
v -4.7076921463012695 0.94999998807907104 -8.2000007629394531
v -5.4923076629638672 0.94999998807907104 -8.2000007629394531
v -6.2769231796264648 0.94999998807907104 -8.2000007629394531
v -7.0615386962890625 0.94999998807907104 -8.2000007629394531
v -3.9230766296386719 1.3250000476837158 -8.2000007629394531
v -4.7076921463012695 1.3250000476837158 -8.2000007629394531
v -5.4923076629638672 1.3250000476837158 -8.2000007629394531
v -6.2769231796264648 1.3250000476837158 -8.2000007629394531
v -7.0615386962890625 1.3250000476837158 -8.2000007629394531
v -3.1384615898132324 1.7000000476837158 -8.2000007629394531
v -3.9230766296386719 1.7000000476837158 -8.2000007629394531
v -4.7076921463012695 1.7000000476837158 -8.2000007629394531
v -5.4923076629638672 1.7000000476837158 -8.2000007629394531
v -6.2769231796264648 1.7000000476837158 -8.2000007629394531
v -7.0615386962890625 1.7000000476837158 -8.2000007629394531
v -10.199999809265137 1.7000000476837158 -8.2000007629394531
v -3.1384615898132324 2.0750000476837158 -8.2000007629394531
v -3.9230766296386719 2.0750000476837158 -8.2000007629394531
v -4.7076921463012695 2.0750000476837158 -8.2000007629394531
v -5.4923076629638672 2.0750000476837158 -8.2000007629394531
v -6.2769231796264648 2.0750000476837158 -8.2000007629394531
v -7.0615386962890625 2.0750000476837158 -8.2000007629394531
v -0.784615159034729 2.4500000476837158 -8.2000007629394531
v -3.9230766296386719 2.4500000476837158 -8.2000007629394531
v -4.7076921463012695 2.4500000476837158 -8.2000007629394531
v -5.4923076629638672 2.4500000476837158 -8.2000007629394531
v -6.2769231796264648 2.4500000476837158 -8.2000007629394531
v -7.0615386962890625 2.4500000476837158 -8.2000007629394531
v -0.784615159034729 2.8250000476837158 -8.2000007629394531
v -1.5692306756973267 2.8250000476837158 -8.2000007629394531
v -3.1384615898132324 2.8250000476837158 -8.2000007629394531
v -3.9230766296386719 2.8250000476837158 -8.2000007629394531
v -4.7076921463012695 2.8250000476837158 -8.2000007629394531
v -5.4923076629638672 2.8250000476837158 -8.2000007629394531
v -6.2769231796264648 2.8250000476837158 -8.2000007629394531
v -7.0615386962890625 2.8250000476837158 -8.2000007629394531
v -7.846153736114502 2.8250000476837158 -8.2000007629394531
v 3.8146973224684189E-07 3.2000000476837158 -8.2000007629394531
v -10.199999809265137 3.2000000476837158 -8.2000007629394531
v -9.6333332061767578 0.20000000298023224 -8.2000007629394531
v -9.0666666030883789 0.20000000298023224 -8.2000007629394531
v -8.5 0.20000000298023224 -8.2000007629394531
v -7.9333333969116211 0.20000000298023224 -8.2000007629394531
v -7.3666667938232422 0.20000000298023224 -8.2000007629394531
v -6.8000001907348633 0.20000000298023224 -8.2000007629394531
v -6.2333335876464844 0.20000000298023224 -8.2000007629394531
v -5.6666665077209473 0.20000000298023224 -8.2000007629394531
v -5.0999999046325684 0.20000000298023224 -8.2000007629394531
v -4.5333333015441895 0.20000000298023224 -8.2000007629394531
v -3.9666666984558105 0.20000000298023224 -8.2000007629394531
v -3.4000000953674316 0.20000000298023224 -8.2000007629394531
v -2.8333330154418945 0.20000000298023224 -8.2000007629394531
v -2.2666664123535156 0.20000000298023224 -8.2000007629394531
v -1.7000004053115845 0.20000000298023224 -8.2000007629394531
v -1.1333338022232056 0.20000000298023224 -8.2000007629394531
v -0.56666624546051025 0.20000000298023224 -8.2000007629394531
v -10.199999809265137 2.7000000476837158 -8.2000007629394531
v -10.199999809265137 2.2000000476837158 -8.2000007629394531
v -10.199999809265137 1.2000000476837158 -8.2000007629394531
v -10.199999809265137 0.69999998807907104 -8.2000007629394531
v 3.8146973224684189E-07 0.62857145071029663 -8.2000007629394531
v 3.8146973224684189E-07 1.0571428537368774 -8.2000007629394531
v 3.8146973224684189E-07 1.485714316368103 -8.2000007629394531
v 3.8146973224684189E-07 1.9142857789993286 -8.2000007629394531
v 3.8146973224684189E-07 2.3428571224212646 -8.2000007629394531
v 3.8146973224684189E-07 2.7714285850524902 -8.2000007629394531
v -0.56666624546051025 3.2000000476837158 -8.2000007629394531
v -1.1333338022232056 3.2000000476837158 -8.2000007629394531
v -1.7000004053115845 3.2000000476837158 -8.2000007629394531
v -2.2666664123535156 3.2000000476837158 -8.2000007629394531
v -2.8333330154418945 3.2000000476837158 -8.2000007629394531
v -3.4000000953674316 3.2000000476837158 -8.2000007629394531
v -3.9666666984558105 3.2000000476837158 -8.2000007629394531
v -4.5333333015441895 3.2000000476837158 -8.2000007629394531
v -5.0999999046325684 3.2000000476837158 -8.2000007629394531
v -5.6666665077209473 3.2000000476837158 -8.2000007629394531
v -6.2333335876464844 3.2000000476837158 -8.2000007629394531
v -6.8000001907348633 3.2000000476837158 -8.2000007629394531
v -7.3666667938232422 3.2000000476837158 -8.2000007629394531
v -7.9333333969116211 3.2000000476837158 -8.2000007629394531
v -8.5 3.2000000476837158 -8.2000007629394531
v -9.0666666030883789 3.2000000476837158 -8.2000007629394531
v -9.6333332061767578 3.2000000476837158 -8.2000007629394531
v -1.4447017908096313 2.4000000953674316 -8.2000007629394531
v -1.4447017908096313 1.9000000953674316 -8.2000007629394531
v -1.4447017908096313 1.4000000953674316 -8.2000007629394531
v -1.4447017908096313 0.89999997615814209 -8.2000007629394531
v -2.9447021484375 0.89999997615814209 -8.2000007629394531
v -2.9447021484375 1.4000000953674316 -8.2000007629394531
v -2.9447021484375 1.9000000953674316 -8.2000007629394531
v -2.9447021484375 2.4000000953674316 -8.2000007629394531
v -1.9447017908096313 0.89999997615814209 -8.2000007629394531
v -2.4447021484375 0.89999997615814209 -8.2000007629394531
v -2.4447021484375 2.4000000953674316 -8.2000007629394531
v -1.9447017908096313 2.4000000953674316 -8.2000007629394531
v -7.699124813079834 2.4000000953674316 -8.2000007629394531
v -7.699124813079834 1.9000000953674316 -8.2000007629394531
v -7.699124813079834 1.4000000953674316 -8.2000007629394531
v -7.699124813079834 0.89999997615814209 -8.2000007629394531
v -9.1991252899169922 0.89999997615814209 -8.2000007629394531
v -9.1991252899169922 1.4000000953674316 -8.2000007629394531
v -9.1991252899169922 1.9000000953674316 -8.2000007629394531
v -9.1991252899169922 2.4000000953674316 -8.2000007629394531
v -8.1991252899169922 0.89999997615814209 -8.2000007629394531
v -8.6991252899169922 0.89999997615814209 -8.2000007629394531
v -8.6991252899169922 2.4000000953674316 -8.2000007629394531
v -8.1991252899169922 2.4000000953674316 -8.2000007629394531
v -0.784615159034729 0.57499998807907104 -8.2000007629394531
v -2.3538460731506348 0.57499998807907104 -8.2000007629394531
v -0.784615159034729 1.3250000476837158 -8.2000007629394531
v -0.784615159034729 1.7000000476837158 -8.2000007629394531
v -8.6307687759399414 0.57499998807907104 -8.2000007629394531
v -9.4153842926025391 0.57499998807907104 -8.2000007629394531
v -9.4153842926025391 1.3250000476837158 -8.2000007629394531
v -9.4153842926025391 1.7000000476837158 -8.2000007629394531
v -0.784615159034729 2.0750000476837158 -8.2000007629394531
v -8.6307687759399414 2.4500000476837158 -8.2000007629394531
v -9.4153842926025391 2.4500000476837158 -8.2000007629394531
v -9.4153842926025391 2.8250000476837158 -8.2000007629394531
v -9.4153842926025391 2.0750000476837158 -8.2000007629394531
v 3.8146973224684189E-07 0.20000000298023224 1.4901161415892261E-09
v 3.8146973224684189E-07 0.20000000298023224 -8.2000007629394531
v 3.8146973224684189E-07 0.57499998807907104 -2.5230767726898193
v 3.8146973224684189E-07 0.57499998807907104 -3.1538460254669189
v 3.8146973224684189E-07 0.57499998807907104 -3.7846152782440186
v 3.8146973224684189E-07 0.57499998807907104 -4.4153842926025391
v 3.8146973224684189E-07 0.57499998807907104 -5.0461535453796387
v 3.8146973224684189E-07 0.94999998807907104 -2.5230767726898193
v 3.8146973224684189E-07 0.94999998807907104 -3.1538460254669189
v 3.8146973224684189E-07 0.94999998807907104 -3.7846152782440186
v 3.8146973224684189E-07 0.94999998807907104 -4.4153842926025391
v 3.8146973224684189E-07 0.94999998807907104 -5.0461535453796387
v 3.8146973224684189E-07 1.3250000476837158 -2.5230767726898193
v 3.8146973224684189E-07 1.3250000476837158 -3.1538460254669189
v 3.8146973224684189E-07 1.3250000476837158 -3.7846152782440186
v 3.8146973224684189E-07 1.3250000476837158 -4.4153842926025391
v 3.8146973224684189E-07 1.3250000476837158 -5.0461535453796387
v 3.8146973224684189E-07 1.7000000476837158 -2.5230767726898193
v 3.8146973224684189E-07 1.7000000476837158 -3.1538460254669189
v 3.8146973224684189E-07 1.7000000476837158 -3.7846152782440186
v 3.8146973224684189E-07 1.7000000476837158 -4.4153842926025391
v 3.8146973224684189E-07 1.7000000476837158 -5.0461535453796387
v 3.8146973224684189E-07 2.0750000476837158 -2.5230767726898193
v 3.8146973224684189E-07 2.0750000476837158 -3.1538460254669189
v 3.8146973224684189E-07 2.0750000476837158 -3.7846152782440186
v 3.8146973224684189E-07 2.0750000476837158 -4.4153842926025391
v 3.8146973224684189E-07 2.0750000476837158 -5.0461535453796387
v 3.8146973224684189E-07 2.4500000476837158 -2.5230767726898193
v 3.8146973224684189E-07 2.4500000476837158 -3.1538460254669189
v 3.8146973224684189E-07 2.4500000476837158 -3.7846152782440186
v 3.8146973224684189E-07 2.4500000476837158 -4.4153842926025391
v 3.8146973224684189E-07 2.4500000476837158 -5.0461535453796387
v 3.8146973224684189E-07 2.8250000476837158 -2.5230767726898193
v 3.8146973224684189E-07 2.8250000476837158 -3.1538460254669189
v 3.8146973224684189E-07 2.8250000476837158 -3.7846152782440186
v 3.8146973224684189E-07 2.8250000476837158 -4.4153842926025391
v 3.8146973224684189E-07 2.8250000476837158 -5.0461535453796387
v 3.8146973224684189E-07 2.8250000476837158 -5.6769227981567383
v 3.8146973224684189E-07 3.2000000476837158 1.4901161415892261E-09
v 3.8146973224684189E-07 3.2000000476837158 -8.2000007629394531
v 3.8146973224684189E-07 0.20000000298023224 -7.7444443702697754
v 3.8146973224684189E-07 0.20000000298023224 -7.2888889312744141
v 3.8146973224684189E-07 0.20000000298023224 -6.8333330154418945
v 3.8146973224684189E-07 0.20000000298023224 -6.3777775764465332
v 3.8146973224684189E-07 0.20000000298023224 -5.9222221374511719
v 3.8146973224684189E-07 0.20000000298023224 -5.4666666984558105
v 3.8146973224684189E-07 0.20000000298023224 -5.011110782623291
v 3.8146973224684189E-07 0.20000000298023224 -4.5555553436279297
v 3.8146973224684189E-07 0.20000000298023224 -4.0999999046325684
v 3.8146973224684189E-07 0.20000000298023224 -3.644444465637207
v 3.8146973224684189E-07 0.20000000298023224 -3.1888887882232666
v 3.8146973224684189E-07 0.20000000298023224 -2.7333333492279053
v 3.8146973224684189E-07 0.20000000298023224 -2.2777776718139648
v 3.8146973224684189E-07 0.20000000298023224 -1.8222222328186035
v 3.8146973224684189E-07 0.20000000298023224 -1.3666666746139526
v 3.8146973224684189E-07 0.20000000298023224 -0.91111111640930176
v 3.8146973224684189E-07 0.20000000298023224 -0.45555555820465088
v 3.8146973224684189E-07 0.62857145071029663 1.4901161415892261E-09
v 3.8146973224684189E-07 1.0571428537368774 1.4901161415892261E-09
v 3.8146973224684189E-07 1.485714316368103 1.4901161415892261E-09
v 3.8146973224684189E-07 1.9142857789993286 1.4901161415892261E-09
v 3.8146973224684189E-07 2.3428571224212646 1.4901161415892261E-09
v 3.8146973224684189E-07 2.7714285850524902 1.4901161415892261E-09
v 3.8146973224684189E-07 2.7714285850524902 -8.2000007629394531
v 3.8146973224684189E-07 2.3428571224212646 -8.2000007629394531
v 3.8146973224684189E-07 1.9142857789993286 -8.2000007629394531
v 3.8146973224684189E-07 1.485714316368103 -8.2000007629394531
v 3.8146973224684189E-07 1.0571428537368774 -8.2000007629394531
v 3.8146973224684189E-07 0.62857145071029663 -8.2000007629394531
v 3.8146973224684189E-07 3.2000000476837158 -0.45555555820465088
v 3.8146973224684189E-07 3.2000000476837158 -0.91111111640930176
v 3.8146973224684189E-07 3.2000000476837158 -1.3666666746139526
v 3.8146973224684189E-07 3.2000000476837158 -1.8222222328186035
v 3.8146973224684189E-07 3.2000000476837158 -2.2777776718139648
v 3.8146973224684189E-07 3.2000000476837158 -2.7333333492279053
v 3.8146973224684189E-07 3.2000000476837158 -3.1888887882232666
v 3.8146973224684189E-07 3.2000000476837158 -3.644444465637207
v 3.8146973224684189E-07 3.2000000476837158 -4.0999999046325684
v 3.8146973224684189E-07 3.2000000476837158 -4.5555553436279297
v 3.8146973224684189E-07 3.2000000476837158 -5.011110782623291
v 3.8146973224684189E-07 3.2000000476837158 -5.4666666984558105
v 3.8146973224684189E-07 3.2000000476837158 -5.9222221374511719
v 3.8146973224684189E-07 3.2000000476837158 -6.3777775764465332
v 3.8146973224684189E-07 3.2000000476837158 -6.8333330154418945
v 3.8146973224684189E-07 3.2000000476837158 -7.2888889312744141
v 3.8146973224684189E-07 3.2000000476837158 -7.7444443702697754
v 3.8146973224684189E-07 2.4000000953674316 -0.62546741962432861
v 3.8146973224684189E-07 2.0250000953674316 -0.62546741962432861
v 3.8146973224684189E-07 1.6500000953674316 -0.62546741962432861
v 3.8146973224684189E-07 1.2750000953674316 -0.62546741962432861
v 3.8146973224684189E-07 0.89999997615814209 -0.62546741962432861
v 3.8146973224684189E-07 0.89999997615814209 -2.1254673004150391
v 3.8146973224684189E-07 1.2750000953674316 -2.1254673004150391
v 3.8146973224684189E-07 1.6500000953674316 -2.1254673004150391
v 3.8146973224684189E-07 2.0250000953674316 -2.1254673004150391
v 3.8146973224684189E-07 2.4000000953674316 -2.1254673004150391
v 3.8146973224684189E-07 0.89999997615814209 -1.0004674196243286
v 3.8146973224684189E-07 0.89999997615814209 -1.3754674196243286
v 3.8146973224684189E-07 0.89999997615814209 -1.7504674196243286
v 3.8146973224684189E-07 2.4000000953674316 -1.7504674196243286
v 3.8146973224684189E-07 2.4000000953674316 -1.3754674196243286
v 3.8146973224684189E-07 2.4000000953674316 -1.0004674196243286
v 3.8146973224684189E-07 2.4000000953674316 -5.6124939918518066
v 3.8146973224684189E-07 2.0250000953674316 -5.6124939918518066
v 3.8146973224684189E-07 1.6500000953674316 -5.6124939918518066
v 3.8146973224684189E-07 1.2750000953674316 -5.6124939918518066
v 3.8146973224684189E-07 0.89999997615814209 -5.6124939918518066
v 3.8146973224684189E-07 0.89999997615814209 -7.1124939918518066
v 3.8146973224684189E-07 1.2750000953674316 -7.1124939918518066
v 3.8146973224684189E-07 1.6500000953674316 -7.1124939918518066
v 3.8146973224684189E-07 2.0250000953674316 -7.1124939918518066
v 3.8146973224684189E-07 2.4000000953674316 -7.1124939918518066
v 3.8146973224684189E-07 0.89999997615814209 -5.9874939918518066
v 3.8146973224684189E-07 0.89999997615814209 -6.3624939918518066
v 3.8146973224684189E-07 0.89999997615814209 -6.7374939918518066
v 3.8146973224684189E-07 2.4000000953674316 -6.7374939918518066
v 3.8146973224684189E-07 2.4000000953674316 -6.3624939918518066
v 3.8146973224684189E-07 2.4000000953674316 -5.9874939918518066
v 3.8146973224684189E-07 0.57499998807907104 -0.63076925277709961
v 3.8146973224684189E-07 0.57499998807907104 -1.8923077583312988
v 3.8146973224684189E-07 0.57499998807907104 -6.3076920509338379
v 3.8146973224684189E-07 0.57499998807907104 -6.9384613037109375
v 3.8146973224684189E-07 0.57499998807907104 -7.5692305564880371
v 3.8146973224684189E-07 1.3250000476837158 -7.5692305564880371
v 3.8146973224684189E-07 1.7000000476837158 -7.5692305564880371
v 3.8146973224684189E-07 2.4500000476837158 -0.63076925277709961
v 3.8146973224684189E-07 2.8250000476837158 -0.63076925277709961
v 3.8146973224684189E-07 2.8250000476837158 -1.8923077583312988
v 3.8146973224684189E-07 2.4500000476837158 -1.8923077583312988
v 3.8146973224684189E-07 2.4500000476837158 -6.3076920509338379
v 3.8146973224684189E-07 2.0750000476837158 -7.5692305564880371
v 3.8146973224684189E-07 2.4500000476837158 -7.5692305564880371
v 3.8146973224684189E-07 2.4500000476837158 -6.9384613037109375
v 3.8146973224684189E-07 2.8250000476837158 -6.9384613037109375
v 3.8146973224684189E-07 2.8250000476837158 -7.5692305564880371
v -5.8817205429077148 0.20000000298023224 -8
v -5.8817205429077148 0.20000000298023224 -4.3187618255615234
v -5.8817205429077148 3.2000000476837158 -8
v -5.8817205429077148 3.2000000476837158 -4.3187618255615234
v -5.8817205429077148 0.20000000298023224 -7.0692305564880371
v -5.8817205429077148 3.2000000476837158 -6.1593809127807617
v -5.8817205429077148 1.7000000476837158 -4.3187618255615234
v -5.8817205429077148 1.7000000476837158 -6.1593809127807617
v -5.8817205429077148 0.62857145071029663 -8
v -5.8817205429077148 1.0571428537368774 -8
v -5.8817205429077148 1.485714316368103 -8
v -5.8817205429077148 1.9142857789993286 -8
v -5.8817205429077148 2.3428571224212646 -8
v -5.8817205429077148 2.7714285850524902 -8
v -5.8817205429077148 1.7000000476837158 -7.0796904563903809
v -5.8817205429077148 2.4500000476837158 -6.1593809127807617
v -5.8817205429077148 2.4500000476837158 -7.0796904563903809
v -5.8817205429077148 3.2000000476837158 -7.3864603042602539
v -5.8817205429077148 3.2000000476837158 -6.7729206085205078
v -5.8817205429077148 3.2000000476837158 -5.5458412170410156
v -5.8817205429077148 3.2000000476837158 -4.9323015213012695
v -5.8817205429077148 0.20000000298023224 -6.1692304611206055
v -5.8817205429077148 0.69999998807907104 -6.1692304611206055
v -5.8817205429077148 1.2000000476837158 -6.1692304611206055
v -5.8817205429077148 1.2000000476837158 -7.0692305564880371
v -5.8817205429077148 0.69999998807907104 -7.0692305564880371
v -5.8817205429077148 1.2000000476837158 -6.6192302703857422
v -5.8817205429077148 0.20000000298023224 -5.2439961433410645
v -10 0.20000000298023224 -8
v -5.8817205429077148 0.20000000298023224 -8
v -10 0.62857145071029663 -8
v -7.0583720207214355 0.62857145071029663 -8
v -6.4700460433959961 0.62857145071029663 -8
v -10 1.0571428537368774 -8
v -7.0583720207214355 1.0571428537368774 -8
v -6.4700460433959961 1.0571428537368774 -8
v -5.8817205429077148 1.0571428537368774 -8
v -7.0583720207214355 1.485714316368103 -8
v -6.4700460433959961 1.485714316368103 -8
v -10 1.9142857789993286 -8
v -7.0583720207214355 1.9142857789993286 -8
v -6.4700460433959961 1.9142857789993286 -8
v -5.8817205429077148 1.9142857789993286 -8
v -10 2.3428571224212646 -8
v -7.0583720207214355 2.3428571224212646 -8
v -6.4700460433959961 2.3428571224212646 -8
v -5.8817205429077148 2.3428571224212646 -8
v -7.0583720207214355 2.7714285850524902 -8
v -6.4700460433959961 2.7714285850524902 -8
v -5.8817205429077148 2.7714285850524902 -8
v -10 3.2000000476837158 -8
v -5.8817205429077148 3.2000000476837158 -8
v -6.293548583984375 0.20000000298023224 -8
v -6.7053766250610352 0.20000000298023224 -8
v -7.1172046661376953 0.20000000298023224 -8
v -7.5290322303771973 0.20000000298023224 -8
v -7.9408602714538574 0.20000000298023224 -8
v -8.3526878356933594 0.20000000298023224 -8
v -8.7645158767700195 0.20000000298023224 -8
v -9.1763439178466797 0.20000000298023224 -8
v -9.5881719589233398 0.20000000298023224 -8
v -5.8817205429077148 1.485714316368103 -8
v -5.8817205429077148 0.62857145071029663 -8
v -10 1.485714316368103 -8
v -10 2.7714285850524902 -8
v -9.5881719589233398 3.2000000476837158 -8
v -9.1763439178466797 3.2000000476837158 -8
v -8.7645158767700195 3.2000000476837158 -8
v -8.3526878356933594 3.2000000476837158 -8
v -7.9408602714538574 3.2000000476837158 -8
v -7.5290322303771973 3.2000000476837158 -8
v -7.1172046661376953 3.2000000476837158 -8
v -6.7053766250610352 3.2000000476837158 -8
v -6.293548583984375 3.2000000476837158 -8
v -7.699124813079834 0.89999997615814209 -8
v -7.699124813079834 1.2750000953674316 -8
v -7.699124813079834 1.6500000953674316 -8
v -7.699124813079834 2.0250000953674316 -8
v -7.699124813079834 2.4000000953674316 -8
v -9.1991252899169922 2.4000000953674316 -8
v -9.1991252899169922 2.0250000953674316 -8
v -9.1991252899169922 1.6500000953674316 -8
v -9.1991252899169922 1.2750000953674316 -8
v -9.1991252899169922 0.89999997615814209 -8
v -8.8241252899169922 0.89999997615814209 -8
v -8.4491252899169922 0.89999997615814209 -8
v -8.0741252899169922 0.89999997615814209 -8
v -8.0741252899169922 2.4000000953674316 -8
v -8.4491252899169922 2.4000000953674316 -8
v -8.8241252899169922 2.4000000953674316 -8
v -9.4116744995117188 0.62857145071029663 -8
v -8.8233489990234375 0.62857145071029663 -8
v -8.2350234985351562 0.62857145071029663 -8
v -9.4116744995117188 1.485714316368103 -8
v -9.4116744995117188 1.9142857789993286 -8
v -7.6466975212097168 0.62857145071029663 -8
v -7.6466975212097168 1.485714316368103 -8
v -7.6466975212097168 1.9142857789993286 -8
v -9.4116744995117188 2.3428571224212646 -8
v -9.4116744995117188 2.7714285850524902 -8
v -8.2350234985351562 2.7714285850524902 -8
v -7.6466975212097168 2.7714285850524902 -8
v -7.6466975212097168 2.3428571224212646 -8
v -10 0.20000000298023224 -4.3187618255615234
v -10 0.20000000298023224 -8
v -10 3.2000000476837158 -4.3187618255615234
v -10 3.2000000476837158 -8
v -10 0.20000000298023224 -7.0796904563903809
v -10 0.20000000298023224 -6.1593809127807617
v -10 0.20000000298023224 -5.2390713691711426
v -10 3.2000000476837158 -6.1593809127807617
v -10 1.7000000476837158 -4.3187618255615234
v -10 1.7000000476837158 -6.1593809127807617
v -10 2.7714285850524902 -8
v -10 2.3428571224212646 -8
v -10 1.9142857789993286 -8
v -10 1.485714316368103 -8
v -10 1.0571428537368774 -8
v -10 0.62857145071029663 -8
v -10 1.7000000476837158 -7.0796904563903809
v -10 2.4500000476837158 -6.1593809127807617
v -10 2.4500000476837158 -7.0796904563903809
v -10 0.94999998807907104 -6.1593809127807617
v -10 0.94999998807907104 -7.0796904563903809
v -10 3.2000000476837158 -4.9323015213012695
v -10 3.2000000476837158 -5.5458412170410156
v -10 3.2000000476837158 -6.7729206085205078
v -10 3.2000000476837158 -7.3864603042602539
v -10 0.20000000298023224 -0.20000000298023224
v -10 0.20000000298023224 -4.1187620162963867
v -10 3.2000000476837158 -0.20000000298023224
v -10 3.2000000476837158 -4.1187620162963867
v -10 0.20000000298023224 -3.1390714645385742
v -10 0.20000000298023224 -2.1593809127807617
v -10 0.20000000298023224 -1.1796904802322388
v -10 1.7000000476837158 -4.1187620162963867
v -10 1.7000000476837158 -2.1593809127807617
v -10 0.62857145071029663 -0.20000000298023224
v -10 1.0571428537368774 -0.20000000298023224
v -10 1.485714316368103 -0.20000000298023224
v -10 1.9142857789993286 -0.20000000298023224
v -10 2.3428571224212646 -0.20000000298023224
v -10 2.7714285850524902 -0.20000000298023224
v -10 1.7000000476837158 -1.1796904802322388
v -10 0.94999998807907104 -2.1593809127807617
v -10 0.94999998807907104 -1.1796904802322388
v -10 2.4500000476837158 -2.1593809127807617
v -10 2.4500000476837158 -1.1796904802322388
v -10 3.2000000476837158 -0.85312700271606445
v -10 3.2000000476837158 -1.5062540769577026
v -10 3.2000000476837158 -2.1593809127807617
v -10 3.2000000476837158 -2.8125078678131104
v -10 3.2000000476837158 -3.465634822845459
v -5.8817205429077148 0.20000000298023224 -0.20000000298023224
v -10 0.20000000298023224 -0.20000000298023224
v -5.8817205429077148 0.62857145071029663 -0.20000000298023224
v -6.4700460433959961 0.62857145071029663 -0.20000000298023224
v -7.0583720207214355 0.62857145071029663 -0.20000000298023224
v -5.8817205429077148 1.0571428537368774 -0.20000000298023224
v -6.4700460433959961 1.0571428537368774 -0.20000000298023224
v -7.0583720207214355 1.0571428537368774 -0.20000000298023224
v -10 1.0571428537368774 -0.20000000298023224
v -5.8817205429077148 1.485714316368103 -0.20000000298023224
v -6.4700460433959961 1.485714316368103 -0.20000000298023224
v -7.0583720207214355 1.485714316368103 -0.20000000298023224
v -10 1.485714316368103 -0.20000000298023224
v -5.8817205429077148 1.9142857789993286 -0.20000000298023224
v -6.4700460433959961 1.9142857789993286 -0.20000000298023224
v -7.0583720207214355 1.9142857789993286 -0.20000000298023224
v -10 1.9142857789993286 -0.20000000298023224
v -5.8817205429077148 2.3428571224212646 -0.20000000298023224
v -6.4700460433959961 2.3428571224212646 -0.20000000298023224
v -7.0583720207214355 2.3428571224212646 -0.20000000298023224
v -10 2.3428571224212646 -0.20000000298023224
v -5.8817205429077148 2.7714285850524902 -0.20000000298023224
v -6.4700460433959961 2.7714285850524902 -0.20000000298023224
v -7.0583720207214355 2.7714285850524902 -0.20000000298023224
v -10 2.7714285850524902 -0.20000000298023224
v -5.8817205429077148 3.2000000476837158 -0.20000000298023224
v -10 3.2000000476837158 -0.20000000298023224
v -9.5881719589233398 0.20000000298023224 -0.20000000298023224
v -9.1763439178466797 0.20000000298023224 -0.20000000298023224
v -8.7645158767700195 0.20000000298023224 -0.20000000298023224
v -8.3526878356933594 0.20000000298023224 -0.20000000298023224
v -7.9408602714538574 0.20000000298023224 -0.20000000298023224
v -7.5290322303771973 0.20000000298023224 -0.20000000298023224
v -7.1172046661376953 0.20000000298023224 -0.20000000298023224
v -6.7053766250610352 0.20000000298023224 -0.20000000298023224
v -6.293548583984375 0.20000000298023224 -0.20000000298023224
v -10 0.62857145071029663 -0.20000000298023224
v -6.293548583984375 3.2000000476837158 -0.20000000298023224
v -6.7053766250610352 3.2000000476837158 -0.20000000298023224
v -7.1172046661376953 3.2000000476837158 -0.20000000298023224
v -7.5290322303771973 3.2000000476837158 -0.20000000298023224
v -7.9408602714538574 3.2000000476837158 -0.20000000298023224
v -8.3526878356933594 3.2000000476837158 -0.20000000298023224
v -8.7645158767700195 3.2000000476837158 -0.20000000298023224
v -9.1763439178466797 3.2000000476837158 -0.20000000298023224
v -9.5881719589233398 3.2000000476837158 -0.20000000298023224
v -7.4637293815612793 2.4000000953674316 -0.20000000298023224
v -7.4637293815612793 2.0250000953674316 -0.20000000298023224
v -7.4637293815612793 1.6500000953674316 -0.20000000298023224
v -7.4637293815612793 1.2750000953674316 -0.20000000298023224
v -7.4637293815612793 0.89999997615814209 -0.20000000298023224
v -8.9637298583984375 0.89999997615814209 -0.20000000298023224
v -8.9637298583984375 1.2750000953674316 -0.20000000298023224
v -8.9637298583984375 1.6500000953674316 -0.20000000298023224
v -8.9637298583984375 2.0250000953674316 -0.20000000298023224
v -8.9637298583984375 2.4000000953674316 -0.20000000298023224
v -7.8387293815612793 0.89999997615814209 -0.20000000298023224
v -8.2137298583984375 0.89999997615814209 -0.20000000298023224
v -8.5887298583984375 0.89999997615814209 -0.20000000298023224
v -8.5887298583984375 2.4000000953674316 -0.20000000298023224
v -8.2137298583984375 2.4000000953674316 -0.20000000298023224
v -7.8387293815612793 2.4000000953674316 -0.20000000298023224
v -8.2350234985351562 0.62857145071029663 -0.20000000298023224
v -8.8233489990234375 0.62857145071029663 -0.20000000298023224
v -9.4116744995117188 0.62857145071029663 -0.20000000298023224
v -9.4116744995117188 1.485714316368103 -0.20000000298023224
v -9.4116744995117188 1.9142857789993286 -0.20000000298023224
v -8.2350234985351562 2.7714285850524902 -0.20000000298023224
v -8.8233489990234375 2.7714285850524902 -0.20000000298023224
v -9.4116744995117188 2.3428571224212646 -0.20000000298023224
v -9.4116744995117188 2.7714285850524902 -0.20000000298023224
v -5.8817205429077148 0.20000000298023224 -4.1187620162963867
v -5.8817205429077148 0.20000000298023224 -0.20000000298023224
v -5.8817205429077148 3.2000000476837158 -4.1187620162963867
v -5.8817205429077148 3.2000000476837158 -0.20000000298023224
v -5.8817205429077148 0.20000000298023224 -2.4135148525238037
v -5.8817205429077148 0.20000000298023224 -3.2661383152008057
v -5.8817205429077148 3.2000000476837158 -2.1593809127807617
v -5.8817205429077148 1.7000000476837158 -4.1187620162963867
v -5.8817205429077148 1.7000000476837158 -2.1593809127807617
v -5.8817205429077148 2.7714285850524902 -0.20000000298023224
v -5.8817205429077148 2.3428571224212646 -0.20000000298023224
v -5.8817205429077148 1.9142857789993286 -0.20000000298023224
v -5.8817205429077148 1.485714316368103 -0.20000000298023224
v -5.8817205429077148 1.0571428537368774 -0.20000000298023224
v -5.8817205429077148 0.62857145071029663 -0.20000000298023224
v -5.8817205429077148 1.7000000476837158 -1.1796904802322388
v -5.8817205429077148 2.4500000476837158 -2.1593809127807617
v -5.8817205429077148 2.4500000476837158 -1.1796904802322388
v -5.8817205429077148 3.2000000476837158 -3.465634822845459
v -5.8817205429077148 3.2000000476837158 -2.8125078678131104
v -5.8817205429077148 3.2000000476837158 -1.5062540769577026
v -5.8817205429077148 3.2000000476837158 -0.85312700271606445
v -5.8817205429077148 0.20000000298023224 -1.5135149955749512
v -5.8817205429077148 0.69999998807907104 -1.5135149955749512
v -5.8817205429077148 1.2000000476837158 -1.5135149955749512
v -5.8817205429077148 1.2000000476837158 -2.4135148525238037
v -5.8817205429077148 0.69999998807907104 -2.4135148525238037
v -5.8817205429077148 1.2000000476837158 -1.9635149240493774
v -5.8817205429077148 0.20000000298023224 -0.8567575216293335
v -0.20000037550926208 0.20000000298023224 -8
v -0.20000037550926208 0.20000000298023224 -3.4110724925994873
v -0.20000037550926208 0.62857145071029663 -8
v -0.20000037550926208 0.62857145071029663 -5.3777556419372559
v -0.20000037550926208 0.62857145071029663 -4.7221946716308594
v -0.20000037550926208 0.62857145071029663 -4.0666337013244629
v -0.20000037550926208 1.0571428537368774 -8
v -0.20000037550926208 1.0571428537368774 -5.3777556419372559
v -0.20000037550926208 1.0571428537368774 -4.7221946716308594
v -0.20000037550926208 1.0571428537368774 -4.0666337013244629
v -0.20000037550926208 1.0571428537368774 -3.4110724925994873
v -0.20000037550926208 1.485714316368103 -8
v -0.20000037550926208 1.485714316368103 -5.3777556419372559
v -0.20000037550926208 1.485714316368103 -4.7221946716308594
v -0.20000037550926208 1.485714316368103 -4.0666337013244629
v -0.20000037550926208 1.9142857789993286 -8
v -0.20000037550926208 1.9142857789993286 -5.3777556419372559
v -0.20000037550926208 1.9142857789993286 -4.7221946716308594
v -0.20000037550926208 1.9142857789993286 -4.0666337013244629
v -0.20000037550926208 1.9142857789993286 -3.4110724925994873
v -0.20000037550926208 2.3428571224212646 -8
v -0.20000037550926208 2.3428571224212646 -5.3777556419372559
v -0.20000037550926208 2.3428571224212646 -4.7221946716308594
v -0.20000037550926208 2.3428571224212646 -4.0666337013244629
v -0.20000037550926208 2.3428571224212646 -3.4110724925994873
v -0.20000037550926208 2.7714285850524902 -8
v -0.20000037550926208 2.7714285850524902 -5.3777556419372559
v -0.20000037550926208 2.7714285850524902 -4.7221946716308594
v -0.20000037550926208 2.7714285850524902 -4.0666337013244629
v -0.20000037550926208 2.7714285850524902 -3.4110724925994873
v -0.20000037550926208 3.2000000476837158 -8
v -0.20000037550926208 3.2000000476837158 -3.4110724925994873
v -0.20000037550926208 0.20000000298023224 -3.8699653148651123
v -0.20000037550926208 0.20000000298023224 -4.3288578987121582
v -0.20000037550926208 0.20000000298023224 -4.7877507209777832
v -0.20000037550926208 0.20000000298023224 -5.2466435432434082
v -0.20000037550926208 0.20000000298023224 -5.7055363655090332
v -0.20000037550926208 0.20000000298023224 -6.1644287109375
v -0.20000037550926208 0.20000000298023224 -6.623321533203125
v -0.20000037550926208 0.20000000298023224 -7.08221435546875
v -0.20000037550926208 0.20000000298023224 -7.541107177734375
v -0.20000037550926208 1.485714316368103 -3.4110724925994873
v -0.20000037550926208 0.62857145071029663 -3.4110724925994873
v -0.20000037550926208 3.2000000476837158 -7.541107177734375
v -0.20000037550926208 3.2000000476837158 -7.08221435546875
v -0.20000037550926208 3.2000000476837158 -6.623321533203125
v -0.20000037550926208 3.2000000476837158 -6.1644287109375
v -0.20000037550926208 3.2000000476837158 -5.7055363655090332
v -0.20000037550926208 3.2000000476837158 -5.2466435432434082
v -0.20000037550926208 3.2000000476837158 -4.7877507209777832
v -0.20000037550926208 3.2000000476837158 -4.3288578987121582
v -0.20000037550926208 3.2000000476837158 -3.8699653148651123
v -0.20000037550926208 0.89999997615814209 -5.6124939918518066
v -0.20000037550926208 1.2750000953674316 -5.6124939918518066
v -0.20000037550926208 1.6500000953674316 -5.6124939918518066
v -0.20000037550926208 2.0250000953674316 -5.6124939918518066
v -0.20000037550926208 2.4000000953674316 -5.6124939918518066
v -0.20000037550926208 2.4000000953674316 -7.1124939918518066
v -0.20000037550926208 2.0250000953674316 -7.1124939918518066
v -0.20000037550926208 1.6500000953674316 -7.1124939918518066
v -0.20000037550926208 1.2750000953674316 -7.1124939918518066
v -0.20000037550926208 0.89999997615814209 -7.1124939918518066
v -0.20000037550926208 0.89999997615814209 -6.7374939918518066
v -0.20000037550926208 0.89999997615814209 -6.3624939918518066
v -0.20000037550926208 0.89999997615814209 -5.9874939918518066
v -0.20000037550926208 2.4000000953674316 -5.9874939918518066
v -0.20000037550926208 2.4000000953674316 -6.3624939918518066
v -0.20000037550926208 2.4000000953674316 -6.7374939918518066
v -0.20000037550926208 0.62857145071029663 -7.3444390296936035
v -0.20000037550926208 0.62857145071029663 -6.6888775825500488
v -0.20000037550926208 0.62857145071029663 -6.0333166122436523
v -0.20000037550926208 1.485714316368103 -7.3444390296936035
v -0.20000037550926208 1.9142857789993286 -7.3444390296936035
v -0.20000037550926208 2.3428571224212646 -7.3444390296936035
v -0.20000037550926208 2.7714285850524902 -7.3444390296936035
v -0.20000037550926208 2.7714285850524902 -6.0333166122436523
v -0.20000037550926208 2.7714285850524902 -6.6888775825500488
v -5.6817207336425781 0.20000000298023224 -8
v -0.20000037550926208 0.20000000298023224 -8
v -4.8986177444458008 0.62857145071029663 -8
v -4.1155147552490234 0.62857145071029663 -8
v -3.3324117660522461 0.62857145071029663 -8
v -4.8986177444458008 1.0571428537368774 -8
v -4.1155147552490234 1.0571428537368774 -8
v -3.3324117660522461 1.0571428537368774 -8
v -0.20000037550926208 1.0571428537368774 -8
v -4.8986177444458008 1.485714316368103 -8
v -4.1155147552490234 1.485714316368103 -8
v -3.3324117660522461 1.485714316368103 -8
v -0.20000037550926208 1.485714316368103 -8
v -4.8986177444458008 1.9142857789993286 -8
v -4.1155147552490234 1.9142857789993286 -8
v -3.3324117660522461 1.9142857789993286 -8
v -0.20000037550926208 1.9142857789993286 -8
v -4.8986177444458008 2.3428571224212646 -8
v -4.1155147552490234 2.3428571224212646 -8
v -3.3324117660522461 2.3428571224212646 -8
v -0.20000037550926208 2.3428571224212646 -8
v -4.8986177444458008 2.7714285850524902 -8
v -4.1155147552490234 2.7714285850524902 -8
v -3.3324117660522461 2.7714285850524902 -8
v -0.20000037550926208 2.7714285850524902 -8
v -5.6817207336425781 3.2000000476837158 -8
v -0.20000037550926208 3.2000000476837158 -8
v -0.74817240238189697 0.20000000298023224 -8
v -1.2963443994522095 0.20000000298023224 -8
v -1.844516396522522 0.20000000298023224 -8
v -2.3926882743835449 0.20000000298023224 -8
v -2.9408602714538574 0.20000000298023224 -8
v -3.4890322685241699 0.20000000298023224 -8
v -4.0372042655944824 0.20000000298023224 -8
v -4.5853762626647949 0.20000000298023224 -8
v -5.1335482597351074 0.20000000298023224 -8
v -0.20000037550926208 0.62857145071029663 -8
v -5.6817207336425781 0.69999998807907104 -8
v -5.6817207336425781 1.2000000476837158 -8
v -5.6817207336425781 1.7000000476837158 -8
v -5.6817207336425781 2.2000000476837158 -8
v -5.6817207336425781 2.7000000476837158 -8
v -5.1335482597351074 3.2000000476837158 -8
v -4.5853762626647949 3.2000000476837158 -8
v -4.0372042655944824 3.2000000476837158 -8
v -3.4890322685241699 3.2000000476837158 -8
v -2.9408602714538574 3.2000000476837158 -8
v -2.3926882743835449 3.2000000476837158 -8
v -1.844516396522522 3.2000000476837158 -8
v -1.2963443994522095 3.2000000476837158 -8
v -0.74817240238189697 3.2000000476837158 -8
v -1.4447017908096313 0.89999997615814209 -8
v -1.4447017908096313 1.4000000953674316 -8
v -1.4447017908096313 1.9000000953674316 -8
v -1.4447017908096313 2.4000000953674316 -8
v -2.9447021484375 2.4000000953674316 -8
v -2.9447021484375 1.9000000953674316 -8
v -2.9447021484375 1.4000000953674316 -8
v -2.9447021484375 0.89999997615814209 -8
v -2.4447021484375 0.89999997615814209 -8
v -1.9447017908096313 0.89999997615814209 -8
v -1.9447017908096313 2.4000000953674316 -8
v -2.4447021484375 2.4000000953674316 -8
v -1.7662063837051392 0.62857145071029663 -8
v -0.98310339450836182 0.62857145071029663 -8
v -0.98310339450836182 1.485714316368103 -8
v -0.98310339450836182 1.9142857789993286 -8
v -1.7662063837051392 2.7714285850524902 -8
v -0.98310339450836182 2.3428571224212646 -8
v -0.98310339450836182 2.7714285850524902 -8
v -5.6817207336425781 0.20000000298023224 -3.4110724925994873
v -5.6817207336425781 0.20000000298023224 -8
v -5.6817207336425781 3.2000000476837158 -3.4110724925994873
v -5.6817207336425781 3.2000000476837158 -8
v -5.6817207336425781 0.20000000298023224 -6.1692304611206055
v -5.6817207336425781 0.20000000298023224 -5.2498445510864258
v -5.6817207336425781 0.20000000298023224 -4.3304586410522461
v -5.6817207336425781 1.7000000476837158 -8
v -5.6817207336425781 1.7000000476837158 -5.7055363655090332
v -5.6817207336425781 2.7000000476837158 -8
v -5.6817207336425781 2.2000000476837158 -8
v -5.6817207336425781 1.2000000476837158 -8
v -5.6817207336425781 0.69999998807907104 -8
v -5.6817207336425781 1.7000000476837158 -6.8527679443359375
v -5.6817207336425781 2.4500000476837158 -5.7055363655090332
v -5.6817207336425781 2.4500000476837158 -6.8527679443359375
v -5.6817207336425781 3.2000000476837158 -4.0666337013244629
v -5.6817207336425781 3.2000000476837158 -4.7221946716308594
v -5.6817207336425781 3.2000000476837158 -5.3777556419372559
v -5.6817207336425781 3.2000000476837158 -6.0333166122436523
v -5.6817207336425781 3.2000000476837158 -6.6888775825500488
v -5.6817207336425781 3.2000000476837158 -7.3444390296936035
v -5.6817207336425781 1.2000000476837158 -6.1692304611206055
v -5.6817207336425781 0.69999998807907104 -6.1692304611206055
v -5.6817207336425781 0.20000000298023224 -7.0692305564880371
v -5.6817207336425781 0.69999998807907104 -7.0692305564880371
v -5.6817207336425781 1.2000000476837158 -7.0692305564880371
v -5.6817207336425781 1.2000000476837158 -6.6192302703857422
v -5.6817207336425781 0.20000000298023224 -3.2110724449157715
v -0.20000037550926208 0.20000000298023224 -3.2110724449157715
v -5.6817207336425781 3.2000000476837158 -3.2110724449157715
v -0.20000037550926208 3.2000000476837158 -3.2110724449157715
v -1.113620400428772 0.20000000298023224 -3.2110724449157715
v -2.0272402763366699 0.20000000298023224 -3.2110724449157715
v -2.9408602714538574 0.20000000298023224 -3.2110724449157715
v -3.8544802665710449 0.20000000298023224 -3.2110724449157715
v -4.7681002616882324 0.20000000298023224 -3.2110724449157715
v -0.20000037550926208 1.7000000476837158 -3.2110724449157715
v -5.6817207336425781 1.7000000476837158 -3.2110724449157715
v -2.9408602714538574 1.7000000476837158 -3.2110724449157715
v -0.20000037550926208 2.9000000953674316 -3.2110724449157715
v -0.20000037550926208 2.6000001430511475 -3.2110724449157715
v -0.20000037550926208 2.2999999523162842 -3.2110724449157715
v -0.20000037550926208 2 -3.2110724449157715
v -0.20000037550926208 1.4000000953674316 -3.2110724449157715
v -0.20000037550926208 1.1000000238418579 -3.2110724449157715
v -0.20000037550926208 0.80000001192092896 -3.2110724449157715
v -0.20000037550926208 0.5 -3.2110724449157715
v -1.5704303979873657 1.7000000476837158 -3.2110724449157715
v -2.9408602714538574 2.4500000476837158 -3.2110724449157715
v -1.5704303979873657 2.4500000476837158 -3.2110724449157715
v -0.8852154016494751 2.4500000476837158 -3.2110724449157715
v -1.5704303979873657 2.8250000476837158 -3.2110724449157715
v -0.8852154016494751 2.8250000476837158 -3.2110724449157715
v -0.8852154016494751 1.7000000476837158 -3.2110724449157715
v -1.5704303979873657 2.0750000476837158 -3.2110724449157715
v -0.8852154016494751 2.0750000476837158 -3.2110724449157715
v -2.9408602714538574 0.94999998807907104 -3.2110724449157715
v -1.5704303979873657 0.94999998807907104 -3.2110724449157715
v -0.8852154016494751 0.94999998807907104 -3.2110724449157715
v -1.5704303979873657 1.3250000476837158 -3.2110724449157715
v -0.8852154016494751 1.3250000476837158 -3.2110724449157715
v -1.5704303979873657 0.57499998807907104 -3.2110724449157715
v -0.8852154016494751 0.57499998807907104 -3.2110724449157715
v -5.0726404190063477 3.2000000476837158 -3.2110724449157715
v -4.4635605812072754 3.2000000476837158 -3.2110724449157715
v -3.8544802665710449 3.2000000476837158 -3.2110724449157715
v -3.2454004287719727 3.2000000476837158 -3.2110724449157715
v -2.6363201141357422 3.2000000476837158 -3.2110724449157715
v -2.0272402763366699 3.2000000476837158 -3.2110724449157715
v -1.418160080909729 3.2000000476837158 -3.2110724449157715
v -0.80907976627349854 3.2000000476837158 -3.2110724449157715
v -4.3112902641296387 1.7000000476837158 -3.2110724449157715
v -4.3112902641296387 2.4500000476837158 -3.2110724449157715
v -5.6817207336425781 0.20000000298023224 -0.20000000298023224
v -5.6817207336425781 0.20000000298023224 -3.2110724449157715
v -5.6817207336425781 3.2000000476837158 -0.20000000298023224
v -5.6817207336425781 3.2000000476837158 -3.2110724449157715
v -5.6817207336425781 0.20000000298023224 -1.5135149955749512
v -5.6817207336425781 0.20000000298023224 -0.8567575216293335
v -5.6817207336425781 1.7000000476837158 -3.2110724449157715
v -5.6817207336425781 1.7000000476837158 -0.20000000298023224
v -5.6817207336425781 1.7000000476837158 -1.7055362462997437
v -5.6817207336425781 0.69999998807907104 -0.20000000298023224
v -5.6817207336425781 1.2000000476837158 -0.20000000298023224
v -5.6817207336425781 2.2000000476837158 -0.20000000298023224
v -5.6817207336425781 2.7000000476837158 -0.20000000298023224
v -5.6817207336425781 1.7000000476837158 -0.95276814699172974
v -5.6817207336425781 2.4500000476837158 -1.7055362462997437
v -5.6817207336425781 2.4500000476837158 -0.95276814699172974
v -5.6817207336425781 3.2000000476837158 -0.80221456289291382
v -5.6817207336425781 3.2000000476837158 -1.4044290781021118
v -5.6817207336425781 3.2000000476837158 -2.006643533706665
v -5.6817207336425781 3.2000000476837158 -2.6088578701019287
v -5.6817207336425781 1.2000000476837158 -1.5135149955749512
v -5.6817207336425781 0.69999998807907104 -1.5135149955749512
v -5.6817207336425781 0.20000000298023224 -2.4135148525238037
v -5.6817207336425781 0.69999998807907104 -2.4135148525238037
v -5.6817207336425781 1.2000000476837158 -2.4135148525238037
v -5.6817207336425781 1.2000000476837158 -1.9635149240493774
v -0.20000037550926208 0.20000000298023224 -0.20000000298023224
v -5.6817207336425781 0.20000000298023224 -0.20000000298023224
v -3.3324117660522461 0.62857145071029663 -0.20000000298023224
v -4.1155147552490234 0.62857145071029663 -0.20000000298023224
v -4.8986177444458008 0.62857145071029663 -0.20000000298023224
v -3.3324117660522461 1.0571428537368774 -0.20000000298023224
v -4.1155147552490234 1.0571428537368774 -0.20000000298023224
v -4.8986177444458008 1.0571428537368774 -0.20000000298023224
v -3.3324117660522461 1.485714316368103 -0.20000000298023224
v -4.1155147552490234 1.485714316368103 -0.20000000298023224
v -4.8986177444458008 1.485714316368103 -0.20000000298023224
v -3.3324117660522461 1.9142857789993286 -0.20000000298023224
v -4.1155147552490234 1.9142857789993286 -0.20000000298023224
v -4.8986177444458008 1.9142857789993286 -0.20000000298023224
v -3.3324117660522461 2.3428571224212646 -0.20000000298023224
v -4.1155147552490234 2.3428571224212646 -0.20000000298023224
v -4.8986177444458008 2.3428571224212646 -0.20000000298023224
v -3.3324117660522461 2.7714285850524902 -0.20000000298023224
v -4.1155147552490234 2.7714285850524902 -0.20000000298023224
v -4.8986177444458008 2.7714285850524902 -0.20000000298023224
v -0.20000037550926208 3.2000000476837158 -0.20000000298023224
v -5.6817207336425781 3.2000000476837158 -0.20000000298023224
v -5.1335482597351074 0.20000000298023224 -0.20000000298023224
v -4.5853762626647949 0.20000000298023224 -0.20000000298023224
v -4.0372042655944824 0.20000000298023224 -0.20000000298023224
v -3.4890322685241699 0.20000000298023224 -0.20000000298023224
v -2.9408602714538574 0.20000000298023224 -0.20000000298023224
v -2.3926882743835449 0.20000000298023224 -0.20000000298023224
v -1.844516396522522 0.20000000298023224 -0.20000000298023224
v -1.2963443994522095 0.20000000298023224 -0.20000000298023224
v -0.74817240238189697 0.20000000298023224 -0.20000000298023224
v -0.20000037550926208 0.5 -0.20000000298023224
v -0.20000037550926208 0.80000001192092896 -0.20000000298023224
v -0.20000037550926208 1.1000000238418579 -0.20000000298023224
v -0.20000037550926208 1.4000000953674316 -0.20000000298023224
v -0.20000037550926208 1.7000000476837158 -0.20000000298023224
v -0.20000037550926208 2 -0.20000000298023224
v -0.20000037550926208 2.2999999523162842 -0.20000000298023224
v -0.20000037550926208 2.6000001430511475 -0.20000000298023224
v -0.20000037550926208 2.9000000953674316 -0.20000000298023224
v -5.6817207336425781 2.7000000476837158 -0.20000000298023224
v -5.6817207336425781 2.2000000476837158 -0.20000000298023224
v -5.6817207336425781 1.7000000476837158 -0.20000000298023224
v -5.6817207336425781 1.2000000476837158 -0.20000000298023224
v -5.6817207336425781 0.69999998807907104 -0.20000000298023224
v -0.74817240238189697 3.2000000476837158 -0.20000000298023224
v -1.2963443994522095 3.2000000476837158 -0.20000000298023224
v -1.844516396522522 3.2000000476837158 -0.20000000298023224
v -2.3926882743835449 3.2000000476837158 -0.20000000298023224
v -2.9408602714538574 3.2000000476837158 -0.20000000298023224
v -3.4890322685241699 3.2000000476837158 -0.20000000298023224
v -4.0372042655944824 3.2000000476837158 -0.20000000298023224
v -4.5853762626647949 3.2000000476837158 -0.20000000298023224
v -5.1335482597351074 3.2000000476837158 -0.20000000298023224
v -1.4872881174087524 2.4000000953674316 -0.20000000298023224
v -1.4872881174087524 1.9000000953674316 -0.20000000298023224
v -1.4872881174087524 1.4000000953674316 -0.20000000298023224
v -1.4872881174087524 0.89999997615814209 -0.20000000298023224
v -2.9872884750366211 0.89999997615814209 -0.20000000298023224
v -2.9872884750366211 1.4000000953674316 -0.20000000298023224
v -2.9872884750366211 1.9000000953674316 -0.20000000298023224
v -2.9872884750366211 2.4000000953674316 -0.20000000298023224
v -1.9872881174087524 0.89999997615814209 -0.20000000298023224
v -2.4872884750366211 0.89999997615814209 -0.20000000298023224
v -2.4872884750366211 2.4000000953674316 -0.20000000298023224
v -1.9872881174087524 2.4000000953674316 -0.20000000298023224
v -0.98310339450836182 0.62857145071029663 -0.20000000298023224
v -2.5493087768554688 0.62857145071029663 -0.20000000298023224
v -0.98310339450836182 1.485714316368103 -0.20000000298023224
v -0.98310339450836182 1.9142857789993286 -0.20000000298023224
v -0.98310339450836182 2.3428571224212646 -0.20000000298023224
v -0.98310339450836182 2.7714285850524902 -0.20000000298023224
v -2.5493087768554688 2.7714285850524902 -0.20000000298023224
v -10.199999809265137 3.2000000476837158 1.4901161415892261E-09
v -10.199999809265137 3.2000000476837158 -8.2000007629394531
v -8.5 3.2000000476837158 1.4901161415892261E-09
v 3.8146973224684189E-07 3.2000000476837158 1.4901161415892261E-09
v 3.8146973224684189E-07 3.2000000476837158 -6.3777775764465332
v 3.8146973224684189E-07 3.2000000476837158 -8.2000007629394531
v -9.6333332061767578 3.2000000476837158 1.4901161415892261E-09
v -9.0666666030883789 3.2000000476837158 1.4901161415892261E-09
v -7.9333333969116211 3.2000000476837158 1.4901161415892261E-09
v -7.3666667938232422 3.2000000476837158 1.4901161415892261E-09
v -6.8000001907348633 3.2000000476837158 1.4901161415892261E-09
v -6.2333335876464844 3.2000000476837158 1.4901161415892261E-09
v -5.6666665077209473 3.2000000476837158 1.4901161415892261E-09
v -5.0999999046325684 3.2000000476837158 1.4901161415892261E-09
v -4.5333333015441895 3.2000000476837158 1.4901161415892261E-09
v -3.9666666984558105 3.2000000476837158 1.4901161415892261E-09
v -3.4000000953674316 3.2000000476837158 1.4901161415892261E-09
v -2.8333330154418945 3.2000000476837158 1.4901161415892261E-09
v -2.2666664123535156 3.2000000476837158 1.4901161415892261E-09
v -1.7000004053115845 3.2000000476837158 1.4901161415892261E-09
v -1.1333338022232056 3.2000000476837158 1.4901161415892261E-09
v -0.56666624546051025 3.2000000476837158 1.4901161415892261E-09
v -5.8817205429077148 3.2000000476837158 -4.3187618255615234
v -6.4700460433959961 3.2000000476837158 -4.3187618255615234
v -7.0583720207214355 3.2000000476837158 -4.3187618255615234
v -7.6466975212097168 3.2000000476837158 -4.3187618255615234
v -8.2350234985351562 3.2000000476837158 -4.3187618255615234
v -8.8233489990234375 3.2000000476837158 -4.3187618255615234
v -9.4116744995117188 3.2000000476837158 -4.3187618255615234
v -10 3.2000000476837158 -4.3187618255615234
v -10 3.2000000476837158 -4.1187620162963867
v -9.4116744995117188 3.2000000476837158 -4.1187620162963867
v -8.8233489990234375 3.2000000476837158 -4.1187620162963867
v -8.2350234985351562 3.2000000476837158 -4.1187620162963867
v -7.6466975212097168 3.2000000476837158 -4.1187620162963867
v -7.0583720207214355 3.2000000476837158 -4.1187620162963867
v -6.4700460433959961 3.2000000476837158 -4.1187620162963867
v -5.8817205429077148 3.2000000476837158 -4.1187620162963867
v -0.20000037550926208 3.2000000476837158 -3.4110724925994873
v -0.80907976627349854 3.2000000476837158 -3.4110724925994873
v -1.418160080909729 3.2000000476837158 -3.4110724925994873
v -2.0272402763366699 3.2000000476837158 -3.4110724925994873
v -2.6363201141357422 3.2000000476837158 -3.4110724925994873
v -3.2454004287719727 3.2000000476837158 -3.4110724925994873
v -3.8544802665710449 3.2000000476837158 -3.4110724925994873
v -4.4635605812072754 3.2000000476837158 -3.4110724925994873
v -5.0726404190063477 3.2000000476837158 -3.4110724925994873
v -5.6817207336425781 3.2000000476837158 -3.4110724925994873
v -0.20000037550926208 3.2000000476837158 -3.2110724449157715
v -0.20000037550926208 3.2000000476837158 -2.9099652767181396
v -0.20000037550926208 3.2000000476837158 -2.6088578701019287
v -0.20000037550926208 3.2000000476837158 -2.3077507019042969
v -0.20000037550926208 3.2000000476837158 -2.006643533706665
v -0.20000037550926208 3.2000000476837158 -1.7055362462997437
v -0.20000037550926208 3.2000000476837158 -1.4044290781021118
v -0.20000037550926208 3.2000000476837158 -1.1033217906951904
v -0.20000037550926208 3.2000000476837158 -0.80221456289291382
v -0.20000037550926208 3.2000000476837158 -0.50110727548599243
v -0.20000037550926208 3.2000000476837158 -0.20000000298023224
v -10.199999809265137 3.2000000476837158 -7.5166664123535156
v -10.199999809265137 3.2000000476837158 -6.8333330154418945
v -10.199999809265137 3.2000000476837158 -6.1500000953674316
v -10.199999809265137 3.2000000476837158 -5.4666666984558105
v -10.199999809265137 3.2000000476837158 -4.7833333015441895
v -10.199999809265137 3.2000000476837158 -4.0999999046325684
v -10.199999809265137 3.2000000476837158 -3.4166665077209473
v -10.199999809265137 3.2000000476837158 -2.7333333492279053
v -10.199999809265137 3.2000000476837158 -2.0499999523162842
v -10.199999809265137 3.2000000476837158 -1.3666666746139526
v -10.199999809265137 3.2000000476837158 -0.68333333730697632
v -0.56666624546051025 3.2000000476837158 -8.2000007629394531
v -1.1333338022232056 3.2000000476837158 -8.2000007629394531
v -1.7000004053115845 3.2000000476837158 -8.2000007629394531
v -2.2666664123535156 3.2000000476837158 -8.2000007629394531
v -2.8333330154418945 3.2000000476837158 -8.2000007629394531
v -3.4000000953674316 3.2000000476837158 -8.2000007629394531
v -3.9666666984558105 3.2000000476837158 -8.2000007629394531
v -4.5333333015441895 3.2000000476837158 -8.2000007629394531
v -5.0999999046325684 3.2000000476837158 -8.2000007629394531
v -5.6666665077209473 3.2000000476837158 -8.2000007629394531
v -6.2333335876464844 3.2000000476837158 -8.2000007629394531
v -6.8000001907348633 3.2000000476837158 -8.2000007629394531
v -7.3666667938232422 3.2000000476837158 -8.2000007629394531
v -7.9333333969116211 3.2000000476837158 -8.2000007629394531
v -8.5 3.2000000476837158 -8.2000007629394531
v -9.0666666030883789 3.2000000476837158 -8.2000007629394531
v -9.6333332061767578 3.2000000476837158 -8.2000007629394531
v 3.8146973224684189E-07 3.2000000476837158 -0.45555555820465088
v 3.8146973224684189E-07 3.2000000476837158 -0.91111111640930176
v 3.8146973224684189E-07 3.2000000476837158 -1.3666666746139526
v 3.8146973224684189E-07 3.2000000476837158 -1.8222222328186035
v 3.8146973224684189E-07 3.2000000476837158 -2.2777776718139648
v 3.8146973224684189E-07 3.2000000476837158 -2.7333333492279053
v 3.8146973224684189E-07 3.2000000476837158 -3.1888887882232666
v 3.8146973224684189E-07 3.2000000476837158 -3.644444465637207
v 3.8146973224684189E-07 3.2000000476837158 -4.0999999046325684
v 3.8146973224684189E-07 3.2000000476837158 -4.5555553436279297
v 3.8146973224684189E-07 3.2000000476837158 -5.011110782623291
v 3.8146973224684189E-07 3.2000000476837158 -5.4666666984558105
v 3.8146973224684189E-07 3.2000000476837158 -5.9222221374511719
v 3.8146973224684189E-07 3.2000000476837158 -6.8333330154418945
v 3.8146973224684189E-07 3.2000000476837158 -7.2888889312744141
v 3.8146973224684189E-07 3.2000000476837158 -7.7444443702697754
v -5.8817205429077148 3.2000000476837158 -8
v -5.8817205429077148 3.2000000476837158 -7.3864603042602539
v -5.8817205429077148 3.2000000476837158 -6.7729206085205078
v -5.8817205429077148 3.2000000476837158 -6.1593809127807617
v -5.8817205429077148 3.2000000476837158 -5.5458412170410156
v -5.8817205429077148 3.2000000476837158 -4.9323015213012695
v -10 3.2000000476837158 -8
v -9.5881719589233398 3.2000000476837158 -8
v -9.1763439178466797 3.2000000476837158 -8
v -8.7645158767700195 3.2000000476837158 -8
v -8.3526878356933594 3.2000000476837158 -8
v -7.9408602714538574 3.2000000476837158 -8
v -7.5290322303771973 3.2000000476837158 -8
v -7.1172046661376953 3.2000000476837158 -8
v -6.7053766250610352 3.2000000476837158 -8
v -6.293548583984375 3.2000000476837158 -8
v -10 3.2000000476837158 -4.9323015213012695
v -10 3.2000000476837158 -5.5458412170410156
v -10 3.2000000476837158 -6.1593809127807617
v -10 3.2000000476837158 -6.7729206085205078
v -10 3.2000000476837158 -7.3864603042602539
v -10 3.2000000476837158 -0.20000000298023224
v -10 3.2000000476837158 -0.85312700271606445
v -10 3.2000000476837158 -1.5062540769577026
v -10 3.2000000476837158 -2.1593809127807617
v -10 3.2000000476837158 -2.8125078678131104
v -10 3.2000000476837158 -3.465634822845459
v -5.8817205429077148 3.2000000476837158 -0.20000000298023224
v -6.293548583984375 3.2000000476837158 -0.20000000298023224
v -6.7053766250610352 3.2000000476837158 -0.20000000298023224
v -7.1172046661376953 3.2000000476837158 -0.20000000298023224
v -7.5290322303771973 3.2000000476837158 -0.20000000298023224
v -7.9408602714538574 3.2000000476837158 -0.20000000298023224
v -8.3526878356933594 3.2000000476837158 -0.20000000298023224
v -8.7645158767700195 3.2000000476837158 -0.20000000298023224
v -9.1763439178466797 3.2000000476837158 -0.20000000298023224
v -9.5881719589233398 3.2000000476837158 -0.20000000298023224
v -5.8817205429077148 3.2000000476837158 -3.465634822845459
v -5.8817205429077148 3.2000000476837158 -2.8125078678131104
v -5.8817205429077148 3.2000000476837158 -2.1593809127807617
v -5.8817205429077148 3.2000000476837158 -1.5062540769577026
v -5.8817205429077148 3.2000000476837158 -0.85312700271606445
v -0.20000037550926208 3.2000000476837158 -8
v -0.20000037550926208 3.2000000476837158 -7.541107177734375
v -0.20000037550926208 3.2000000476837158 -7.08221435546875
v -0.20000037550926208 3.2000000476837158 -6.623321533203125
v -0.20000037550926208 3.2000000476837158 -6.1644287109375
v -0.20000037550926208 3.2000000476837158 -5.7055363655090332
v -0.20000037550926208 3.2000000476837158 -5.2466435432434082
v -0.20000037550926208 3.2000000476837158 -4.7877507209777832
v -0.20000037550926208 3.2000000476837158 -4.3288578987121582
v -0.20000037550926208 3.2000000476837158 -3.8699653148651123
v -5.6817207336425781 3.2000000476837158 -8
v -5.1335482597351074 3.2000000476837158 -8
v -4.5853762626647949 3.2000000476837158 -8
v -4.0372042655944824 3.2000000476837158 -8
v -3.4890322685241699 3.2000000476837158 -8
v -2.9408602714538574 3.2000000476837158 -8
v -2.3926882743835449 3.2000000476837158 -8
v -1.844516396522522 3.2000000476837158 -8
v -1.2963443994522095 3.2000000476837158 -8
v -0.74817240238189697 3.2000000476837158 -8
v -5.6817207336425781 3.2000000476837158 -4.0666337013244629
v -5.6817207336425781 3.2000000476837158 -4.7221946716308594
v -5.6817207336425781 3.2000000476837158 -5.3777556419372559
v -5.6817207336425781 3.2000000476837158 -6.0333166122436523
v -5.6817207336425781 3.2000000476837158 -6.6888775825500488
v -5.6817207336425781 3.2000000476837158 -7.3444390296936035
v -5.6817207336425781 3.2000000476837158 -3.2110724449157715
v -5.0726404190063477 3.2000000476837158 -3.2110724449157715
v -4.4635605812072754 3.2000000476837158 -3.2110724449157715
v -3.8544802665710449 3.2000000476837158 -3.2110724449157715
v -3.2454004287719727 3.2000000476837158 -3.2110724449157715
v -2.6363201141357422 3.2000000476837158 -3.2110724449157715
v -2.0272402763366699 3.2000000476837158 -3.2110724449157715
v -1.418160080909729 3.2000000476837158 -3.2110724449157715
v -0.80907976627349854 3.2000000476837158 -3.2110724449157715
v -5.6817207336425781 3.2000000476837158 -0.20000000298023224
v -5.6817207336425781 3.2000000476837158 -0.80221456289291382
v -5.6817207336425781 3.2000000476837158 -1.4044290781021118
v -5.6817207336425781 3.2000000476837158 -2.006643533706665
v -5.6817207336425781 3.2000000476837158 -2.6088578701019287
v -0.74817240238189697 3.2000000476837158 -0.20000000298023224
v -1.2963443994522095 3.2000000476837158 -0.20000000298023224
v -1.844516396522522 3.2000000476837158 -0.20000000298023224
v -2.3926882743835449 3.2000000476837158 -0.20000000298023224
v -2.9408602714538574 3.2000000476837158 -0.20000000298023224
v -3.4890322685241699 3.2000000476837158 -0.20000000298023224
v -4.0372042655944824 3.2000000476837158 -0.20000000298023224
v -4.5853762626647949 3.2000000476837158 -0.20000000298023224
v -5.1335482597351074 3.2000000476837158 -0.20000000298023224
v -5.8817205429077148 0.20000000298023224 -6.1692304611206055
v -5.6817207336425781 0.20000000298023224 -6.1692304611206055
v -5.6817207336425781 1.2000000476837158 -6.1692304611206055
v -5.6817207336425781 0.69999998807907104 -6.1692304611206055
v -5.8817205429077148 1.2000000476837158 -6.1692304611206055
v -5.8817205429077148 0.69999998807907104 -6.1692304611206055
v -5.6817207336425781 0.20000000298023224 -7.0692305564880371
v -5.6817207336425781 1.2000000476837158 -7.0692305564880371
v -5.8817205429077148 0.20000000298023224 -7.0692305564880371
v -5.6817207336425781 0.69999998807907104 -7.0692305564880371
v -5.8817205429077148 0.69999998807907104 -7.0692305564880371
v -5.8817205429077148 1.2000000476837158 -7.0692305564880371
v -5.8817205429077148 1.2000000476837158 -6.1692304611206055
v -5.8817205429077148 1.2000000476837158 -7.0692305564880371
v -5.6817207336425781 1.2000000476837158 -6.1692304611206055
v -5.6817207336425781 1.2000000476837158 -7.0692305564880371
v -5.8817205429077148 1.2000000476837158 -6.6192302703857422
v -5.6817207336425781 1.2000000476837158 -6.6192302703857422
v -7.353121280670166 0.20000000298023224 -4.1187620162963867
v -7.353121280670166 1.2000000476837158 -4.1187620162963867
v -7.353121280670166 1.2000000476837158 -4.3187618255615234
v -7.353121280670166 0.69999998807907104 -4.1187620162963867
v -7.353121280670166 0.20000000298023224 -4.3187618255615234
v -7.353121280670166 0.69999998807907104 -4.3187618255615234
v -8.2531213760375977 0.20000000298023224 -4.3187618255615234
v -8.2531213760375977 0.20000000298023224 -4.1187620162963867
v -8.2531213760375977 1.2000000476837158 -4.1187620162963867
v -8.2531213760375977 1.2000000476837158 -4.3187618255615234
v -8.2531213760375977 0.69999998807907104 -4.3187618255615234
v -8.2531213760375977 0.69999998807907104 -4.1187620162963867
v -8.2531213760375977 1.2000000476837158 -4.1187620162963867
v -7.353121280670166 1.2000000476837158 -4.1187620162963867
v -7.353121280670166 1.2000000476837158 -4.3187618255615234
v -7.8031215667724609 1.2000000476837158 -4.3187618255615234
v -7.8031215667724609 1.2000000476837158 -4.1187620162963867
v -8.2531213760375977 1.2000000476837158 -4.3187618255615234
v -5.8817205429077148 1.2000000476837158 -1.5135149955749512
v -5.6817207336425781 0.20000000298023224 -1.5135149955749512
v -5.8817205429077148 0.20000000298023224 -1.5135149955749512
v -5.8817205429077148 0.69999998807907104 -1.5135149955749512
v -5.6817207336425781 0.69999998807907104 -1.5135149955749512
v -5.6817207336425781 1.2000000476837158 -1.5135149955749512
v -5.6817207336425781 0.20000000298023224 -2.4135148525238037
v -5.6817207336425781 1.2000000476837158 -2.4135148525238037
v -5.8817205429077148 1.2000000476837158 -2.4135148525238037
v -5.6817207336425781 0.69999998807907104 -2.4135148525238037
v -5.8817205429077148 0.20000000298023224 -2.4135148525238037
v -5.8817205429077148 0.69999998807907104 -2.4135148525238037
v -5.8817205429077148 1.2000000476837158 -1.5135149955749512
v -5.8817205429077148 1.2000000476837158 -2.4135148525238037
v -5.6817207336425781 1.2000000476837158 -2.4135148525238037
v -5.8817205429077148 1.2000000476837158 -1.9635149240493774
v -5.6817207336425781 1.2000000476837158 -1.5135149955749512
v -5.6817207336425781 1.2000000476837158 -1.9635149240493774
v -1.4447017908096313 2.4000000953674316 -8
v -1.4447017908096313 0.89999997615814209 -8.2000007629394531
v -1.4447017908096313 1.4000000953674316 -8.2000007629394531
v -1.4447017908096313 1.9000000953674316 -8.2000007629394531
v -1.4447017908096313 1.9000000953674316 -8
v -1.4447017908096313 1.4000000953674316 -8
v -1.4447017908096313 0.89999997615814209 -8
v -1.4447017908096313 2.4000000953674316 -8.2000007629394531
v -2.9447021484375 0.89999997615814209 -8.2000007629394531
v -2.9447021484375 2.4000000953674316 -8
v -2.9447021484375 2.4000000953674316 -8.2000007629394531
v -2.9447021484375 1.9000000953674316 -8.2000007629394531
v -2.9447021484375 1.4000000953674316 -8.2000007629394531
v -2.9447021484375 0.89999997615814209 -8
v -2.9447021484375 1.4000000953674316 -8
v -2.9447021484375 1.9000000953674316 -8
v -1.4447017908096313 0.89999997615814209 -8
v -2.9447021484375 0.89999997615814209 -8.2000007629394531
v -1.4447017908096313 0.89999997615814209 -8.2000007629394531
v -2.4447021484375 0.89999997615814209 -8.2000007629394531
v -1.9447017908096313 0.89999997615814209 -8.2000007629394531
v -1.9447017908096313 0.89999997615814209 -8
v -2.4447021484375 0.89999997615814209 -8
v -2.9447021484375 0.89999997615814209 -8
v -2.9447021484375 2.4000000953674316 -8.2000007629394531
v -1.4447017908096313 2.4000000953674316 -8
v -1.4447017908096313 2.4000000953674316 -8.2000007629394531
v -1.9447017908096313 2.4000000953674316 -8.2000007629394531
v -2.4447021484375 2.4000000953674316 -8.2000007629394531
v -2.9447021484375 2.4000000953674316 -8
v -2.4447021484375 2.4000000953674316 -8
v -1.9447017908096313 2.4000000953674316 -8
v -7.699124813079834 2.4000000953674316 -8
v -7.699124813079834 0.89999997615814209 -8.2000007629394531
v -7.699124813079834 2.4000000953674316 -8.2000007629394531
v -7.699124813079834 1.4000000953674316 -8.2000007629394531
v -7.699124813079834 1.9000000953674316 -8.2000007629394531
v -7.699124813079834 2.0250000953674316 -8
v -7.699124813079834 1.6500000953674316 -8
v -7.699124813079834 1.2750000953674316 -8
v -7.699124813079834 0.89999997615814209 -8
v -9.1991252899169922 0.89999997615814209 -8.2000007629394531
v -9.1991252899169922 0.89999997615814209 -8
v -9.1991252899169922 2.4000000953674316 -8
v -9.1991252899169922 2.4000000953674316 -8.2000007629394531
v -9.1991252899169922 1.9000000953674316 -8.2000007629394531
v -9.1991252899169922 1.4000000953674316 -8.2000007629394531
v -9.1991252899169922 1.2750000953674316 -8
v -9.1991252899169922 1.6500000953674316 -8
v -9.1991252899169922 2.0250000953674316 -8
v -9.1991252899169922 0.89999997615814209 -8
v -9.1991252899169922 0.89999997615814209 -8.2000007629394531
v -7.699124813079834 0.89999997615814209 -8.2000007629394531
v -8.6991252899169922 0.89999997615814209 -8.2000007629394531
v -8.1991252899169922 0.89999997615814209 -8.2000007629394531
v -7.699124813079834 0.89999997615814209 -8
v -8.0741252899169922 0.89999997615814209 -8
v -8.4491252899169922 0.89999997615814209 -8
v -8.8241252899169922 0.89999997615814209 -8
v -9.1991252899169922 2.4000000953674316 -8.2000007629394531
v -7.699124813079834 2.4000000953674316 -8
v -7.699124813079834 2.4000000953674316 -8.2000007629394531
v -8.1991252899169922 2.4000000953674316 -8.2000007629394531
v -8.6991252899169922 2.4000000953674316 -8.2000007629394531
v -9.1991252899169922 2.4000000953674316 -8
v -8.8241252899169922 2.4000000953674316 -8
v -8.4491252899169922 2.4000000953674316 -8
v -8.0741252899169922 2.4000000953674316 -8
v -1.4872881174087524 0.89999997615814209 1.4901161415892261E-09
v -1.4872881174087524 2.4000000953674316 1.4901161415892261E-09
v -1.4872881174087524 0.89999997615814209 -0.20000000298023224
v -1.4872881174087524 2.4000000953674316 -0.20000000298023224
v -1.4872881174087524 1.9000000953674316 1.4901161415892261E-09
v -1.4872881174087524 1.4000000953674316 1.4901161415892261E-09
v -1.4872881174087524 1.4000000953674316 -0.20000000298023224
v -1.4872881174087524 1.9000000953674316 -0.20000000298023224
v -2.9872884750366211 0.89999997615814209 -0.20000000298023224
v -2.9872884750366211 2.4000000953674316 -0.20000000298023224
v -2.9872884750366211 2.4000000953674316 1.4901161415892261E-09
v -2.9872884750366211 0.89999997615814209 1.4901161415892261E-09
v -2.9872884750366211 1.4000000953674316 1.4901161415892261E-09
v -2.9872884750366211 1.9000000953674316 1.4901161415892261E-09
v -2.9872884750366211 1.9000000953674316 -0.20000000298023224
v -2.9872884750366211 1.4000000953674316 -0.20000000298023224
v -2.9872884750366211 0.89999997615814209 1.4901161415892261E-09
v -1.4872881174087524 0.89999997615814209 1.4901161415892261E-09
v -2.9872884750366211 0.89999997615814209 -0.20000000298023224
v -1.9872881174087524 0.89999997615814209 1.4901161415892261E-09
v -2.4872884750366211 0.89999997615814209 1.4901161415892261E-09
v -2.4872884750366211 0.89999997615814209 -0.20000000298023224
v -1.9872881174087524 0.89999997615814209 -0.20000000298023224
v -1.4872881174087524 0.89999997615814209 -0.20000000298023224
v -2.9872884750366211 2.4000000953674316 1.4901161415892261E-09
v -2.9872884750366211 2.4000000953674316 -0.20000000298023224
v -2.4872884750366211 2.4000000953674316 1.4901161415892261E-09
v -1.9872881174087524 2.4000000953674316 1.4901161415892261E-09
v -1.4872881174087524 2.4000000953674316 -0.20000000298023224
v -1.9872881174087524 2.4000000953674316 -0.20000000298023224
v -2.4872884750366211 2.4000000953674316 -0.20000000298023224
v -1.4872881174087524 2.4000000953674316 1.4901161415892261E-09
v -7.4637293815612793 0.89999997615814209 1.4901161415892261E-09
v -7.4637293815612793 2.4000000953674316 1.4901161415892261E-09
v -7.4637293815612793 0.89999997615814209 -0.20000000298023224
v -7.4637293815612793 2.4000000953674316 -0.20000000298023224
v -7.4637293815612793 1.9000000953674316 1.4901161415892261E-09
v -7.4637293815612793 1.4000000953674316 1.4901161415892261E-09
v -7.4637293815612793 1.2750000953674316 -0.20000000298023224
v -7.4637293815612793 1.6500000953674316 -0.20000000298023224
v -7.4637293815612793 2.0250000953674316 -0.20000000298023224
v -8.9637298583984375 2.4000000953674316 -0.20000000298023224
v -8.9637298583984375 0.89999997615814209 1.4901161415892261E-09
v -8.9637298583984375 1.4000000953674316 1.4901161415892261E-09
v -8.9637298583984375 1.9000000953674316 1.4901161415892261E-09
v -8.9637298583984375 2.0250000953674316 -0.20000000298023224
v -8.9637298583984375 1.6500000953674316 -0.20000000298023224
v -8.9637298583984375 1.2750000953674316 -0.20000000298023224
v -8.9637298583984375 0.89999997615814209 -0.20000000298023224
v -8.9637298583984375 2.4000000953674316 1.4901161415892261E-09
v -8.9637298583984375 0.89999997615814209 1.4901161415892261E-09
v -8.9637298583984375 0.89999997615814209 -0.20000000298023224
v -7.4637293815612793 0.89999997615814209 1.4901161415892261E-09
v -7.9637293815612793 0.89999997615814209 1.4901161415892261E-09
v -8.4637298583984375 0.89999997615814209 1.4901161415892261E-09
v -8.5887298583984375 0.89999997615814209 -0.20000000298023224
v -8.2137298583984375 0.89999997615814209 -0.20000000298023224
v -7.8387293815612793 0.89999997615814209 -0.20000000298023224
v -7.4637293815612793 0.89999997615814209 -0.20000000298023224
v -8.9637298583984375 2.4000000953674316 1.4901161415892261E-09
v -8.9637298583984375 2.4000000953674316 -0.20000000298023224
v -8.2137298583984375 2.4000000953674316 -0.20000000298023224
v -7.4637293815612793 2.4000000953674316 1.4901161415892261E-09
v -7.4637293815612793 2.4000000953674316 -0.20000000298023224
v -8.4637298583984375 2.4000000953674316 1.4901161415892261E-09
v -7.9637293815612793 2.4000000953674316 1.4901161415892261E-09
v -7.8387293815612793 2.4000000953674316 -0.20000000298023224
v -8.5887298583984375 2.4000000953674316 -0.20000000298023224
v -0.20000037550926208 0.89999997615814209 -0.62546741962432861
v -0.20000037550926208 2.4000000953674316 -0.62546741962432861
v 3.8146973224684189E-07 0.89999997615814209 -0.62546741962432861
v 3.8146973224684189E-07 2.4000000953674316 -0.62546741962432861
v -0.20000037550926208 2.0999999046325684 -0.62546741962432861
v -0.20000037550926208 1.8000000715255737 -0.62546741962432861
v -0.20000037550926208 1.5 -0.62546741962432861
v -0.20000037550926208 1.2000000476837158 -0.62546741962432861
v 3.8146973224684189E-07 1.2750000953674316 -0.62546741962432861
v 3.8146973224684189E-07 1.6500000953674316 -0.62546741962432861
v 3.8146973224684189E-07 2.0250000953674316 -0.62546741962432861
v 3.8146973224684189E-07 0.89999997615814209 -2.1254673004150391
v -0.20000037550926208 0.89999997615814209 -2.1254673004150391
v -0.20000037550926208 1.2000000476837158 -2.1254673004150391
v -0.20000037550926208 1.5 -2.1254673004150391
v -0.20000037550926208 1.8000000715255737 -2.1254673004150391
v -0.20000037550926208 2.0999999046325684 -2.1254673004150391
v 3.8146973224684189E-07 2.4000000953674316 -2.1254673004150391
v 3.8146973224684189E-07 2.0250000953674316 -2.1254673004150391
v 3.8146973224684189E-07 1.6500000953674316 -2.1254673004150391
v 3.8146973224684189E-07 1.2750000953674316 -2.1254673004150391
v -0.20000037550926208 2.4000000953674316 -2.1254673004150391
v -0.20000037550926208 0.89999997615814209 -0.62546741962432861
v 3.8146973224684189E-07 0.89999997615814209 -0.62546741962432861
v 3.8146973224684189E-07 0.89999997615814209 -1.3754674196243286
v 3.8146973224684189E-07 0.89999997615814209 -2.1254673004150391
v -0.20000037550926208 0.89999997615814209 -0.92546743154525757
v -0.20000037550926208 0.89999997615814209 -1.2254674434661865
v -0.20000037550926208 0.89999997615814209 -1.5254673957824707
v -0.20000037550926208 0.89999997615814209 -1.8254674673080444
v 3.8146973224684189E-07 0.89999997615814209 -1.7504674196243286
v 3.8146973224684189E-07 0.89999997615814209 -1.0004674196243286
v -0.20000037550926208 0.89999997615814209 -2.1254673004150391
v -0.20000037550926208 2.4000000953674316 -0.62546741962432861
v 3.8146973224684189E-07 2.4000000953674316 -0.62546741962432861
v 3.8146973224684189E-07 2.4000000953674316 -1.3754674196243286
v 3.8146973224684189E-07 2.4000000953674316 -2.1254673004150391
v -0.20000037550926208 2.4000000953674316 -2.1254673004150391
v -0.20000037550926208 2.4000000953674316 -1.8254674673080444
v -0.20000037550926208 2.4000000953674316 -1.5254673957824707
v -0.20000037550926208 2.4000000953674316 -1.2254674434661865
v -0.20000037550926208 2.4000000953674316 -0.92546743154525757
v 3.8146973224684189E-07 2.4000000953674316 -1.0004674196243286
v 3.8146973224684189E-07 2.4000000953674316 -1.7504674196243286
v -0.20000037550926208 0.89999997615814209 -5.6124939918518066
v -0.20000037550926208 2.4000000953674316 -5.6124939918518066
v 3.8146973224684189E-07 0.89999997615814209 -5.6124939918518066
v 3.8146973224684189E-07 1.2750000953674316 -5.6124939918518066
v 3.8146973224684189E-07 1.6500000953674316 -5.6124939918518066
v 3.8146973224684189E-07 2.0250000953674316 -5.6124939918518066
v -0.20000037550926208 2.0250000953674316 -5.6124939918518066
v -0.20000037550926208 1.6500000953674316 -5.6124939918518066
v -0.20000037550926208 1.2750000953674316 -5.6124939918518066
v 3.8146973224684189E-07 2.4000000953674316 -5.6124939918518066
v 3.8146973224684189E-07 0.89999997615814209 -7.1124939918518066
v -0.20000037550926208 0.89999997615814209 -7.1124939918518066
v -0.20000037550926208 2.4000000953674316 -7.1124939918518066
v 3.8146973224684189E-07 2.4000000953674316 -7.1124939918518066
v 3.8146973224684189E-07 2.0250000953674316 -7.1124939918518066
v 3.8146973224684189E-07 1.6500000953674316 -7.1124939918518066
v 3.8146973224684189E-07 1.2750000953674316 -7.1124939918518066
v -0.20000037550926208 1.2750000953674316 -7.1124939918518066
v -0.20000037550926208 1.6500000953674316 -7.1124939918518066
v -0.20000037550926208 2.0250000953674316 -7.1124939918518066
v -0.20000037550926208 0.89999997615814209 -5.6124939918518066
v 3.8146973224684189E-07 0.89999997615814209 -5.6124939918518066
v -0.20000037550926208 0.89999997615814209 -6.3624939918518066
v -0.20000037550926208 0.89999997615814209 -7.1124939918518066
v 3.8146973224684189E-07 0.89999997615814209 -7.1124939918518066
v 3.8146973224684189E-07 0.89999997615814209 -6.7374939918518066
v 3.8146973224684189E-07 0.89999997615814209 -6.3624939918518066
v 3.8146973224684189E-07 0.89999997615814209 -5.9874939918518066
v -0.20000037550926208 0.89999997615814209 -5.9874939918518066
v -0.20000037550926208 0.89999997615814209 -6.7374939918518066
v -0.20000037550926208 2.4000000953674316 -5.6124939918518066
v -0.20000037550926208 2.4000000953674316 -6.3624939918518066
v -0.20000037550926208 2.4000000953674316 -7.1124939918518066
v 3.8146973224684189E-07 2.4000000953674316 -5.6124939918518066
v 3.8146973224684189E-07 2.4000000953674316 -6.3624939918518066
v 3.8146973224684189E-07 2.4000000953674316 -7.1124939918518066
v 3.8146973224684189E-07 2.4000000953674316 -5.9874939918518066
v 3.8146973224684189E-07 2.4000000953674316 -6.7374939918518066
v -0.20000037550926208 2.4000000953674316 -6.7374939918518066
v -0.20000037550926208 2.4000000953674316 -5.9874939918518066
vt 0.62773722410202026 0.44356217980384827
vt 0.62773722410202026 0.7428322434425354
vt 0.99853515625 0.44356217980384827
vt 0.99853515625 0.7428322434425354
vt 0.64833712577819824 0.44356217980384827
vt 0.66893696784973145 0.44356217980384827
vt 0.68953686952590942 0.44356217980384827
vt 0.7101367712020874 0.44356217980384827
vt 0.73073667287826538 0.44356217980384827
vt 0.75133651494979858 0.44356217980384827
vt 0.77193641662597656 0.44356217980384827
vt 0.79253631830215454 0.44356217980384827
vt 0.81313621997833252 0.44356217980384827
vt 0.83373606204986572 0.44356217980384827
vt 0.8543359637260437 0.44356217980384827
vt 0.87493586540222168 0.44356217980384827
vt 0.89553570747375488 0.44356217980384827
vt 0.91613560914993286 0.44356217980384827
vt 0.93673551082611084 0.44356217980384827
vt 0.95733541250228882 0.44356217980384827
vt 0.97793525457382202 0.44356217980384827
vt 0.78471851348876953 0.60118120908737183
vt 0.75797379016876221 0.60118120908737183
vt 0.73122906684875488 0.60118120908737183
vt 0.63500779867172241 0.59388196468353271
vt 0.6667596697807312 0.59388196468353271
vt 0.69851160049438477 0.59388196468353271
vt 0.99126458168029785 0.56805384159088135
vt 0.95805203914642334 0.56805384159088135
vt 0.92483943700790405 0.56805384159088135
vt 0.89162683486938477 0.56805384159088135
vt 0.85841423273086548 0.56805384159088135
vt 0.82520163059234619 0.56805384159088135
vt 0.7919890284538269 0.56805384159088135
vt 0.99126458168029785 0.56075459718704224
vt 0.99126458168029785 0.54976528882980347
vt 0.99126458168029785 0.5387759804725647
vt 0.99126458168029785 0.52778667211532593
vt 0.99126458168029785 0.51679730415344238
vt 0.99126458168029785 0.50580799579620361
vt 0.99126458168029785 0.49481868743896484
vt 0.99126458168029785 0.48382937908172607
vt 0.99126458168029785 0.4728400707244873
vt 0.99126458168029785 0.46185076236724854
vt 0.99126458168029785 0.45086142420768738
vt 0.62773722410202026 0.70542347431182861
vt 0.62773722410202026 0.66801470518112183
vt 0.62773722410202026 0.63060593605041504
vt 0.62773722410202026 0.59319722652435303
vt 0.62773722410202026 0.55578845739364624
vt 0.62773722410202026 0.51837968826293945
vt 0.62773722410202026 0.48097091913223267
vt 0.97793525457382202 0.7428322434425354
vt 0.95733541250228882 0.7428322434425354
vt 0.93673551082611084 0.7428322434425354
vt 0.91613560914993286 0.7428322434425354
vt 0.89553570747375488 0.7428322434425354
vt 0.87493586540222168 0.7428322434425354
vt 0.8543359637260437 0.7428322434425354
vt 0.83373606204986572 0.7428322434425354
vt 0.81313621997833252 0.7428322434425354
vt 0.79253631830215454 0.7428322434425354
vt 0.77193641662597656 0.7428322434425354
vt 0.75133651494979858 0.7428322434425354
vt 0.73073667287826538 0.7428322434425354
vt 0.7101367712020874 0.7428322434425354
vt 0.68953686952590942 0.7428322434425354
vt 0.66893696784973145 0.7428322434425354
vt 0.64833712577819824 0.7428322434425354
vt 0.99853515625 0.46018826961517334
vt 0.99853515625 0.4768143892288208
vt 0.99853515625 0.49344050884246826
vt 0.99853515625 0.51006662845611572
vt 0.99853515625 0.52669274806976318
vt 0.99853515625 0.54331886768341064
vt 0.99853515625 0.55994498729705811
vt 0.99853515625 0.57657110691070557
vt 0.99853515625 0.59319722652435303
vt 0.99853515625 0.60982334613800049
vt 0.99853515625 0.62644940614700317
vt 0.99853515625 0.64307558536529541
vt 0.99853515625 0.6597016453742981
vt 0.99853515625 0.67632776498794556
vt 0.99853515625 0.69295388460159302
vt 0.99853515625 0.70958000421524048
vt 0.99853515625 0.72620612382888794
vt 0.78471851348876953 0.73553299903869629
vt 0.78471851348876953 0.70156329870223999
vt 0.63500779867172241 0.73553299903869629
vt 0.6499788761138916 0.73553299903869629
vt 0.66494989395141602 0.73553299903869629
vt 0.67992097139358521 0.73553299903869629
vt 0.69489204883575439 0.73553299903869629
vt 0.70986312627792358 0.73553299903869629
vt 0.72483420372009277 0.73553299903869629
vt 0.73980528116226196 0.73553299903869629
vt 0.75477635860443115 0.73553299903869629
vt 0.76974743604660034 0.73553299903869629
vt 0.63500779867172241 0.60118120908737183
vt 0.63500779867172241 0.63476914167404175
vt 0.63500779867172241 0.66835707426071167
vt 0.63500779867172241 0.70194506645202637
vt 0.63500779867172241 0.45086142420768738
vt 0.63500779867172241 0.48661655187606812
vt 0.63500779867172241 0.52237170934677124
vt 0.63500779867172241 0.55812680721282959
vt 0.78471851348876953 0.45086142420768738
vt 0.76974743604660034 0.45086142420768738
vt 0.75477635860443115 0.45086142420768738
vt 0.73980528116226196 0.45086142420768738
vt 0.72483420372009277 0.45086142420768738
vt 0.70986312627792358 0.45086142420768738
vt 0.69489204883575439 0.45086142420768738
vt 0.67992097139358521 0.45086142420768738
vt 0.66494989395141602 0.45086142420768738
vt 0.6499788761138916 0.45086142420768738
vt 0.78471851348876953 0.59388196468353271
vt 0.78471851348876953 0.56276428699493408
vt 0.78471851348876953 0.53164666891098022
vt 0.99126458168029785 0.73553299903869629
vt 0.99126458168029785 0.71878504753112793
vt 0.99126458168029785 0.70203715562820435
vt 0.99126458168029785 0.68528926372528076
vt 0.99126458168029785 0.6685413122177124
vt 0.99126458168029785 0.65179342031478882
vt 0.99126458168029785 0.63504552841186523
vt 0.99126458168029785 0.61829757690429688
vt 0.99126458168029785 0.60154968500137329
vt 0.99126458168029785 0.58480179309844971
vt 0.7919890284538269 0.73553299903869629
vt 0.81191658973693848 0.73553299903869629
vt 0.83184415102005005 0.73553299903869629
vt 0.85177171230316162 0.73553299903869629
vt 0.87169927358627319 0.73553299903869629
vt 0.89162683486938477 0.73553299903869629
vt 0.91155439615249634 0.73553299903869629
vt 0.93148195743560791 0.73553299903869629
vt 0.95140951871871948 0.73553299903869629
vt 0.97133708000183105 0.73553299903869629
vt 0.7919890284538269 0.60160809755325317
vt 0.7919890284538269 0.635162353515625
vt 0.7919890284538269 0.66871654987335205
vt 0.7919890284538269 0.56075459718704224
vt 0.82520163059234619 0.56075459718704224
vt 0.85841423273086548 0.56075459718704224
vt 0.89162683486938477 0.56075459718704224
vt 0.92483943700790405 0.56075459718704224
vt 0.95805203914642334 0.56075459718704224
vt 0.7919890284538269 0.45086142420768738
vt 0.7919890284538269 0.47483068704605103
vt 0.7919890284538269 0.49879994988441467
vt 0.97133708000183105 0.45086142420768738
vt 0.95140951871871948 0.45086142420768738
vt 0.93148195743560791 0.45086142420768738
vt 0.91155439615249634 0.45086142420768738
vt 0.89162683486938477 0.45086142420768738
vt 0.87169927358627319 0.45086142420768738
vt 0.85177171230316162 0.45086142420768738
vt 0.83184415102005005 0.45086142420768738
vt 0.81191658973693848 0.45086142420768738
vt 0.78471851348876953 0.66871654987335205
vt 0.7919890284538269 0.70156329870223999
vt 0.78471851348876953 0.63494890928268433
vt 0.73122906684875488 0.59388196468353271
vt 0.69851160049438477 0.60118120908737183
vt 0.6667596697807312 0.60118120908737183
vt 0.75797379016876221 0.59388196468353271
vt 0.78471851348876953 0.49879994988441467
vt 0.7919890284538269 0.53164666891098022
vt 0.78471851348876953 0.47483068704605103
vt 0.27514639496803284 0
vt 0.27514639496803284 0.37226277589797974
vt 0.28883251547813416 0.1145423948764801
vt 0.28883251547813416 0.14317798614501953
vt 0.28883251547813416 0.17181359231472015
vt 0.28883251547813416 0.20044919848442078
vt 0.28883251547813416 0.22908478975296021
vt 0.28883251547813416 0.25772038102149963
vt 0.30251866579055786 0.1145423948764801
vt 0.30251866579055786 0.14317798614501953
vt 0.30251866579055786 0.17181359231472015
vt 0.30251866579055786 0.20044919848442078
vt 0.30251866579055786 0.22908478975296021
vt 0.31620478630065918 0.1145423948764801
vt 0.31620478630065918 0.14317798614501953
vt 0.31620478630065918 0.17181359231472015
vt 0.31620478630065918 0.20044919848442078
vt 0.31620478630065918 0.22908478975296021
vt 0.3298909068107605 0
vt 0.3298909068107605 0.1145423948764801
vt 0.3298909068107605 0.14317798614501953
vt 0.3298909068107605 0.17181359231472015
vt 0.3298909068107605 0.20044919848442078
vt 0.3298909068107605 0.22908478975296021
vt 0.3298909068107605 0.25772038102149963
vt 0.3435770571231842 0.1145423948764801
vt 0.3435770571231842 0.14317798614501953
vt 0.3435770571231842 0.17181359231472015
vt 0.3435770571231842 0.20044919848442078
vt 0.3435770571231842 0.22908478975296021
vt 0.3435770571231842 0.25772038102149963
vt 0.35726317763328552 0.1145423948764801
vt 0.35726317763328552 0.14317798614501953
vt 0.35726317763328552 0.17181359231472015
vt 0.35726317763328552 0.20044919848442078
vt 0.35726317763328552 0.22908478975296021
vt 0.35726317763328552 0.34362718462944031
vt 0.37094929814338684 0.1145423948764801
vt 0.37094929814338684 0.14317798614501953
vt 0.37094929814338684 0.17181359231472015
vt 0.37094929814338684 0.20044919848442078
vt 0.37094929814338684 0.22908478975296021
vt 0.37094929814338684 0.25772038102149963
vt 0.37094929814338684 0.31499159336090088
vt 0.37094929814338684 0.34362718462944031
vt 0.38463544845581055 0
vt 0.38463544845581055 0.37226277589797974
vt 0.27514639496803284 0.35158148407936096
vt 0.27514639496803284 0.33090025186538696
vt 0.27514639496803284 0.31021896004676819
vt 0.27514639496803284 0.28953772783279419
vt 0.27514639496803284 0.26885643601417542
vt 0.27514639496803284 0.24817518889904022
vt 0.27514639496803284 0.22749391198158264
vt 0.27514639496803284 0.20681266486644745
vt 0.27514639496803284 0.18613138794898987
vt 0.27514639496803284 0.16545012593269348
vt 0.27514639496803284 0.14476886391639709
vt 0.27514639496803284 0.12408759444952011
vt 0.27514639496803284 0.10340633243322372
vt 0.27514639496803284 0.082725062966346741
vt 0.27514639496803284 0.062043797224760056
vt 0.27514639496803284 0.04136253148317337
vt 0.27514639496803284 0.020681265741586685
vt 0.29339456558227539 0
vt 0.31164273619651794 0
vt 0.34813910722732544 0
vt 0.36638727784156799 0
vt 0.38463544845581055 0.020681265741586685
vt 0.38463544845581055 0.04136253148317337
vt 0.38463544845581055 0.062043797224760056
vt 0.38463544845581055 0.082725062966346741
vt 0.38463544845581055 0.10340633243322372
vt 0.38463544845581055 0.12408759444952011
vt 0.38463544845581055 0.14476886391639709
vt 0.38463544845581055 0.16545012593269348
vt 0.38463544845581055 0.18613138794898987
vt 0.38463544845581055 0.20681266486644745
vt 0.38463544845581055 0.22749391198158264
vt 0.38463544845581055 0.24817518889904022
vt 0.38463544845581055 0.26885643601417542
vt 0.38463544845581055 0.28953772783279419
vt 0.38463544845581055 0.31021896004676819
vt 0.38463544845581055 0.33090025186538696
vt 0.38463544845581055 0.35158148407936096
vt 0.36899414658546448 0.37226277589797974
vt 0.35335284471511841 0.37226277589797974
vt 0.33771157264709473 0.37226277589797974
vt 0.32207027077674866 0.37226277589797974
vt 0.30642896890640259 0.37226277589797974
vt 0.29078769683837891 0.37226277589797974
vt 0.30069383978843689 0.31798216700553894
vt 0.31894201040267944 0.31798216700553894
vt 0.337190181016922 0.31798216700553894
vt 0.35543835163116455 0.31798216700553894
vt 0.35543835163116455 0.26323765516281128
vt 0.337190181016922 0.26323765516281128
vt 0.31894201040267944 0.26323765516281128
vt 0.30069383978843689 0.26323765516281128
vt 0.30069383978843689 0.28148582577705383
vt 0.30069383978843689 0.29973399639129639
vt 0.35543835163116455 0.29973399639129639
vt 0.35543835163116455 0.28148582577705383
vt 0.30069383978843689 0.099863886833190918
vt 0.31894201040267944 0.099863886833190918
vt 0.337190181016922 0.099863886833190918
vt 0.35543835163116455 0.099863886833190918
vt 0.35543835163116455 0.045119360089302063
vt 0.337190181016922 0.045119360089302063
vt 0.31894201040267944 0.045119360089302063
vt 0.30069383978843689 0.045119360089302063
vt 0.30069383978843689 0.063367538154125214
vt 0.30069383978843689 0.081615716218948364
vt 0.35543835163116455 0.081615716218948364
vt 0.35543835163116455 0.063367538154125214
vt 0.28883251547813416 0.028635598719120026
vt 0.28883251547813416 0.085906796157360077
vt 0.31620478630065918 0.028635598719120026
vt 0.3298909068107605 0.028635598719120026
vt 0.3435770571231842 0.028635598719120026
vt 0.28883251547813416 0.31499159336090088
vt 0.28883251547813416 0.34362718462944031
vt 0.31620478630065918 0.34362718462944031
vt 0.3298909068107605 0.34362718462944031
vt 0.35726317763328552 0.028635598719120026
vt 0.37094929814338684 0.028635598719120026
vt 0.37094929814338684 0.085906796157360077
vt 0.35726317763328552 0.085906796157360077
vt 0.3435770571231842 0.34362718462944031
vt 0.40875911712646484 0.58652001619338989
vt 0.40875911712646484 0.73535734415054321
vt 0.51678335666656494 0.58652001619338989
vt 0.51678335666656494 0.73535734415054321
vt 0.40875911712646484 0.6396973729133606
vt 0.40875911712646484 0.61310869455337524
vt 0.46277123689651489 0.73535734415054321
vt 0.46277123689651489 0.58652001619338989
vt 0.46277123689651489 0.66093868017196655
vt 0.51678335666656494 0.60778248310089111
vt 0.51678335666656494 0.62904495000839233
vt 0.51678335666656494 0.65030741691589355
vt 0.51678335666656494 0.67156988382339478
vt 0.51678335666656494 0.692832350730896
vt 0.51678335666656494 0.71409487724304199
vt 0.48977726697921753 0.66093868017196655
vt 0.46277123689651489 0.62372934818267822
vt 0.48977726697921753 0.62372934818267822
vt 0.46277123689651489 0.69814801216125488
vt 0.48977726697921753 0.69814801216125488
vt 0.44476720690727234 0.6396973729133606
vt 0.4267631471157074 0.6396973729133606
vt 0.40875911712646484 0.67222398519515991
vt 0.4267631471157074 0.67222398519515991
vt 0.44476720690727234 0.67222398519515991
vt 0.44476720690727234 0.65596067905426025
vt 0.40875911712646484 0.70379066467285156
vt 0.51824820041656494 0.58652001619338989
vt 0.51824820041656494 0.73535734415054321
vt 0.62627238035202026 0.58652001619338989
vt 0.62627238035202026 0.73535734415054321
vt 0.51824820041656494 0.64965337514877319
vt 0.51824820041656494 0.61808669567108154
vt 0.57226026058197021 0.73535734415054321
vt 0.57226026058197021 0.58652001619338989
vt 0.57226026058197021 0.66093868017196655
vt 0.62627238035202026 0.60778248310089111
vt 0.62627238035202026 0.62904495000839233
vt 0.62627238035202026 0.65030741691589355
vt 0.62627238035202026 0.67156988382339478
vt 0.62627238035202026 0.692832350730896
vt 0.62627238035202026 0.71409487724304199
vt 0.59926635026931763 0.66093868017196655
vt 0.57226026058197021 0.62372934818267822
vt 0.59926635026931763 0.62372934818267822
vt 0.57226026058197021 0.69814801216125488
vt 0.59926635026931763 0.69814801216125488
vt 0.51824820041656494 0.68217992782592773
vt 0.53625220060348511 0.68217992782592773
vt 0.55425626039505005 0.68217992782592773
vt 0.55425626039505005 0.64965337514877319
vt 0.53625220060348511 0.64965337514877319
vt 0.55425626039505005 0.66591662168502808
vt 0.51824820041656494 0.70876860618591309
vt 0.13757319748401642 0
vt 0.13757319748401642 0.19859795272350311
vt 0.24706225097179413 0
vt 0.24706225097179413 0.19859795272350311
vt 0.13757319748401642 0.165498286485672
vt 0.13757319748401642 0.13239863514900208
vt 0.13757319748401642 0.099298976361751556
vt 0.13757319748401642 0.066199317574501038
vt 0.13757319748401642 0.033099658787250519
vt 0.19231772422790527 0.099298976361751556
vt 0.15321448445320129 0
vt 0.16885578632354736 0
vt 0.18449707329273224 0
vt 0.20013837516307831 0
vt 0.21577966213226318 0
vt 0.23142094910144806 0
vt 0.19231772422790527 0.049649488180875778
vt 0.16494545340538025 0.099298976361751556
vt 0.16494545340538025 0.049649488180875778
vt 0.2196899801492691 0.099298976361751556
vt 0.2196899801492691 0.049649488180875778
vt 0.24706225097179413 0.022066438570618629
vt 0.24706225097179413 0.044132877141237259
vt 0.24706225097179413 0.066199317574501038
vt 0.24706225097179413 0.088265754282474518
vt 0.24706225097179413 0.11033219844102859
vt 0.24706225097179413 0.13239863514900208
vt 0.24706225097179413 0.15446507930755615
vt 0.24706225097179413 0.17653150856494904
vt 0.19231772422790527 0.14894846081733704
vt 0.2196899801492691 0.14894846081733704
vt 0.10989315807819366 0.41904088854789734
vt 0 0.41904088854789734
vt 0.094194136559963226 0.43468219041824341
vt 0.078495115041732788 0.43468219041824341
vt 0.094194136559963226 0.45032349228858948
vt 0.078495115041732788 0.45032349228858948
vt 0.094194136559963226 0.46596476435661316
vt 0.078495115041732788 0.46596476435661316
vt 0.094194136559963226 0.48160606622695923
vt 0.078495115041732788 0.48160606622695923
vt 0.094194136559963226 0.4972473680973053
vt 0.078495115041732788 0.4972473680973053
vt 0.094194136559963226 0.51288866996765137
vt 0.078495115041732788 0.51288866996765137
vt 0.10989315807819366 0.52852994203567505
vt 0 0.52852994203567505
vt 0.01098931860178709 0.41904088854789734
vt 0.021978629752993584 0.41904088854789734
vt 0.032967947423458099 0.41904088854789734
vt 0.043957259505987167 0.41904088854789734
vt 0.054946579039096832 0.41904088854789734
vt 0.065935894846916199 0.41904088854789734
vt 0.076925210654735565 0.41904088854789734
vt 0.087914526462554932 0.41904088854789734
vt 0.098903842270374298 0.41904088854789734
vt 0.10989315807819366 0.42998981475830078
vt 0.10989315807819366 0.44093871116638184
vt 0.10989315807819366 0.45188760757446289
vt 0.10989315807819366 0.46283653378486633
vt 0.10989315807819366 0.47378543019294739
vt 0.10989315807819366 0.48473432660102844
vt 0.10989315807819366 0.4956832230091095
vt 0.10989315807819366 0.50663214921951294
vt 0.10989315807819366 0.51758104562759399
vt 0.098903842270374298 0.52852994203567505
vt 0.087914526462554932 0.52852994203567505
vt 0.076925210654735565 0.52852994203567505
vt 0.065935894846916199 0.52852994203567505
vt 0.054946579039096832 0.52852994203567505
vt 0.043957259505987167 0.52852994203567505
vt 0.032967947423458099 0.52852994203567505
vt 0.021978629752993584 0.52852994203567505
vt 0.01098931860178709 0.52852994203567505
vt 0 0.51758104562759399
vt 0 0.50663214921951294
vt 0 0.4956832230091095
vt 0 0.48473432660102844
vt 0 0.47378543019294739
vt 0 0.46283653378486633
vt 0 0.45188760757446289
vt 0 0.44093871116638184
vt 0 0.42998981475830078
vt 0.015528010204434395 0.44458833336830139
vt 0.015528010204434395 0.45553725957870483
vt 0.015528010204434395 0.46648615598678589
vt 0.015528010204434395 0.47743505239486694
vt 0.015528010204434395 0.488383948802948
vt 0.015528010204434395 0.49933287501335144
vt 0.070272535085678101 0.49933287501335144
vt 0.070272535085678101 0.488383948802948
vt 0.070272535085678101 0.47743505239486694
vt 0.070272535085678101 0.46648615598678589
vt 0.070272535085678101 0.45553725957870483
vt 0.070272535085678101 0.44458833336830139
vt 0.059323627501726151 0.44458833336830139
vt 0.048374723643064499 0.44458833336830139
vt 0.037425819784402847 0.44458833336830139
vt 0.026476914063096046 0.44458833336830139
vt 0.026476914063096046 0.49933287501335144
vt 0.037425819784402847 0.49933287501335144
vt 0.048374723643064499 0.49933287501335144
vt 0.059323627501726151 0.49933287501335144
vt 0.047097064554691315 0.43468219041824341
vt 0.031398043036460876 0.43468219041824341
vt 0.015699021518230438 0.43468219041824341
vt 0.047097064554691315 0.51288866996765137
vt 0.031398043036460876 0.51288866996765137
vt 0.015699021518230438 0.51288866996765137
vt 0.29780521988868713 0.77021133899688721
vt 0 0.77021133899688721
vt 0.29780521988868713 0.8797004222869873
vt 0 0.8797004222869873
vt 0.037225652486085892 0.77021133899688721
vt 0.074451304972171783 0.77021133899688721
vt 0.11167696118354797 0.77021133899688721
vt 0.14890260994434357 0.77021133899688721
vt 0.18612827360630035 0.77021133899688721
vt 0.22335392236709595 0.77021133899688721
vt 0.26057958602905273 0.77021133899688721
vt 0.14890260994434357 0.8797004222869873
vt 0 0.82495588064193726
vt 0.29780521988868713 0.82495588064193726
vt 0.14890260994434357 0.82495588064193726
vt 0.074451304972171783 0.82495588064193726
vt 0.14890260994434357 0.79758363962173462
vt 0.074451304972171783 0.79758363962173462
vt 0.22335392236709595 0.82495588064193726
vt 0.22335392236709595 0.79758363962173462
vt 0 0.86145222187042236
vt 0 0.8432040810585022
vt 0 0.80670768022537231
vt 0 0.78845953941345215
vt 0.074451304972171783 0.8797004222869873
vt 0.14890260994434357 0.85232812166213989
vt 0.074451304972171783 0.85232812166213989
vt 0.037225652486085892 0.85232812166213989
vt 0.074451304972171783 0.86601430177688599
vt 0.037225652486085892 0.86601430177688599
vt 0.037225652486085892 0.82495588064193726
vt 0.074451304972171783 0.83864200115203857
vt 0.037225652486085892 0.83864200115203857
vt 0.037225652486085892 0.79758363962173462
vt 0.074451304972171783 0.81126976013183594
vt 0.037225652486085892 0.81126976013183594
vt 0.074451304972171783 0.78389745950698853
vt 0.037225652486085892 0.78389745950698853
vt 0.29780521988868713 0.78845953941345215
vt 0.29780521988868713 0.80670768022537231
vt 0.29780521988868713 0.8432040810585022
vt 0.29780521988868713 0.86145222187042236
vt 0.26057958602905273 0.79758363962173462
vt 0.22335392236709595 0.78389745950698853
vt 0.26057958602905273 0.78389745950698853
vt 0.26057958602905273 0.82495588064193726
vt 0.22335392236709595 0.81126976013183594
vt 0.26057958602905273 0.81126976013183594
vt 0.22335392236709595 0.8797004222869873
vt 0.22335392236709595 0.85232812166213989
vt 0.26057958602905273 0.85232812166213989
vt 0.22335392236709595 0.83864200115203857
vt 0.26057958602905273 0.83864200115203857
vt 0.22335392236709595 0.86601430177688599
vt 0.26057958602905273 0.86601430177688599
vt 0.27298814058303833 0.8797004222869873
vt 0.24817101657390594 0.8797004222869873
vt 0.19853681325912476 0.8797004222869873
vt 0.17371971905231476 0.8797004222869873
vt 0.12408551573753357 0.8797004222869873
vt 0.099268406629562378 0.8797004222869873
vt 0.049634210765361786 0.8797004222869873
vt 0.024817096069455147 0.8797004222869873
vt 0.29927006363868713 0.41904088854789734
vt 0.29927006363868713 0.79130369424819946
vt 0.31277310848236084 0.53358328342437744
vt 0.31277310848236084 0.56221890449523926
vt 0.31277310848236084 0.5908544659614563
vt 0.31277310848236084 0.61949008703231812
vt 0.31277310848236084 0.64812570810317993
vt 0.31277310848236084 0.67676126956939697
vt 0.32627612352371216 0.56221890449523926
vt 0.32627612352371216 0.5908544659614563
vt 0.32627612352371216 0.61949008703231812
vt 0.32627612352371216 0.64812570810317993
vt 0.32627612352371216 0.67676126956939697
vt 0.33977913856506348 0.56221890449523926
vt 0.33977913856506348 0.5908544659614563
vt 0.33977913856506348 0.61949008703231812
vt 0.33977913856506348 0.64812570810317993
vt 0.33977913856506348 0.67676126956939697
vt 0.35328218340873718 0.53358328342437744
vt 0.35328218340873718 0.56221890449523926
vt 0.35328218340873718 0.5908544659614563
vt 0.35328218340873718 0.61949008703231812
vt 0.35328218340873718 0.64812570810317993
vt 0.35328218340873718 0.67676126956939697
vt 0.35328218340873718 0.79130369424819946
vt 0.3667851984500885 0.53358328342437744
vt 0.3667851984500885 0.56221890449523926
vt 0.3667851984500885 0.5908544659614563
vt 0.3667851984500885 0.61949008703231812
vt 0.3667851984500885 0.64812570810317993
vt 0.3667851984500885 0.67676126956939697
vt 0.38028824329376221 0.44767650961875916
vt 0.38028824329376221 0.56221890449523926
vt 0.38028824329376221 0.5908544659614563
vt 0.38028824329376221 0.61949008703231812
vt 0.38028824329376221 0.64812570810317993
vt 0.38028824329376221 0.67676126956939697
vt 0.39379125833511353 0.44767650961875916
vt 0.39379125833511353 0.47631210088729858
vt 0.39379125833511353 0.53358328342437744
vt 0.39379125833511353 0.56221890449523926
vt 0.39379125833511353 0.5908544659614563
vt 0.39379125833511353 0.61949008703231812
vt 0.39379125833511353 0.64812570810317993
vt 0.39379125833511353 0.67676126956939697
vt 0.39379125833511353 0.70539689064025879
vt 0.40729427337646484 0.41904088854789734
vt 0.40729427337646484 0.79130369424819946
vt 0.29927006363868713 0.7706223726272583
vt 0.29927006363868713 0.74994117021560669
vt 0.29927006363868713 0.72925984859466553
vt 0.29927006363868713 0.70857864618301392
vt 0.29927006363868713 0.68789732456207275
vt 0.29927006363868713 0.66721606254577637
vt 0.29927006363868713 0.64653480052947998
vt 0.29927006363868713 0.62585353851318359
vt 0.29927006363868713 0.60517227649688721
vt 0.29927006363868713 0.58449101448059082
vt 0.29927006363868713 0.56380975246429443
vt 0.29927006363868713 0.54312849044799805
vt 0.29927006363868713 0.52244722843170166
vt 0.29927006363868713 0.50176596641540527
vt 0.29927006363868713 0.48108470439910889
vt 0.29927006363868713 0.4604034423828125
vt 0.29927006363868713 0.43972215056419373
vt 0.38929024338722229 0.79130369424819946
vt 0.37128621339797974 0.79130369424819946
vt 0.33527815341949463 0.79130369424819946
vt 0.31727409362792969 0.79130369424819946
vt 0.31470209360122681 0.41904088854789734
vt 0.33013412356376648 0.41904088854789734
vt 0.34556615352630615 0.41904088854789734
vt 0.36099818348884583 0.41904088854789734
vt 0.3764302134513855 0.41904088854789734
vt 0.39186224341392517 0.41904088854789734
vt 0.40729427337646484 0.43972215056419373
vt 0.40729427337646484 0.4604034423828125
vt 0.40729427337646484 0.48108470439910889
vt 0.40729427337646484 0.50176596641540527
vt 0.40729427337646484 0.52244722843170166
vt 0.40729427337646484 0.54312849044799805
vt 0.40729427337646484 0.56380975246429443
vt 0.40729427337646484 0.58449101448059082
vt 0.40729427337646484 0.60517227649688721
vt 0.40729427337646484 0.62585353851318359
vt 0.40729427337646484 0.64653480052947998
vt 0.40729427337646484 0.66721606254577637
vt 0.40729427337646484 0.68789732456207275
vt 0.40729427337646484 0.70857864618301392
vt 0.40729427337646484 0.72925984859466553
vt 0.40729427337646484 0.74994117021560669
vt 0.40729427337646484 0.7706223726272583
vt 0.37848782539367676 0.47176724672317505
vt 0.3604837954044342 0.47176724672317505
vt 0.34247976541519165 0.47176724672317505
vt 0.3244757354259491 0.47176724672317505
vt 0.3244757354259491 0.5265117883682251
vt 0.34247976541519165 0.5265117883682251
vt 0.3604837954044342 0.5265117883682251
vt 0.37848782539367676 0.5265117883682251
vt 0.3244757354259491 0.4900154173374176
vt 0.3244757354259491 0.50826358795166016
vt 0.37848782539367676 0.50826358795166016
vt 0.37848782539367676 0.4900154173374176
vt 0.37848782539367676 0.7000308632850647
vt 0.3604837954044342 0.7000308632850647
vt 0.34247976541519165 0.7000308632850647
vt 0.3244757354259491 0.7000308632850647
vt 0.3244757354259491 0.75477540493011475
vt 0.34247976541519165 0.75477540493011475
vt 0.3604837954044342 0.75477540493011475
vt 0.37848782539367676 0.75477540493011475
vt 0.3244757354259491 0.71827906370162964
vt 0.3244757354259491 0.7365272045135498
vt 0.37848782539367676 0.7365272045135498
vt 0.37848782539367676 0.71827906370162964
vt 0.31277310848236084 0.44767650961875916
vt 0.31277310848236084 0.5049477219581604
vt 0.33977913856506348 0.44767650961875916
vt 0.35328218340873718 0.44767650961875916
vt 0.31277310848236084 0.73403245210647583
vt 0.31277310848236084 0.76266807317733765
vt 0.33977913856506348 0.76266807317733765
vt 0.35328218340873718 0.76266807317733765
vt 0.3667851984500885 0.44767650961875916
vt 0.38028824329376221 0.73403245210647583
vt 0.38028824329376221 0.76266807317733765
vt 0.39379125833511353 0.76266807317733765
vt 0.3667851984500885 0.76266807317733765
vt 0.29780521988868713 0.65329837799072266
vt 0 0.65329837799072266
vt 0.20617285370826721 0.66698449850082397
vt 0.18326474726200104 0.66698449850082397
vt 0.16035665571689606 0.66698449850082397
vt 0.13744856417179108 0.66698449850082397
vt 0.1145404651761055 0.66698449850082397
vt 0.20617285370826721 0.68067061901092529
vt 0.18326474726200104 0.68067061901092529
vt 0.16035665571689606 0.68067061901092529
vt 0.13744856417179108 0.68067061901092529
vt 0.1145404651761055 0.68067061901092529
vt 0.20617285370826721 0.69435673952102661
vt 0.18326474726200104 0.69435673952102661
vt 0.16035665571689606 0.69435673952102661
vt 0.13744856417179108 0.69435673952102661
vt 0.1145404651761055 0.69435673952102661
vt 0.20617285370826721 0.70804291963577271
vt 0.18326474726200104 0.70804291963577271
vt 0.16035665571689606 0.70804291963577271
vt 0.13744856417179108 0.70804291963577271
vt 0.1145404651761055 0.70804291963577271
vt 0.20617285370826721 0.72172904014587402
vt 0.18326474726200104 0.72172904014587402
vt 0.16035665571689606 0.72172904014587402
vt 0.13744856417179108 0.72172904014587402
vt 0.1145404651761055 0.72172904014587402
vt 0.20617285370826721 0.73541516065597534
vt 0.18326474726200104 0.73541516065597534
vt 0.16035665571689606 0.73541516065597534
vt 0.13744856417179108 0.73541516065597534
vt 0.1145404651761055 0.73541516065597534
vt 0.20617285370826721 0.74910128116607666
vt 0.18326474726200104 0.74910128116607666
vt 0.16035665571689606 0.74910128116607666
vt 0.13744856417179108 0.74910128116607666
vt 0.1145404651761055 0.74910128116607666
vt 0.091632373631000519 0.74910128116607666
vt 0.29780521988868713 0.76278740167617798
vt 0 0.76278740167617798
vt 0.01654474250972271 0.65329837799072266
vt 0.033089466392993927 0.65329837799072266
vt 0.049634210765361786 0.65329837799072266
vt 0.066178932785987854 0.65329837799072266
vt 0.082723677158355713 0.65329837799072266
vt 0.099268406629562378 0.65329837799072266
vt 0.11581314355134964 0.65329837799072266
vt 0.13235786557197571 0.65329837799072266
vt 0.14890260994434357 0.65329837799072266
vt 0.16544735431671143 0.65329837799072266
vt 0.18199208378791809 0.65329837799072266
vt 0.19853681325912476 0.65329837799072266
vt 0.21508155763149261 0.65329837799072266
vt 0.23162628710269928 0.65329837799072266
vt 0.24817101657390594 0.65329837799072266
vt 0.2647157609462738 0.65329837799072266
vt 0.28126049041748047 0.65329837799072266
vt 0.29780521988868713 0.66893965005874634
vt 0.29780521988868713 0.68458098173141479
vt 0.29780521988868713 0.70022225379943848
vt 0.29780521988868713 0.71586352586746216
vt 0.29780521988868713 0.73150485754013062
vt 0.29780521988868713 0.7471461296081543
vt 0 0.7471461296081543
vt 0 0.73150485754013062
vt 0 0.71586352586746216
vt 0 0.70022225379943848
vt 0 0.68458098173141479
vt 0 0.66893965005874634
vt 0.28126049041748047 0.76278740167617798
vt 0.2647157609462738 0.76278740167617798
vt 0.24817101657390594 0.76278740167617798
vt 0.23162628710269928 0.76278740167617798
vt 0.21508155763149261 0.76278740167617798
vt 0.19853681325912476 0.76278740167617798
vt 0.18199208378791809 0.76278740167617798
vt 0.16544735431671143 0.76278740167617798
vt 0.14890260994434357 0.76278740167617798
vt 0.13235786557197571 0.76278740167617798
vt 0.11581314355134964 0.76278740167617798
vt 0.099268406629562378 0.76278740167617798
vt 0.082723677158355713 0.76278740167617798
vt 0.066178932785987854 0.76278740167617798
vt 0.049634210765361786 0.76278740167617798
vt 0.033089466392993927 0.76278740167617798
vt 0.01654474250972271 0.76278740167617798
vt 0.27508968114852905 0.73359036445617676
vt 0.27508968114852905 0.71990418434143066
vt 0.27508968114852905 0.70621806383132935
vt 0.27508968114852905 0.69253194332122803
vt 0.27508968114852905 0.67884582281112671
vt 0.22061312198638916 0.67884582281112671
vt 0.22061312198638916 0.69253194332122803
vt 0.22061312198638916 0.70621806383132935
vt 0.22061312198638916 0.71990418434143066
vt 0.22061312198638916 0.73359036445617676
vt 0.26147055625915527 0.67884582281112671
vt 0.24785140156745911 0.67884582281112671
vt 0.23423226177692413 0.67884582281112671
vt 0.23423226177692413 0.73359036445617676
vt 0.24785140156745911 0.73359036445617676
vt 0.26147055625915527 0.73359036445617676
vt 0.093972288072109222 0.73359036445617676
vt 0.093972288072109222 0.71990418434143066
vt 0.093972288072109222 0.70621806383132935
vt 0.093972288072109222 0.69253194332122803
vt 0.093972288072109222 0.67884582281112671
vt 0.039495721459388733 0.67884582281112671
vt 0.039495721459388733 0.69253194332122803
vt 0.039495721459388733 0.70621806383132935
vt 0.039495721459388733 0.71990418434143066
vt 0.039495721459388733 0.73359036445617676
vt 0.080353140830993652 0.67884582281112671
vt 0.066734015941619873 0.67884582281112671
vt 0.053114868700504303 0.67884582281112671
vt 0.053114868700504303 0.73359036445617676
vt 0.066734015941619873 0.73359036445617676
vt 0.080353140830993652 0.73359036445617676
vt 0.27489712834358215 0.66698449850082397
vt 0.22908094525337219 0.66698449850082397
vt 0.068724282085895538 0.66698449850082397
vt 0.045816186815500259 0.66698449850082397
vt 0.02290809340775013 0.66698449850082397
vt 0.02290809340775013 0.69435673952102661
vt 0.02290809340775013 0.70804291963577271
vt 0.27489712834358215 0.73541516065597534
vt 0.27489712834358215 0.74910128116607666
vt 0.22908094525337219 0.74910128116607666
vt 0.22908094525337219 0.73541516065597534
vt 0.068724282085895538 0.73541516065597534
vt 0.02290809340775013 0.72172904014587402
vt 0.02290809340775013 0.73541516065597534
vt 0.045816186815500259 0.73541516065597534
vt 0.045816186815500259 0.74910128116607666
vt 0.02290809340775013 0.74910128116607666
vt 0.28161138296127319 0.41904088854789734
vt 0.14725963771343231 0.41904088854789734
vt 0.28161138296127319 0.52852994203567505
vt 0.14725963771343231 0.52852994203567505
vt 0.24764169752597809 0.41904088854789734
vt 0.21443550288677216 0.52852994203567505
vt 0.14725963771343231 0.47378543019294739
vt 0.21443550288677216 0.47378543019294739
vt 0.28161138296127319 0.43468219041824341
vt 0.28161138296127319 0.45032349228858948
vt 0.28161138296127319 0.46596476435661316
vt 0.28161138296127319 0.48160606622695923
vt 0.28161138296127319 0.4972473680973053
vt 0.28161138296127319 0.51288866996765137
vt 0.24802345037460327 0.47378543019294739
vt 0.21443550288677216 0.50115770101547241
vt 0.24802345037460327 0.50115770101547241
vt 0.25921943783760071 0.52852994203567505
vt 0.23682746291160583 0.52852994203567505
vt 0.19204354286193848 0.52852994203567505
vt 0.16965159773826599 0.52852994203567505
vt 0.21479497849941254 0.41904088854789734
vt 0.21479497849941254 0.43728908896446228
vt 0.21479497849941254 0.45553725957870483
vt 0.24764169752597809 0.45553725957870483
vt 0.24764169752597809 0.43728908896446228
vt 0.23121833801269531 0.45553725957870483
vt 0.18102730810642242 0.41904088854789734
vt 0.51824820041656494 0.73682218790054321
vt 0.51824820041656494 0.88565951585769653
vt 0.53368020057678223 0.73682218790054321
vt 0.53368020057678223 0.84313452243804932
vt 0.53368020057678223 0.86439704895019531
vt 0.54911226034164429 0.73682218790054321
vt 0.54911226034164429 0.84313452243804932
vt 0.54911226034164429 0.86439704895019531
vt 0.54911226034164429 0.88565951585769653
vt 0.56454426050186157 0.84313452243804932
vt 0.56454426050186157 0.86439704895019531
vt 0.57997632026672363 0.73682218790054321
vt 0.57997632026672363 0.84313452243804932
vt 0.57997632026672363 0.86439704895019531
vt 0.57997632026672363 0.88565951585769653
vt 0.59540832042694092 0.73682218790054321
vt 0.59540832042694092 0.84313452243804932
vt 0.59540832042694092 0.86439704895019531
vt 0.59540832042694092 0.88565951585769653
vt 0.61084038019180298 0.84313452243804932
vt 0.61084038019180298 0.86439704895019531
vt 0.61084038019180298 0.88565951585769653
vt 0.62627238035202026 0.73682218790054321
vt 0.62627238035202026 0.88565951585769653
vt 0.51824820041656494 0.87077575922012329
vt 0.51824820041656494 0.85589200258255005
vt 0.51824820041656494 0.84100830554962158
vt 0.51824820041656494 0.82612454891204834
vt 0.51824820041656494 0.81124085187911987
vt 0.51824820041656494 0.79635709524154663
vt 0.51824820041656494 0.78147339820861816
vt 0.51824820041656494 0.76658964157104492
vt 0.51824820041656494 0.75170588493347168
vt 0.56454426050186157 0.88565951585769653
vt 0.53368020057678223 0.88565951585769653
vt 0.56454426050186157 0.73682218790054321
vt 0.61084038019180298 0.73682218790054321
vt 0.62627238035202026 0.75170588493347168
vt 0.62627238035202026 0.76658964157104492
vt 0.62627238035202026 0.78147339820861816
vt 0.62627238035202026 0.79635709524154663
vt 0.62627238035202026 0.81124085187911987
vt 0.62627238035202026 0.82612454891204834
vt 0.62627238035202026 0.84100830554962158
vt 0.62627238035202026 0.85589200258255005
vt 0.62627238035202026 0.87077575922012329
vt 0.54345381259918213 0.8199772834777832
vt 0.55695682764053345 0.8199772834777832
vt 0.57045990228652954 0.8199772834777832
vt 0.58396291732788086 0.8199772834777832
vt 0.59746593236923218 0.8199772834777832
vt 0.59746593236923218 0.76576632261276245
vt 0.58396291732788086 0.76576632261276245
vt 0.57045990228652954 0.76576632261276245
vt 0.55695682764053345 0.76576632261276245
vt 0.54345381259918213 0.76576632261276245
vt 0.54345381259918213 0.77931904792785645
vt 0.54345381259918213 0.79287183284759521
vt 0.54345381259918213 0.80642455816268921
vt 0.59746593236923218 0.80642455816268921
vt 0.59746593236923218 0.79287183284759521
vt 0.59746593236923218 0.77931904792785645
vt 0.53368020057678223 0.75808465480804443
vt 0.53368020057678223 0.77934712171554565
vt 0.53368020057678223 0.80060958862304688
vt 0.56454426050186157 0.75808465480804443
vt 0.57997632026672363 0.75808465480804443
vt 0.53368020057678223 0.8218720555305481
vt 0.56454426050186157 0.8218720555305481
vt 0.57997632026672363 0.8218720555305481
vt 0.59540832042694092 0.75808465480804443
vt 0.61084038019180298 0.75808465480804443
vt 0.61084038019180298 0.80060958862304688
vt 0.61084038019180298 0.8218720555305481
vt 0.59540832042694092 0.8218720555305481
vt 0.13435174524784088 0.53616964817047119
vt 0 0.53616964817047119
vt 0.13435174524784088 0.64565867185592651
vt 0 0.64565867185592651
vt 0.03358793631196022 0.53616964817047119
vt 0.067175872623920441 0.53616964817047119
vt 0.10076381266117096 0.53616964817047119
vt 0.067175872623920441 0.64565867185592651
vt 0.13435174524784088 0.59091418981552124
vt 0.067175872623920441 0.59091418981552124
vt 0 0.63001739978790283
vt 0 0.61437612771987915
vt 0 0.59873479604721069
vt 0 0.58309352397918701
vt 0 0.56745225191116333
vt 0 0.55181092023849487
vt 0.03358793631196022 0.59091418981552124
vt 0.067175872623920441 0.61828643083572388
vt 0.03358793631196022 0.61828643083572388
vt 0.067175872623920441 0.56354188919067383
vt 0.03358793631196022 0.56354188919067383
vt 0.1119597926735878 0.64565867185592651
vt 0.08956783264875412 0.64565867185592651
vt 0.04478391632437706 0.64565867185592651
vt 0.022391961887478828 0.64565867185592651
vt 0.25526133179664612 0.30955183506011963
vt 0.11224081367254257 0.30955183506011963
vt 0.25526133179664612 0.41757604479789734
vt 0.11224081367254257 0.41757604479789734
vt 0.14799594879150391 0.30955183506011963
vt 0.18375107645988464 0.30955183506011963
vt 0.21950620412826538 0.30955183506011963
vt 0.11224081367254257 0.36356395483016968
vt 0.18375107645988464 0.36356395483016968
vt 0.25526133179664612 0.3249838650226593
vt 0.25526133179664612 0.34041589498519897
vt 0.25526133179664612 0.35584792494773865
vt 0.25526133179664612 0.37127995491027832
vt 0.25526133179664612 0.38671198487281799
vt 0.25526133179664612 0.40214401483535767
vt 0.21950620412826538 0.36356395483016968
vt 0.18375107645988464 0.33655789494514465
vt 0.21950620412826538 0.33655789494514465
vt 0.18375107645988464 0.3905700147151947
vt 0.21950620412826538 0.3905700147151947
vt 0.23142457008361816 0.41757604479789734
vt 0.2075878232717514 0.41757604479789734
vt 0.18375107645988464 0.41757604479789734
vt 0.15991431474685669 0.41757604479789734
vt 0.13607756793498993 0.41757604479789734
vt 0.40875911712646484 0.73682218790054321
vt 0.40875911712646484 0.88565951585769653
vt 0.42419114708900452 0.73682218790054321
vt 0.42419114708900452 0.75808465480804443
vt 0.42419114708900452 0.77934712171554565
vt 0.43962317705154419 0.73682218790054321
vt 0.43962317705154419 0.75808465480804443
vt 0.43962317705154419 0.77934712171554565
vt 0.43962317705154419 0.88565951585769653
vt 0.45505520701408386 0.73682218790054321
vt 0.45505520701408386 0.75808465480804443
vt 0.45505520701408386 0.77934712171554565
vt 0.45505520701408386 0.88565951585769653
vt 0.47048723697662354 0.73682218790054321
vt 0.47048723697662354 0.75808465480804443
vt 0.47048723697662354 0.77934712171554565
vt 0.47048723697662354 0.88565951585769653
vt 0.48591926693916321 0.73682218790054321
vt 0.48591926693916321 0.75808465480804443
vt 0.48591926693916321 0.77934712171554565
vt 0.48591926693916321 0.88565951585769653
vt 0.50135129690170288 0.73682218790054321
vt 0.50135129690170288 0.75808465480804443
vt 0.50135129690170288 0.77934712171554565
vt 0.50135129690170288 0.88565951585769653
vt 0.51678335666656494 0.73682218790054321
vt 0.51678335666656494 0.88565951585769653
vt 0.40875911712646484 0.87077575922012329
vt 0.40875911712646484 0.85589200258255005
vt 0.40875911712646484 0.84100830554962158
vt 0.40875911712646484 0.82612454891204834
vt 0.40875911712646484 0.81124085187911987
vt 0.40875911712646484 0.79635709524154663
vt 0.40875911712646484 0.78147339820861816
vt 0.40875911712646484 0.76658964157104492
vt 0.40875911712646484 0.75170588493347168
vt 0.42419114708900452 0.88565951585769653
vt 0.51678335666656494 0.75170588493347168
vt 0.51678335666656494 0.76658964157104492
vt 0.51678335666656494 0.78147339820861816
vt 0.51678335666656494 0.79635709524154663
vt 0.51678335666656494 0.81124085187911987
vt 0.51678335666656494 0.82612454891204834
vt 0.51678335666656494 0.84100830554962158
vt 0.51678335666656494 0.85589200258255005
vt 0.51678335666656494 0.87077575922012329
vt 0.48797687888145447 0.79399698972702026
vt 0.47447386384010315 0.79399698972702026
vt 0.46097081899642944 0.79399698972702026
vt 0.44746780395507812 0.79399698972702026
vt 0.43396475911140442 0.79399698972702026
vt 0.43396475911140442 0.84820801019668579
vt 0.44746780395507812 0.84820801019668579
vt 0.46097081899642944 0.84820801019668579
vt 0.47447386384010315 0.84820801019668579
vt 0.48797687888145447 0.84820801019668579
vt 0.43396475911140442 0.80754977464675903
vt 0.43396475911140442 0.82110249996185303
vt 0.43396475911140442 0.83465522527694702
vt 0.48797687888145447 0.83465522527694702
vt 0.48797687888145447 0.82110249996185303
vt 0.48797687888145447 0.80754977464675903
vt 0.42419114708900452 0.8218720555305481
vt 0.42419114708900452 0.84313452243804932
vt 0.42419114708900452 0.86439704895019531
vt 0.45505520701408386 0.86439704895019531
vt 0.47048723697662354 0.86439704895019531
vt 0.50135129690170288 0.8218720555305481
vt 0.50135129690170288 0.84313452243804932
vt 0.48591926693916321 0.86439704895019531
vt 0.50135129690170288 0.86439704895019531
vt 0.25526133179664612 0.20006279647350311
vt 0.11224081367254257 0.20006279647350311
vt 0.25526133179664612 0.30808699131011963
vt 0.11224081367254257 0.30808699131011963
vt 0.19302603602409363 0.20006279647350311
vt 0.22414368391036987 0.20006279647350311
vt 0.18375107645988464 0.30808699131011963
vt 0.25526133179664612 0.25407490134239197
vt 0.18375107645988464 0.25407490134239197
vt 0.11224081367254257 0.29265496134757996
vt 0.11224081367254257 0.27722296118736267
vt 0.11224081367254257 0.261790931224823
vt 0.11224081367254257 0.24635888636112213
vt 0.11224081367254257 0.23092685639858246
vt 0.11224081367254257 0.21549482643604279
vt 0.14799594879150391 0.25407490134239197
vt 0.18375107645988464 0.28108096122741699
vt 0.14799594879150391 0.28108096122741699
vt 0.23142457008361816 0.30808699131011963
vt 0.2075878232717514 0.30808699131011963
vt 0.15991431474685669 0.30808699131011963
vt 0.13607756793498993 0.30808699131011963
vt 0.16017931699752808 0.20006279647350311
vt 0.16017931699752808 0.21806682646274567
vt 0.16017931699752808 0.23607087135314941
vt 0.19302603602409363 0.23607087135314941
vt 0.19302603602409363 0.21806682646274567
vt 0.17660267651081085 0.23607087135314941
vt 0.13621006906032562 0.20006279647350311
vt 0.51824820041656494 0.41904088854789734
vt 0.51824820041656494 0.58505517244338989
vt 0.53368020057678223 0.41904088854789734
vt 0.53368020057678223 0.51390618085861206
vt 0.53368020057678223 0.53762251138687134
vt 0.53368020057678223 0.56133884191513062
vt 0.54911226034164429 0.41904088854789734
vt 0.54911226034164429 0.51390618085861206
vt 0.54911226034164429 0.53762251138687134
vt 0.54911226034164429 0.56133884191513062
vt 0.54911226034164429 0.58505517244338989
vt 0.56454426050186157 0.41904088854789734
vt 0.56454426050186157 0.51390618085861206
vt 0.56454426050186157 0.53762251138687134
vt 0.56454426050186157 0.56133884191513062
vt 0.57997632026672363 0.41904088854789734
vt 0.57997632026672363 0.51390618085861206
vt 0.57997632026672363 0.53762251138687134
vt 0.57997632026672363 0.56133884191513062
vt 0.57997632026672363 0.58505517244338989
vt 0.59540832042694092 0.41904088854789734
vt 0.59540832042694092 0.51390618085861206
vt 0.59540832042694092 0.53762251138687134
vt 0.59540832042694092 0.56133884191513062
vt 0.59540832042694092 0.58505517244338989
vt 0.61084038019180298 0.41904088854789734
vt 0.61084038019180298 0.51390618085861206
vt 0.61084038019180298 0.53762251138687134
vt 0.61084038019180298 0.56133884191513062
vt 0.61084038019180298 0.58505517244338989
vt 0.62627238035202026 0.41904088854789734
vt 0.62627238035202026 0.58505517244338989
vt 0.51824820041656494 0.56845372915267944
vt 0.51824820041656494 0.55185228586196899
vt 0.51824820041656494 0.53525090217590332
vt 0.51824820041656494 0.51864945888519287
vt 0.51824820041656494 0.50204801559448242
vt 0.51824820041656494 0.48544660210609436
vt 0.51824820041656494 0.4688451886177063
vt 0.51824820041656494 0.45224374532699585
vt 0.51824820041656494 0.43564233183860779
vt 0.56454426050186157 0.58505517244338989
vt 0.53368020057678223 0.58505517244338989
vt 0.62627238035202026 0.43564233183860779
vt 0.62627238035202026 0.45224374532699585
vt 0.62627238035202026 0.4688451886177063
vt 0.62627238035202026 0.48544660210609436
vt 0.62627238035202026 0.50204801559448242
vt 0.62627238035202026 0.51864945888519287
vt 0.62627238035202026 0.53525090217590332
vt 0.62627238035202026 0.55185228586196899
vt 0.62627238035202026 0.56845372915267944
vt 0.54345381259918213 0.50541400909423828
vt 0.55695682764053345 0.50541400909423828
vt 0.57045990228652954 0.50541400909423828
vt 0.58396291732788086 0.50541400909423828
vt 0.59746593236923218 0.50541400909423828
vt 0.59746593236923218 0.45114833116531372
vt 0.58396291732788086 0.45114833116531372
vt 0.57045990228652954 0.45114833116531372
vt 0.55695682764053345 0.45114833116531372
vt 0.54345381259918213 0.45114833116531372
vt 0.54345381259918213 0.46471473574638367
vt 0.54345381259918213 0.478281170129776
vt 0.54345381259918213 0.49184760451316833
vt 0.59746593236923218 0.49184760451316833
vt 0.59746593236923218 0.478281170129776
vt 0.59746593236923218 0.46471473574638367
vt 0.53368020057678223 0.44275721907615662
vt 0.53368020057678223 0.46647354960441589
vt 0.53368020057678223 0.49018988013267517
vt 0.56454426050186157 0.44275721907615662
vt 0.57997632026672363 0.44275721907615662
vt 0.59540832042694092 0.44275721907615662
vt 0.61084038019180298 0.44275721907615662
vt 0.61084038019180298 0.49018988013267517
vt 0.61084038019180298 0.46647354960441589
vt 0.59992122650146484 0.20952044427394867
vt 0.39985841512680054 0.20952044427394867
vt 0.57134079933166504 0.22516174614429474
vt 0.54276043176651001 0.22516174614429474
vt 0.51418000459671021 0.22516174614429474
vt 0.57134079933166504 0.24080303311347961
vt 0.54276043176651001 0.24080303311347961
vt 0.51418000459671021 0.24080303311347961
vt 0.39985841512680054 0.24080303311347961
vt 0.57134079933166504 0.25644433498382568
vt 0.54276043176651001 0.25644433498382568
vt 0.51418000459671021 0.25644433498382568
vt 0.39985841512680054 0.25644433498382568
vt 0.57134079933166504 0.27208563685417175
vt 0.54276043176651001 0.27208563685417175
vt 0.51418000459671021 0.27208563685417175
vt 0.39985841512680054 0.27208563685417175
vt 0.57134079933166504 0.28772690892219543
vt 0.54276043176651001 0.28772690892219543
vt 0.51418000459671021 0.28772690892219543
vt 0.39985841512680054 0.28772690892219543
vt 0.57134079933166504 0.3033682107925415
vt 0.54276043176651001 0.3033682107925415
vt 0.51418000459671021 0.3033682107925415
vt 0.39985841512680054 0.3033682107925415
vt 0.59992122650146484 0.31900951266288757
vt 0.39985841512680054 0.31900951266288757
vt 0.41986468434333801 0.20952044427394867
vt 0.43987095355987549 0.20952044427394867
vt 0.45987725257873535 0.20952044427394867
vt 0.47988352179527283 0.20952044427394867
vt 0.49988982081413269 0.20952044427394867
vt 0.51989609003067017 0.20952044427394867
vt 0.53990238904953003 0.20952044427394867
vt 0.55990862846374512 0.20952044427394867
vt 0.57991492748260498 0.20952044427394867
vt 0.39985841512680054 0.22516174614429474
vt 0.59992122650146484 0.22776862978935242
vt 0.59992122650146484 0.24601680040359497
vt 0.59992122650146484 0.26426497101783752
vt 0.59992122650146484 0.28251314163208008
vt 0.59992122650146484 0.30076131224632263
vt 0.57991492748260498 0.31900951266288757
vt 0.55990862846374512 0.31900951266288757
vt 0.53990238904953003 0.31900951266288757
vt 0.51989609003067017 0.31900951266288757
vt 0.49988982081413269 0.31900951266288757
vt 0.47988352179527283 0.31900951266288757
vt 0.45987725257873535 0.31900951266288757
vt 0.43987095355987549 0.31900951266288757
vt 0.41986468434333801 0.31900951266288757
vt 0.44528549909591675 0.23506788909435272
vt 0.44528549909591675 0.25331607460975647
vt 0.44528549909591675 0.27156424522399902
vt 0.44528549909591675 0.28981241583824158
vt 0.5000300407409668 0.28981241583824158
vt 0.5000300407409668 0.27156424522399902
vt 0.5000300407409668 0.25331607460975647
vt 0.5000300407409668 0.23506788909435272
vt 0.48178184032440186 0.23506788909435272
vt 0.4635336697101593 0.23506788909435272
vt 0.4635336697101593 0.28981241583824158
vt 0.48178184032440186 0.28981241583824158
vt 0.45701920986175537 0.22516174614429474
vt 0.42843881249427795 0.22516174614429474
vt 0.42843881249427795 0.25644433498382568
vt 0.42843881249427795 0.27208563685417175
vt 0.45701920986175537 0.3033682107925415
vt 0.42843881249427795 0.28772690892219543
vt 0.42843881249427795 0.3033682107925415
vt 0.40875911712646484 0.41904088854789734
vt 0.40875911712646484 0.58505517244338989
vt 0.51678335666656494 0.41904088854789734
vt 0.51678335666656494 0.58505517244338989
vt 0.40875911712646484 0.51882314682006836
vt 0.40875911712646484 0.48556241393089294
vt 0.40875911712646484 0.45230165123939514
vt 0.46277123689651489 0.58505517244338989
vt 0.46277123689651489 0.50204801559448242
vt 0.498779296875 0.58505517244338989
vt 0.48077526688575745 0.58505517244338989
vt 0.44476720690727234 0.58505517244338989
vt 0.4267631471157074 0.58505517244338989
vt 0.46277123689651489 0.54355156421661377
vt 0.48977726697921753 0.50204801559448242
vt 0.48977726697921753 0.54355156421661377
vt 0.51678335666656494 0.44275721907615662
vt 0.51678335666656494 0.46647354960441589
vt 0.51678335666656494 0.49018988013267517
vt 0.51678335666656494 0.51390618085861206
vt 0.51678335666656494 0.53762251138687134
vt 0.51678335666656494 0.56133884191513062
vt 0.44476720690727234 0.51882314682006836
vt 0.4267631471157074 0.51882314682006836
vt 0.40875911712646484 0.55138260126113892
vt 0.4267631471157074 0.55138260126113892
vt 0.44476720690727234 0.55138260126113892
vt 0.44476720690727234 0.53510290384292603
vt 0 0
vt 0 0.19859795272350311
vt 0.10948905348777771 0
vt 0.10948905348777771 0.19859795272350311
vt 0 0.165498286485672
vt 0 0.13239863514900208
vt 0 0.099298976361751556
vt 0 0.066199317574501038
vt 0 0.033099658787250519
vt 0.054744526743888855 0.19859795272350311
vt 0.054744526743888855 0
vt 0.054744526743888855 0.099298976361751556
vt 0.098540142178535461 0.19859795272350311
vt 0.087591245770454407 0.19859795272350311
vt 0.076642334461212158 0.19859795272350311
vt 0.065693430602550507 0.19859795272350311
vt 0.043795622885227203 0.19859795272350311
vt 0.032846715301275253 0.19859795272350311
vt 0.021897811442613602 0.19859795272350311
vt 0.010948905721306801 0.19859795272350311
vt 0.054744526743888855 0.14894846081733704
vt 0.082116790115833282 0.099298976361751556
vt 0.082116790115833282 0.14894846081733704
vt 0.082116790115833282 0.17377321422100067
vt 0.095802918076515198 0.14894846081733704
vt 0.095802918076515198 0.17377321422100067
vt 0.054744526743888855 0.17377321422100067
vt 0.06843065470457077 0.14894846081733704
vt 0.06843065470457077 0.17377321422100067
vt 0.027372263371944427 0.099298976361751556
vt 0.027372263371944427 0.14894846081733704
vt 0.027372263371944427 0.17377321422100067
vt 0.041058395057916641 0.14894846081733704
vt 0.041058395057916641 0.17377321422100067
vt 0.013686131685972214 0.14894846081733704
vt 0.013686131685972214 0.17377321422100067
vt 0.10948905348777771 0.022066438570618629
vt 0.10948905348777771 0.044132877141237259
vt 0.10948905348777771 0.066199317574501038
vt 0.10948905348777771 0.088265754282474518
vt 0.10948905348777771 0.11033219844102859
vt 0.10948905348777771 0.13239863514900208
vt 0.10948905348777771 0.15446507930755615
vt 0.10948905348777771 0.17653150856494904
vt 0.054744526743888855 0.049649488180875778
vt 0.082116790115833282 0.049649488180875778
vt 0.17926183342933655 0.53595387935638428
vt 0.17926183342933655 0.64584702253341675
vt 0.28875088691711426 0.53595387935638428
vt 0.28875088691711426 0.64584702253341675
vt 0.17926183342933655 0.58389240503311157
vt 0.17926183342933655 0.55992311239242554
vt 0.2340063601732254 0.64584702253341675
vt 0.2340063601732254 0.53595387935638428
vt 0.2340063601732254 0.5909004807472229
vt 0.1975100040435791 0.53595387935638428
vt 0.21575818955898285 0.53595387935638428
vt 0.25225454568862915 0.53595387935638428
vt 0.2705027163028717 0.53595387935638428
vt 0.2340063601732254 0.5634271502494812
vt 0.26137861609458923 0.5909004807472229
vt 0.26137861609458923 0.5634271502494812
vt 0.28875088691711426 0.55793249607086182
vt 0.28875088691711426 0.57991117238998413
vt 0.28875088691711426 0.60188978910446167
vt 0.28875088691711426 0.62386840581893921
vt 0.21575818955898285 0.58389240503311157
vt 0.1975100040435791 0.58389240503311157
vt 0.17926183342933655 0.61673909425735474
vt 0.1975100040435791 0.61673909425735474
vt 0.21575818955898285 0.61673909425735474
vt 0.21575818955898285 0.60031574964523315
vt 0.59992122650146484 0
vt 0.39985841512680054 0
vt 0.48559960722923279 0.015641294419765472
vt 0.45701920986175537 0.015641294419765472
vt 0.42843881249427795 0.015641294419765472
vt 0.48559960722923279 0.031282588839530945
vt 0.45701920986175537 0.031282588839530945
vt 0.42843881249427795 0.031282588839530945
vt 0.48559960722923279 0.046923879534006119
vt 0.45701920986175537 0.046923879534006119
vt 0.42843881249427795 0.046923879534006119
vt 0.48559960722923279 0.06256517767906189
vt 0.45701920986175537 0.06256517767906189
vt 0.42843881249427795 0.06256517767906189
vt 0.48559960722923279 0.078206464648246765
vt 0.45701920986175537 0.078206464648246765
vt 0.42843881249427795 0.078206464648246765
vt 0.48559960722923279 0.093847759068012238
vt 0.45701920986175537 0.093847759068012238
vt 0.42843881249427795 0.093847759068012238
vt 0.59992122650146484 0.10948905348777771
vt 0.39985841512680054 0.10948905348777771
vt 0.41986468434333801 0
vt 0.43987095355987549 0
vt 0.45987725257873535 0
vt 0.47988352179527283 0
vt 0.49988982081413269 0
vt 0.51989609003067017 0
vt 0.53990238904953003 0
vt 0.55990862846374512 0
vt 0.57991492748260498 0
vt 0.59992122650146484 0.010948905721306801
vt 0.59992122650146484 0.021897811442613602
vt 0.59992122650146484 0.032846715301275253
vt 0.59992122650146484 0.043795622885227203
vt 0.59992122650146484 0.054744526743888855
vt 0.59992122650146484 0.065693430602550507
vt 0.59992122650146484 0.076642334461212158
vt 0.59992122650146484 0.087591245770454407
vt 0.59992122650146484 0.098540142178535461
vt 0.39985841512680054 0.091240875422954559
vt 0.39985841512680054 0.072992704808712006
vt 0.39985841512680054 0.054744526743888855
vt 0.39985841512680054 0.036496352404356003
vt 0.39985841512680054 0.018248176202178001
vt 0.57991492748260498 0.10948905348777771
vt 0.55990862846374512 0.10948905348777771
vt 0.53990238904953003 0.10948905348777771
vt 0.51989609003067017 0.10948905348777771
vt 0.49988982081413269 0.10948905348777771
vt 0.47988352179527283 0.10948905348777771
vt 0.45987725257873535 0.10948905348777771
vt 0.43987095355987549 0.10948905348777771
vt 0.41986468434333801 0.10948905348777771
vt 0.55293989181518555 0.080291971564292908
vt 0.55293989181518555 0.062043793499469757
vt 0.55293989181518555 0.043795622885227203
vt 0.55293989181518555 0.025547444820404053
vt 0.4981953501701355 0.025547444820404053
vt 0.4981953501701355 0.043795622885227203
vt 0.4981953501701355 0.062043793499469757
vt 0.4981953501701355 0.080291971564292908
vt 0.53469169139862061 0.025547444820404053
vt 0.51644355058670044 0.025547444820404053
vt 0.51644355058670044 0.080291971564292908
vt 0.53469169139862061 0.080291971564292908
vt 0.57134079933166504 0.015641294419765472
vt 0.51418000459671021 0.015641294419765472
vt 0.57134079933166504 0.046923879534006119
vt 0.57134079933166504 0.06256517767906189
vt 0.57134079933166504 0.078206464648246765
vt 0.57134079933166504 0.093847759068012238
vt 0.51418000459671021 0.093847759068012238
vt 0.62773722410202026 0
vt 0.62773722410202026 0.29927006363868713
vt 0.68953686952590942 0
vt 0.99853515625 0
vt 0.99853515625 0.23276561498641968
vt 0.99853515625 0.29927006363868713
vt 0.64833712577819824 0
vt 0.66893696784973145 0
vt 0.7101367712020874 0
vt 0.73073667287826538 0
vt 0.75133651494979858 0
vt 0.77193641662597656 0
vt 0.79253631830215454 0
vt 0.81313621997833252 0
vt 0.83373606204986572 0
vt 0.8543359637260437 0
vt 0.87493586540222168 0
vt 0.89553570747375488 0
vt 0.91613560914993286 0
vt 0.93673551082611084 0
vt 0.95733541250228882 0
vt 0.97793525457382202 0
vt 0.78471851348876953 0.15761904418468475
vt 0.76333123445510864 0.15761904418468475
vt 0.74194401502609253 0.15761904418468475
vt 0.72055673599243164 0.15761904418468475
vt 0.69916951656341553 0.15761904418468475
vt 0.67778229713439941 0.15761904418468475
vt 0.65639501810073853 0.15761904418468475
vt 0.63500779867172241 0.15761904418468475
vt 0.63500779867172241 0.15031978487968445
vt 0.65639501810073853 0.15031978487968445
vt 0.67778229713439941 0.15031978487968445
vt 0.69916951656341553 0.15031978487968445
vt 0.72055673599243164 0.15031978487968445
vt 0.74194401502609253 0.15031978487968445
vt 0.76333123445510864 0.15031978487968445
vt 0.78471851348876953 0.15031978487968445
vt 0.99126458168029785 0.12449169903993607
vt 0.96912288665771484 0.12449169903993607
vt 0.94698113203048706 0.12449169903993607
vt 0.92483943700790405 0.12449169903993607
vt 0.90269768238067627 0.12449169903993607
vt 0.88055598735809326 0.12449169903993607
vt 0.85841423273086548 0.12449169903993607
vt 0.83627253770828247 0.12449169903993607
vt 0.81413078308105469 0.12449169903993607
vt 0.7919890284538269 0.12449169903993607
vt 0.99126458168029785 0.11719242483377457
vt 0.99126458168029785 0.1062031090259552
vt 0.99126458168029785 0.095213793218135834
vt 0.99126458168029785 0.084224477410316467
vt 0.99126458168029785 0.073235161602497101
vt 0.99126458168029785 0.062245849519968033
vt 0.99126458168029785 0.051256533712148666
vt 0.99126458168029785 0.0402672179043293
vt 0.99126458168029785 0.029277902096509933
vt 0.99126458168029785 0.018288586288690567
vt 0.99126458168029785 0.0072992700152099133
vt 0.62773722410202026 0.27433091402053833
vt 0.62773722410202026 0.24939171969890594
vt 0.62773722410202026 0.22445255517959595
vt 0.62773722410202026 0.19951339066028595
vt 0.62773722410202026 0.17457419633865356
vt 0.62773722410202026 0.14963503181934357
vt 0.62773722410202026 0.12469585984945297
vt 0.62773722410202026 0.099756695330142975
vt 0.62773722410202026 0.074817515909671783
vt 0.62773722410202026 0.049878347665071487
vt 0.62773722410202026 0.024939173832535744
vt 0.97793525457382202 0.29927006363868713
vt 0.95733541250228882 0.29927006363868713
vt 0.93673551082611084 0.29927006363868713
vt 0.91613560914993286 0.29927006363868713
vt 0.89553570747375488 0.29927006363868713
vt 0.87493586540222168 0.29927006363868713
vt 0.8543359637260437 0.29927006363868713
vt 0.83373606204986572 0.29927006363868713
vt 0.81313621997833252 0.29927006363868713
vt 0.79253631830215454 0.29927006363868713
vt 0.77193641662597656 0.29927006363868713
vt 0.75133651494979858 0.29927006363868713
vt 0.73073667287826538 0.29927006363868713
vt 0.7101367712020874 0.29927006363868713
vt 0.68953686952590942 0.29927006363868713
vt 0.66893696784973145 0.29927006363868713
vt 0.64833712577819824 0.29927006363868713
vt 0.99853515625 0.016626115888357162
vt 0.99853515625 0.033252231776714325
vt 0.99853515625 0.049878347665071487
vt 0.99853515625 0.06650446355342865
vt 0.99853515625 0.083130583167076111
vt 0.99853515625 0.099756695330142975
vt 0.99853515625 0.11638280749320984
vt 0.99853515625 0.1330089271068573
vt 0.99853515625 0.14963503181934357
vt 0.99853515625 0.16626116633415222
vt 0.99853515625 0.18288727104663849
vt 0.99853515625 0.19951339066028595
vt 0.99853515625 0.21613949537277222
vt 0.99853515625 0.24939171969890594
vt 0.99853515625 0.2660178542137146
vt 0.99853515625 0.28264394402503967
vt 0.78471851348876953 0.29197081923484802
vt 0.78471851348876953 0.26957884430885315
vt 0.78471851348876953 0.24718688428401947
vt 0.78471851348876953 0.22479493916034698
vt 0.78471851348876953 0.20240296423435211
vt 0.78471851348876953 0.18001101911067963
vt 0.63500779867172241 0.29197081923484802
vt 0.6499788761138916 0.29197081923484802
vt 0.66494989395141602 0.29197081923484802
vt 0.67992097139358521 0.29197081923484802
vt 0.69489204883575439 0.29197081923484802
vt 0.70986312627792358 0.29197081923484802
vt 0.72483420372009277 0.29197081923484802
vt 0.73980528116226196 0.29197081923484802
vt 0.75477635860443115 0.29197081923484802
vt 0.76974743604660034 0.29197081923484802
vt 0.63500779867172241 0.18001101911067963
vt 0.63500779867172241 0.20240296423435211
vt 0.63500779867172241 0.22479493916034698
vt 0.63500779867172241 0.24718688428401947
vt 0.63500779867172241 0.26957884430885315
vt 0.63500779867172241 0.0072992700152099133
vt 0.63500779867172241 0.031136021018028259
vt 0.63500779867172241 0.054972771555185318
vt 0.63500779867172241 0.078809522092342377
vt 0.63500779867172241 0.10264627635478973
vt 0.63500779867172241 0.12648302316665649
vt 0.78471851348876953 0.0072992700152099133
vt 0.76974743604660034 0.0072992700152099133
vt 0.75477635860443115 0.0072992700152099133
vt 0.73980528116226196 0.0072992700152099133
vt 0.72483420372009277 0.0072992700152099133
vt 0.70986312627792358 0.0072992700152099133
vt 0.69489204883575439 0.0072992700152099133
vt 0.67992097139358521 0.0072992700152099133
vt 0.66494989395141602 0.0072992700152099133
vt 0.6499788761138916 0.0072992700152099133
vt 0.78471851348876953 0.12648302316665649
vt 0.78471851348876953 0.10264627635478973
vt 0.78471851348876953 0.078809522092342377
vt 0.78471851348876953 0.054972771555185318
vt 0.78471851348876953 0.031136021018028259
vt 0.99126458168029785 0.29197081923484802
vt 0.99126458168029785 0.27522289752960205
vt 0.99126458168029785 0.25847497582435608
vt 0.99126458168029785 0.2417270690202713
vt 0.99126458168029785 0.22497916221618652
vt 0.99126458168029785 0.20823124051094055
vt 0.99126458168029785 0.19148334860801697
vt 0.99126458168029785 0.174735426902771
vt 0.99126458168029785 0.15798752009868622
vt 0.99126458168029785 0.14123961329460144
vt 0.7919890284538269 0.29197081923484802
vt 0.81191658973693848 0.29197081923484802
vt 0.83184415102005005 0.29197081923484802
vt 0.85177171230316162 0.29197081923484802
vt 0.87169927358627319 0.29197081923484802
vt 0.89162683486938477 0.29197081923484802
vt 0.91155439615249634 0.29197081923484802
vt 0.93148195743560791 0.29197081923484802
vt 0.95140951871871948 0.29197081923484802
vt 0.97133708000183105 0.29197081923484802
vt 0.7919890284538269 0.14841729402542114
vt 0.7919890284538269 0.17234288156032562
vt 0.7919890284538269 0.1962684690952301
vt 0.7919890284538269 0.22019404172897339
vt 0.7919890284538269 0.24411962926387787
vt 0.7919890284538269 0.26804521679878235
vt 0.7919890284538269 0.11719242483377457
vt 0.81413078308105469 0.11719242483377457
vt 0.83627253770828247 0.11719242483377457
vt 0.85841423273086548 0.11719242483377457
vt 0.88055598735809326 0.11719242483377457
vt 0.90269768238067627 0.11719242483377457
vt 0.92483943700790405 0.11719242483377457
vt 0.94698113203048706 0.11719242483377457
vt 0.96912288665771484 0.11719242483377457
vt 0.7919890284538269 0.0072992700152099133
vt 0.7919890284538269 0.029277902096509933
vt 0.7919890284538269 0.051256533712148666
vt 0.7919890284538269 0.073235161602497101
vt 0.7919890284538269 0.095213793218135834
vt 0.97133708000183105 0.0072992700152099133
vt 0.95140951871871948 0.0072992700152099133
vt 0.93148195743560791 0.0072992700152099133
vt 0.91155439615249634 0.0072992700152099133
vt 0.89162683486938477 0.0072992700152099133
vt 0.87169927358627319 0.0072992700152099133
vt 0.85177171230316162 0.0072992700152099133
vt 0.83184415102005005 0.0072992700152099133
vt 0.81191658973693848 0.0072992700152099133
vt 0.016628269106149673 0.33260217308998108
vt 0.02347755990922451 0.33260217308998108
vt 0.02347755990922451 0.36909851431846619
vt 0.02347755990922451 0.35085034370422363
vt 0.016628269106149673 0.36909851431846619
vt 0.016628269106149673 0.35085034370422363
vt 0.036496348679065704 0.32107701897621155
vt 0 0.32107701897621155
vt 0.036496348679065704 0.32837629318237305
vt 0.018248174339532852 0.32107701897621155
vt 0.018248174339532852 0.32837629318237305
vt 0 0.32837629318237305
vt 0.0940689817070961 0.21158796548843384
vt 0.061222262680530548 0.21158796548843384
vt 0.0940689817070961 0.21888722479343414
vt 0.061222262680530548 0.21888722479343414
vt 0.077645622193813324 0.21158796548843384
vt 0.077645622193813324 0.21888722479343414
vt 0.036496348679065704 0.30955183506011963
vt 0 0.30955183506011963
vt 0 0.31685110926628113
vt 0.018248174339532852 0.30955183506011963
vt 0.036496348679065704 0.31685110926628113
vt 0.018248174339532852 0.31685110926628113
vt 0.030611131340265274 0.20006279647350311
vt 0.037910401821136475 0.20006279647350311
vt 0.037910401821136475 0.23655915260314941
vt 0.030611131340265274 0.23655915260314941
vt 0.030611131340265274 0.21831096708774567
vt 0.037910401821136475 0.21831096708774567
vt 0.048114113509654999 0.20006279647350311
vt 0.048114113509654999 0.23290951550006866
vt 0.040814843028783798 0.23290951550006866
vt 0.040814843028783798 0.21648615598678589
vt 0.048114113509654999 0.21648615598678589
vt 0.040814843028783798 0.20006279647350311
vt 0.020407421514391899 0.23655915260314941
vt 0.0277066919952631 0.20006279647350311
vt 0.020407421514391899 0.20006279647350311
vt 0.020407421514391899 0.21831096708774567
vt 0.0277066919952631 0.21831096708774567
vt 0.0277066919952631 0.23655915260314941
vt 0.051018554717302322 0.20006279647350311
vt 0.051018554717302322 0.23655915260314941
vt 0.058317825198173523 0.23655915260314941
vt 0.051018554717302322 0.21831096708774567
vt 0.058317825198173523 0.20006279647350311
vt 0.058317825198173523 0.21831096708774567
vt 0.0940689817070961 0.20006279647350311
vt 0.061222262680530548 0.20006279647350311
vt 0.061222262680530548 0.20736207067966461
vt 0.077645622193813324 0.20006279647350311
vt 0.0940689817070961 0.20736207067966461
vt 0.077645622193813324 0.20736207067966461
vt 0.071425974369049072 0.27785766124725342
vt 0.078725241124629974 0.22311311960220337
vt 0.078725241124629974 0.24136130511760712
vt 0.078725241124629974 0.25960946083068848
vt 0.071425974369049072 0.25960946083068848
vt 0.071425974369049072 0.24136130511760712
vt 0.071425974369049072 0.22311311960220337
vt 0.078725241124629974 0.27785766124725342
vt 0.041570674628019333 0.33260217308998108
vt 0.04841996356844902 0.38734668493270874
vt 0.041570674628019333 0.38734668493270874
vt 0.041570674628019333 0.36909851431846619
vt 0.041570674628019333 0.35085034370422363
vt 0.04841996356844902 0.33260217308998108
vt 0.04841996356844902 0.35085034370422363
vt 0.04841996356844902 0.36909851431846619
vt 0.04988480731844902 0.3916686475276947
vt 0.10462933033704758 0.39896789193153381
vt 0.04988480731844902 0.39896789193153381
vt 0.086381159722805023 0.39896789193153381
vt 0.068132981657981873 0.39896789193153381
vt 0.068132981657981873 0.3916686475276947
vt 0.086381159722805023 0.3916686475276947
vt 0.10462933033704758 0.3916686475276947
vt 0.04988480731844902 0.3852817714214325
vt 0.10462933033704758 0.377982497215271
vt 0.10462933033704758 0.3852817714214325
vt 0.086381159722805023 0.3852817714214325
vt 0.068132981657981873 0.3852817714214325
vt 0.04988480731844902 0.377982497215271
vt 0.068132981657981873 0.377982497215271
vt 0.086381159722805023 0.377982497215271
vt 0.061222262680530548 0.27785766124725342
vt 0.068521536886692047 0.22311311960220337
vt 0.068521536886692047 0.27785766124725342
vt 0.068521536886692047 0.24136130511760712
vt 0.068521536886692047 0.25960946083068848
vt 0.061222262680530548 0.26417151093482971
vt 0.061222262680530548 0.25048539042472839
vt 0.061222262680530548 0.23679925501346588
vt 0.061222262680530548 0.22311311960220337
vt 0.033256538212299347 0.33260217308998108
vt 0.040105830878019333 0.33260217308998108
vt 0.040105830878019333 0.38734668493270874
vt 0.033256538212299347 0.38734668493270874
vt 0.033256538212299347 0.36909851431846619
vt 0.033256538212299347 0.35085034370422363
vt 0.040105830878019333 0.3462882936000824
vt 0.040105830878019333 0.3599744439125061
vt 0.040105830878019333 0.37366056442260742
vt 0.10462933033704758 0.40535476803779602
vt 0.10462933033704758 0.41265404224395752
vt 0.04988480731844902 0.41265404224395752
vt 0.086381159722805023 0.41265404224395752
vt 0.068132981657981873 0.41265404224395752
vt 0.04988480731844902 0.40535476803779602
vt 0.063570939004421234 0.40535476803779602
vt 0.077257066965103149 0.40535476803779602
vt 0.090943202376365662 0.40535476803779602
vt 0.17126128077507019 0.53595387935638428
vt 0.17779698967933655 0.59069842100143433
vt 0.17126128077507019 0.59069842100143433
vt 0.17126128077507019 0.57245022058486938
vt 0.17126128077507019 0.55420207977294922
vt 0.17779698967933655 0.53595387935638428
vt 0.17779698967933655 0.5496399998664856
vt 0.17779698967933655 0.56332612037658691
vt 0.17779698967933655 0.57701230049133301
vt 0.081629686057567596 0.22311311960220337
vt 0.081629686057567596 0.27785766124725342
vt 0.088928952813148499 0.22311311960220337
vt 0.088928952813148499 0.27785766124725342
vt 0.081629686057567596 0.25960946083068848
vt 0.081629686057567596 0.24136130511760712
vt 0.088928952813148499 0.24136130511760712
vt 0.088928952813148499 0.25960946083068848
vt 0.10462933033704758 0.35061025619506836
vt 0.04988480731844902 0.35061025619506836
vt 0.04988480731844902 0.35790950059890747
vt 0.10462933033704758 0.35790950059890747
vt 0.086381159722805023 0.35790950059890747
vt 0.068132981657981873 0.35790950059890747
vt 0.068132981657981873 0.35061025619506836
vt 0.086381159722805023 0.35061025619506836
vt 0.10462933033704758 0.30955183506011963
vt 0.04988480731844902 0.30955183506011963
vt 0.10462933033704758 0.31685110926628113
vt 0.068132981657981873 0.30955183506011963
vt 0.086381159722805023 0.30955183506011963
vt 0.086381159722805023 0.31685110926628113
vt 0.068132981657981873 0.31685110926628113
vt 0.04988480731844902 0.31685110926628113
vt 0.04988480731844902 0.33692410588264465
vt 0.04988480731844902 0.34422338008880615
vt 0.068132981657981873 0.33692410588264465
vt 0.086381159722805023 0.33692410588264465
vt 0.10462933033704758 0.34422338008880615
vt 0.086381159722805023 0.34422338008880615
vt 0.068132981657981873 0.34422338008880615
vt 0.10462933033704758 0.33692410588264465
vt 0.0083141345530748367 0.33260217308998108
vt 0.0083141345530748367 0.38734668493270874
vt 0.015163425356149673 0.33260217308998108
vt 0.015163425356149673 0.38734668493270874
vt 0.0083141345530748367 0.36909851431846619
vt 0.0083141345530748367 0.35085034370422363
vt 0.015163425356149673 0.3462882936000824
vt 0.015163425356149673 0.3599744439125061
vt 0.015163425356149673 0.37366056442260742
vt 0.04988480731844902 0.36429637670516968
vt 0.10462933033704758 0.37159565091133118
vt 0.086381159722805023 0.37159565091133118
vt 0.068132981657981873 0.37159565091133118
vt 0.063570939004421234 0.36429637670516968
vt 0.077257066965103149 0.36429637670516968
vt 0.090943202376365662 0.36429637670516968
vt 0.10462933033704758 0.36429637670516968
vt 0.04988480731844902 0.37159565091133118
vt 0.10462933033704758 0.32323798537254333
vt 0.10462933033704758 0.33053725957870483
vt 0.04988480731844902 0.32323798537254333
vt 0.068132981657981873 0.32323798537254333
vt 0.086381159722805023 0.32323798537254333
vt 0.090943202376365662 0.33053725957870483
vt 0.077257066965103149 0.33053725957870483
vt 0.063570939004421234 0.33053725957870483
vt 0.04988480731844902 0.33053725957870483
vt 0.0068492908030748367 0.33260217308998108
vt 0 0.33260217308998108
vt 0 0.3599744439125061
vt 0.0068492908030748367 0.38734668493270874
vt 0 0.38734668493270874
vt 0.0068492908030748367 0.35085034370422363
vt 0.0068492908030748367 0.36909851431846619
vt 0 0.37366056442260742
vt 0 0.3462882936000824
vt 0 0.20006279647350311
vt 0 0.25480732321739197
vt 0.0072992700152099133 0.20006279647350311
vt 0.0072992700152099133 0.25480732321739197
vt 0 0.24385841190814972
vt 0 0.23290951550006866
vt 0 0.22196060419082642
vt 0 0.21101170778274536
vt 0.0072992700152099133 0.21374893188476562
vt 0.0072992700152099133 0.22743505239486694
vt 0.0072992700152099133 0.24112118780612946
vt 0.02494240365922451 0.33260217308998108
vt 0.031791694462299347 0.33260217308998108
vt 0.031791694462299347 0.34355106949806213
vt 0.031791694462299347 0.35449999570846558
vt 0.031791694462299347 0.36544889211654663
vt 0.031791694462299347 0.37639778852462769
vt 0.02494240365922451 0.38734668493270874
vt 0.02494240365922451 0.37366056442260742
vt 0.02494240365922451 0.3599744439125061
vt 0.02494240365922451 0.3462882936000824
vt 0.031791694462299347 0.38734668493270874
vt 0.16179588437080383 0.53595387935638428
vt 0.15526019036769867 0.53595387935638428
vt 0.15526019036769867 0.56332612037658691
vt 0.15526019036769867 0.59069842100143433
vt 0.16179588437080383 0.54690277576446533
vt 0.16179588437080383 0.55785167217254639
vt 0.16179588437080383 0.56880056858062744
vt 0.16179588437080383 0.57974952459335327
vt 0.15526019036769867 0.57701230049133301
vt 0.15526019036769867 0.5496399998664856
vt 0.16179588437080383 0.59069842100143433
vt 0.14725963771343231 0.53595387935638428
vt 0.15379534661769867 0.53595387935638428
vt 0.15379534661769867 0.56332612037658691
vt 0.15379534661769867 0.59069842100143433
vt 0.14725963771343231 0.59069842100143433
vt 0.14725963771343231 0.57974952459335327
vt 0.14725963771343231 0.56880056858062744
vt 0.14725963771343231 0.55785167217254639
vt 0.14725963771343231 0.54690277576446533
vt 0.15379534661769867 0.5496399998664856
vt 0.15379534661769867 0.57701230049133301
vt 0.10203710943460464 0.22311311960220337
vt 0.10203710943460464 0.27785766124725342
vt 0.10933637619018555 0.22311311960220337
vt 0.10933637619018555 0.23679925501346588
vt 0.10933637619018555 0.25048539042472839
vt 0.10933637619018555 0.26417151093482971
vt 0.10203710943460464 0.26417151093482971
vt 0.10203710943460464 0.25048539042472839
vt 0.10203710943460464 0.23679925501346588
vt 0.10933637619018555 0.27785766124725342
vt 0.091833397746086121 0.22311311960220337
vt 0.099132664501667023 0.22311311960220337
vt 0.099132664501667023 0.27785766124725342
vt 0.091833397746086121 0.27785766124725342
vt 0.091833397746086121 0.26417151093482971
vt 0.091833397746086121 0.25048539042472839
vt 0.091833397746086121 0.23679925501346588
vt 0.099132664501667023 0.23679925501346588
vt 0.099132664501667023 0.25048539042472839
vt 0.099132664501667023 0.26417151093482971
vt 0.017502980306744576 0.20006279647350311
vt 0.01020371075719595 0.20006279647350311
vt 0.017502980306744576 0.22743505239486694
vt 0.017502980306744576 0.25480732321739197
vt 0.01020371075719595 0.25480732321739197
vt 0.01020371075719595 0.24112118780612946
vt 0.01020371075719595 0.22743505239486694
vt 0.01020371075719595 0.21374893188476562
vt 0.017502980306744576 0.21374893188476562
vt 0.017502980306744576 0.24112118780612946
vt 0.16326072812080383 0.53595387935638428
vt 0.16326072812080383 0.56332612037658691
vt 0.16326072812080383 0.59069842100143433
vt 0.16979643702507019 0.53595387935638428
vt 0.16979643702507019 0.56332612037658691
vt 0.16979643702507019 0.59069842100143433
vt 0.16979643702507019 0.5496399998664856
vt 0.16979643702507019 0.57701230049133301
vt 0.16326072812080383 0.57701230049133301
vt 0.16326072812080383 0.5496399998664856
vn 0 -1 0
vn 0 -1 0
vn 0 -1 0
vn 0 -1 0
vn 0 -1 0
vn 0 -1 0
vn 0 -1 0
vn 0 -1 0
vn 0 -1 0
vn 0 -1 0
vn 0 -1 0
vn 0 -1 0
vn 0 -1 0
vn 0 -1 0
vn 0 -1 0
vn 0 -1 0
vn 0 -1 0
vn 0 -1 0
vn 0 -1 0
vn 0 -1 0
vn 0 -1 0
vn 0 -1 0
vn 0 -1 0
vn 0 -1 0
vn 0 -1 0
vn 0 -1 0
vn 0 -1 0
vn 0 -1 0
vn 0 -1 0
vn 0 -1 0
vn 0 -1 0
vn 0 -1 0
vn 0 -1 0
vn 0 -1 0
vn 0 -1 0
vn 0 -1 0
vn 0 -1 0
vn 0 -1 0
vn 0 -1 0
vn 0 -1 0
vn 0 -1 0
vn 0 -1 0
vn 0 -1 0
vn 0 -1 0
vn 0 -1 0
vn 0 -1 0
vn 0 -1 0
vn 0 -1 0
vn 0 -1 0
vn 0 -1 0
vn 0 -1 0
vn 0 -1 0
vn 0 -1 0
vn 0 -1 0
vn 0 -1 0
vn 0 -1 0
vn 0 -1 0
vn 0 -1 0
vn 0 -1 0
vn 0 -1 0
vn 0 -1 0
vn 0 -1 0
vn 0 -1 0
vn 0 -1 0
vn 0 -1 0
vn 0 -1 0
vn 0 -1 0
vn 0 -1 0
vn 0 -1 0
vn 0 -1 0
vn 0 -1 0
vn 0 -1 0
vn 0 -1 0
vn 0 -1 0
vn 0 -1 0
vn 0 -1 0
vn 0 -1 0
vn 0 -1 0
vn 0 -1 0
vn 0 -1 0
vn 0 -1 0
vn 0 -1 0
vn 0 -1 0
vn 0 -1 0
vn 0 -1 0
vn 0 -1 0
vn 0 -1 0
vn 0 -1 0
vn 0 -1 0
vn 0 -1 0
vn 0 -1 0
vn 0 -1 0
vn 0 -1 0
vn 0 -1 0
vn 0 -1 0
vn 0 -1 0
vn 0 -1 0
vn 0 -1 0
vn 0 -1 0
vn 0 -1 0
vn 0 -1 0
vn 0 -1 0
vn 0 -1 0
vn 0 -1 0
vn 0 -1 0
vn 0 -1 0
vn 0 -1 0
vn 0 -1 0
vn 0 -1 0
vn 0 -1 0
vn 0 -1 0
vn 0 -1 0
vn 0 -1 0
vn 0 -1 0
vn 0 -1 0
vn 0 -1 0
vn 0 -1 0
vn 0 -1 0
vn 0 -1 0
vn 0 -1 0
vn 0 -1 0
vn 0 -1 0
vn 0 -1 0
vn 0 -1 0
vn 0 -1 0
vn 0 -1 0
vn 0 -1 0
vn 0 -1 0
vn 0 -1 0
vn 0 -1 0
vn 0 -1 0
vn 0 -1 0
vn 0 -1 0
vn 0 -1 0
vn 0 -1 0
vn 0 -1 0
vn 0 -1 0
vn 0 -1 0
vn 0 -1 0
vn 0 -1 0
vn 0 -1 0
vn 0 -1 0
vn 0 -1 0
vn 0 -1 0
vn 0 -1 0
vn 0 -1 0
vn 0 -1 0
vn 0 -1 0
vn 0 -1 0
vn 0 -1 0
vn 0 -1 0
vn 0 -1 0
vn 0 -1 0
vn 0 -1 0
vn 0 -1 0
vn 0 -1 0
vn 0 -1 0
vn 0 -1 0
vn 0 -1 0
vn 0 -1 0
vn 0 -1 0
vn 0 -1 0
vn 0 -1 0
vn 0 -1 0
vn 0 -1 0
vn 0 -1 0
vn 0 -1 0
vn 0 -1 0
vn 0 -1 0
vn 0 -1 0
vn 0 0 1
vn 0 0 1
vn 0 0 1
vn 0 0 1
vn 0 0 1
vn 0 0 1
vn 0 0 1
vn 0 0 1
vn 0 0 1
vn 0 0 1
vn 0 0 1
vn 0 0 1
vn 0 0 1
vn 0 0 1
vn 0 0 1
vn 0 0 1
vn 0 0 1
vn 0 0 1
vn 0 0 1
vn 0 0 1
vn 0 0 1
vn 0 0 1
vn 0 0 1
vn 0 0 1
vn 0 0 1
vn 0 0 1
vn 0 0 1
vn 0 0 1
vn 0 0 1
vn 0 0 1
vn 0 0 1
vn 0 0 1
vn 0 0 1
vn 0 0 1
vn 0 0 1
vn 0 0 1
vn 0 0 1
vn 0 0 1
vn 0 0 1
vn 0 0 1
vn 0 0 1
vn 0 0 1
vn 0 0 1
vn 0 0 1
vn 0 0 1
vn 0 0 1
vn 0 0 1
vn 0 0 1
vn 0 0 1
vn 0 0 1
vn 0 0 1
vn 0 0 1
vn 0 0 1
vn 0 0 1
vn 0 0 1
vn 0 0 1
vn 0 0 1
vn 0 0 1
vn 0 0 1
vn 0 0 1
vn 0 0 1
vn 0 0 1
vn 0 0 1
vn 0 0 1
vn 0 0 1
vn 0 0 1
vn 0 0 1
vn 0 0 1
vn 0 0 1
vn 0 0 1
vn 0 0 1
vn 0 0 1
vn 0 0 1
vn 0 0 1
vn 0 0 1
vn 0 0 1
vn 0 0 1
vn 0 0 1
vn 0 0 1
vn 0 0 1
vn 0 0 1
vn 0 0 1
vn 0 0 1
vn 0 0 1
vn 0 0 1
vn 0 0 1
vn 0 0 1
vn 0 0 1
vn 0 0 1
vn 0 0 1
vn 0 0 1
vn 0 0 1
vn 0 0 1
vn 0 0 1
vn 0 0 1
vn 0 0 1
vn 0 0 1
vn 0 0 1
vn 0 0 1
vn 0 0 1
vn 0 0 1
vn 0 0 1
vn 0 0 1
vn 0 0 1
vn 0 0 1
vn 0 0 1
vn 0 0 1
vn 0 0 1
vn 0 0 1
vn 0 0 1
vn 0 0 1
vn 0 0 1
vn 0 0 1
vn 0 0 1
vn 0 0 1
vn 0 0 1
vn 0 0 1
vn 0 0 1
vn 0 0 1
vn 0 0 1
vn 0 0 1
vn 0 0 1
vn 0 0 1
vn 0 0 1
vn 0 0 1
vn 0 0 1
vn 0 0 1
vn 0 0 1
vn 0 0 1
vn 0 0 -1
vn 0 0 -1
vn 0 0 -1
vn 0 0 -1
vn 0 0 -1
vn 0 0 -1
vn 0 0 -1
vn 0 0 -1
vn 0 0 -1
vn 0 0 -1
vn 0 0 -1
vn 0 0 -1
vn 0 0 -1
vn 0 0 -1
vn 0 0 -1
vn 0 0 -1
vn 0 0 -1
vn 0 0 -1
vn 0 0 -1
vn 0 0 -1
vn 0 0 -1
vn 0 0 -1
vn 0 0 -1
vn 0 0 -1
vn 0 0 -1
vn 0 0 -1
vn 0 0 -1
vn 0 0 1
vn 0 0 1
vn 0 0 1
vn 0 0 1
vn 0 0 1
vn 0 0 1
vn 0 0 1
vn 0 0 1
vn 0 0 1
vn 0 0 1
vn 0 0 1
vn 0 0 1
vn 0 0 1
vn 0 0 1
vn 0 0 1
vn 0 0 1
vn 0 0 1
vn 0 0 1
vn 0 0 1
vn 0 0 1
vn 0 0 1
vn 0 0 1
vn 0 0 1
vn 0 0 1
vn 0 0 1
vn 0 0 1
vn 0 0 1
vn 0 0 -1
vn 0 0 -1
vn 0 0 -1
vn 0 0 -1
vn 0 0 -1
vn 0 0 -1
vn 0 0 -1
vn 0 0 -1
vn 0 0 -1
vn 0 0 -1
vn 0 0 -1
vn 0 0 -1
vn 0 0 -1
vn 0 0 -1
vn 0 0 -1
vn 0 0 -1
vn 0 0 -1
vn 0 0 -1
vn 0 0 -1
vn 0 0 -1
vn 0 0 -1
vn 0 0 -1
vn 0 0 -1
vn 0 0 -1
vn 0 0 -1
vn 0 0 -1
vn 0 0 -1
vn 0 0 -1
vn 0 0 -1
vn 0 0 -1
vn 0 0 -1
vn -1 0 0
vn -1 0 0
vn -1 0 0
vn -1 0 0
vn -1 0 0
vn -1 0 0
vn -1 0 0
vn -1 0 0
vn -1 0 0
vn -1 0 0
vn -1 0 0
vn -1 0 0
vn -1 0 0
vn -1 0 0
vn -1 0 0
vn -1 0 0
vn -1 0 0
vn -1 0 0
vn -1 0 0
vn -1 0 0
vn -1 0 0
vn -1 0 0
vn -1 0 0
vn -1 0 0
vn -1 0 0
vn -1 0 0
vn -1 0 0
vn -1 0 0
vn -1 0 0
vn -1 0 0
vn -1 0 0
vn -1 0 0
vn -1 0 0
vn -1 0 0
vn -1 0 0
vn -1 0 0
vn -1 0 0
vn -1 0 0
vn -1 0 0
vn -1 0 0
vn -1 0 0
vn -1 0 0
vn -1 0 0
vn -1 0 0
vn -1 0 0
vn -1 0 0
vn -1 0 0
vn -1 0 0
vn -1 0 0
vn -1 0 0
vn -1 0 0
vn -1 0 0
vn -1 0 0
vn -1 0 0
vn -1 0 0
vn -1 0 0
vn -1 0 0
vn -1 0 0
vn -1 0 0
vn -1 0 0
vn -1 0 0
vn -1 0 0
vn -1 0 0
vn -1 0 0
vn -1 0 0
vn -1 0 0
vn -1 0 0
vn -1 0 0
vn -1 0 0
vn -1 0 0
vn -1 0 0
vn -1 0 0
vn -1 0 0
vn -1 0 0
vn -1 0 0
vn -1 0 0
vn -1 0 0
vn -1 0 0
vn -1 0 0
vn -1 0 0
vn -1 0 0
vn -1 0 0
vn -1 0 0
vn -1 0 0
vn -1 0 0
vn -1 0 0
vn -1 0 0
vn -1 0 0
vn -1 0 0
vn -1 0 0
vn -1 0 0
vn -1 0 0
vn -1 0 0
vn -1 0 0
vn -1 0 0
vn -1 0 0
vn -1 0 0
vn -1 0 0
vn -1 0 0
vn -1 0 0
vn -1 0 0
vn -1 0 0
vn -1 0 0
vn -1 0 0
vn -1 0 0
vn -1 0 0
vn -1 0 0
vn -1 0 0
vn -1 0 0
vn -1 0 0
vn -1 0 0
vn -1 0 0
vn -1 0 0
vn -1 0 0
vn -1 0 0
vn -1 0 0
vn -1 0 0
vn -1 0 0
vn -1 0 0
vn -1 0 0
vn -1 0 0
vn -1 0 0
vn -1 0 0
vn -1 0 0
vn -1 0 0
vn -1 0 0
vn -1 0 0
vn -1 0 0
vn -1 0 0
vn -1 0 0
vn -1 0 0
vn -1 0 0
vn -1 0 0
vn -1 0 0
vn -1 0 0
vn -1 0 0
vn -1 0 0
vn -1 0 0
vn -1 0 0
vn -1 0 0
vn -1 0 0
vn 0 0 -1
vn 0 0 -1
vn 0 0 -1
vn 0 0 -1
vn 0 0 -1
vn 0 0 -1
vn 0 0 -1
vn 0 0 -1
vn 0 0 -1
vn 0 0 -1
vn 0 0 -1
vn 0 0 -1
vn 0 0 -1
vn 0 0 -1
vn 0 0 -1
vn 0 0 -1
vn 0 0 -1
vn 0 0 -1
vn 0 0 -1
vn 0 0 -1
vn 0 0 -1
vn 0 0 -1
vn 0 0 -1
vn 0 0 -1
vn 0 0 -1
vn 0 0 -1
vn 0 0 -1
vn 0 0 -1
vn 0 0 -1
vn 0 0 -1
vn 0 0 -1
vn 0 0 -1
vn 0 0 -1
vn 0 0 -1
vn 0 0 -1
vn 0 0 -1
vn 0 0 -1
vn 0 0 -1
vn 0 0 -1
vn 0 0 -1
vn 0 0 -1
vn 0 0 -1
vn 0 0 -1
vn 0 0 -1
vn 0 0 -1
vn 0 0 -1
vn 0 0 -1
vn 0 0 -1
vn 0 0 -1
vn 0 0 -1
vn 0 0 -1
vn 0 0 -1
vn 0 0 -1
vn 0 0 -1
vn 0 0 -1
vn 0 0 -1
vn 0 0 -1
vn 0 0 -1
vn 0 0 -1
vn 0 0 -1
vn 0 0 -1
vn 0 0 -1
vn 0 0 -1
vn 0 0 -1
vn 0 0 -1
vn 0 0 -1
vn 0 0 -1
vn 0 0 -1
vn 0 0 -1
vn 0 0 -1
vn 0 0 -1
vn 0 0 -1
vn 0 0 -1
vn 0 0 -1
vn 0 0 -1
vn 0 0 -1
vn 0 0 -1
vn 0 0 -1
vn 0 0 -1
vn 0 0 -1
vn 0 0 -1
vn 0 0 -1
vn 0 0 -1
vn 0 0 -1
vn 0 0 -1
vn 0 0 -1
vn 0 0 -1
vn 0 0 -1
vn 0 0 -1
vn 0 0 -1
vn 0 0 -1
vn 0 0 -1
vn 0 0 -1
vn 0 0 -1
vn 0 0 -1
vn 0 0 -1
vn 0 0 -1
vn 0 0 -1
vn 0 0 -1
vn 0 0 -1
vn 0 0 -1
vn 0 0 -1
vn 0 0 -1
vn 0 0 -1
vn 0 0 -1
vn 0 0 -1
vn 0 0 -1
vn 0 0 -1
vn 0 0 -1
vn 0 0 -1
vn 0 0 -1
vn 0 0 -1
vn 0 0 -1
vn 0 0 -1
vn 0 0 -1
vn 0 0 -1
vn 0 0 -1
vn 0 0 -1
vn 0 0 -1
vn 0 0 -1
vn 0 0 -1
vn 0 0 -1
vn 0 0 -1
vn 0 0 -1
vn 0 0 -1
vn 0 0 -1
vn 0 0 -1
vn 0 0 -1
vn 0 0 -1
vn 1 0 0
vn 1 0 0
vn 1 0 0
vn 1 0 0
vn 1 0 0
vn 1 0 0
vn 1 0 0
vn 1 0 0
vn 1 0 0
vn 1 0 0
vn 1 0 0
vn 1 0 0
vn 1 0 0
vn 1 0 0
vn 1 0 0
vn 1 0 0
vn 1 0 0
vn 1 0 0
vn 1 0 0
vn 1 0 0
vn 1 0 0
vn 1 0 0
vn 1 0 0
vn 1 0 0
vn 1 0 0
vn 1 0 0
vn 1 0 0
vn 1 0 0
vn 1 0 0
vn 1 0 0
vn 1 0 0
vn 1 0 0
vn 1 0 0
vn 1 0 0
vn 1 0 0
vn 1 0 0
vn 1 0 0
vn 1 0 0
vn 1 0 0
vn 1 0 0
vn 1 0 0
vn 1 0 0
vn 1 0 0
vn 1 0 0
vn 1 0 0
vn 1 0 0
vn 1 0 0
vn 1 0 0
vn 1 0 0
vn 1 0 0
vn 1 0 0
vn 1 0 0
vn 1 0 0
vn 1 0 0
vn 1 0 0
vn 1 0 0
vn 1 0 0
vn 1 0 0
vn 1 0 0
vn 1 0 0
vn 1 0 0
vn 1 0 0
vn 1 0 0
vn 1 0 0
vn 1 0 0
vn 1 0 0
vn 1 0 0
vn 1 0 0
vn 1 0 0
vn 1 0 0
vn 1 0 0
vn 1 0 0
vn 1 0 0
vn 1 0 0
vn 1 0 0
vn 1 0 0
vn 1 0 0
vn 1 0 0
vn 1 0 0
vn 1 0 0
vn 1 0 0
vn 1 0 0
vn 1 0 0
vn 1 0 0
vn 1 0 0
vn 1 0 0
vn 1 0 0
vn 1 0 0
vn 1 0 0
vn 1 0 0
vn 1 0 0
vn 1 0 0
vn 1 0 0
vn 1 0 0
vn 1 0 0
vn 1 0 0
vn 1 0 0
vn 1 0 0
vn 1 0 0
vn 1 0 0
vn 1 0 0
vn 1 0 0
vn 1 0 0
vn 1 0 0
vn 1 0 0
vn 1 0 0
vn 1 0 0
vn 1 0 0
vn 1 0 0
vn 1 0 0
vn 1 0 0
vn 1 0 0
vn 1 0 0
vn 1 0 0
vn 1 0 0
vn 1 0 0
vn 1 0 0
vn 1 0 0
vn 1 0 0
vn 1 0 0
vn 1 0 0
vn 1 0 0
vn 1 0 0
vn 1 0 0
vn 1 0 0
vn 1 0 0
vn 1 0 0
vn 1 0 0
vn 1 0 0
vn 1 0 0
vn 1 0 0
vn 1 0 0
vn 1 0 0
vn 1 0 0
vn 1 0 0
vn -1 0 0
vn -1 0 0
vn -1 0 0
vn -1 0 0
vn -1 0 0
vn -1 0 0
vn -1 0 0
vn -1 0 0
vn -1 0 0
vn -1 0 0
vn -1 0 0
vn -1 0 0
vn -1 0 0
vn -1 0 0
vn -1 0 0
vn -1 0 0
vn -1 0 0
vn -1 0 0
vn -1 0 0
vn -1 0 0
vn -1 0 0
vn -1 0 0
vn -1 0 0
vn -1 0 0
vn -1 0 0
vn -1 0 0
vn -1 0 0
vn -1 0 0
vn 0 0 1
vn 0 0 1
vn 0 0 1
vn 0 0 1
vn 0 0 1
vn 0 0 1
vn 0 0 1
vn 0 0 1
vn 0 0 1
vn 0 0 1
vn 0 0 1
vn 0 0 1
vn 0 0 1
vn 0 0 1
vn 0 0 1
vn 0 0 1
vn 0 0 1
vn 0 0 1
vn 0 0 1
vn 0 0 1
vn 0 0 1
vn 0 0 1
vn 0 0 1
vn 0 0 1
vn 0 0 1
vn 0 0 1
vn 0 0 1
vn 0 0 1
vn 0 0 1
vn 0 0 1
vn 0 0 1
vn 0 0 1
vn 0 0 1
vn 0 0 1
vn 0 0 1
vn 0 0 1
vn 0 0 1
vn 0 0 1
vn 0 0 1
vn 0 0 1
vn 0 0 1
vn 0 0 1
vn 0 0 1
vn 0 0 1
vn 0 0 1
vn 0 0 1
vn 0 0 1
vn 0 0 1
vn 0 0 1
vn 0 0 1
vn 0 0 1
vn 0 0 1
vn 0 0 1
vn 0 0 1
vn 0 0 1
vn 0 0 1
vn 0 0 1
vn 0 0 1
vn 0 0 1
vn 0 0 1
vn 0 0 1
vn 0 0 1
vn 0 0 1
vn 0 0 1
vn 0 0 1
vn 0 0 1
vn 0 0 1
vn 0 0 1
vn 0 0 1
vn 0 0 1
vn 0 0 1
vn 0 0 1
vn 0 0 1
vn 0 0 1
vn 0 0 1
vn 1 0 0
vn 1 0 0
vn 1 0 0
vn 1 0 0
vn 1 0 0
vn 1 0 0
vn 1 0 0
vn 1 0 0
vn 1 0 0
vn 1 0 0
vn 1 0 0
vn 1 0 0
vn 1 0 0
vn 1 0 0
vn 1 0 0
vn 1 0 0
vn 1 0 0
vn 1 0 0
vn 1 0 0
vn 1 0 0
vn 1 0 0
vn 1 0 0
vn 1 0 0
vn 1 0 0
vn 1 0 0
vn 1 0 0
vn 1 0 0
vn 1 0 0
vn 1 0 0
vn 1 0 0
vn 1 0 0
vn 1 0 0
vn 1 0 0
vn 1 0 0
vn 1 0 0
vn 1 0 0
vn 1 0 0
vn 1 0 0
vn 1 0 0
vn 1 0 0
vn 1 0 0
vn 1 0 0
vn 1 0 0
vn 1 0 0
vn 1 0 0
vn 1 0 0
vn 1 0 0
vn 1 0 0
vn 1 0 0
vn 1 0 0
vn 0 0 -1
vn 0 0 -1
vn 0 0 -1
vn 0 0 -1
vn 0 0 -1
vn 0 0 -1
vn 0 0 -1
vn 0 0 -1
vn 0 0 -1
vn 0 0 -1
vn 0 0 -1
vn 0 0 -1
vn 0 0 -1
vn 0 0 -1
vn 0 0 -1
vn 0 0 -1
vn 0 0 -1
vn 0 0 -1
vn 0 0 -1
vn 0 0 -1
vn 0 0 -1
vn 0 0 -1
vn 0 0 -1
vn 0 0 -1
vn 0 0 -1
vn 0 0 -1
vn 0 0 -1
vn 0 0 -1
vn 0 0 -1
vn 0 0 -1
vn 0 0 -1
vn 0 0 -1
vn 0 0 -1
vn 0 0 -1
vn 0 0 -1
vn 0 0 -1
vn 0 0 -1
vn 0 0 -1
vn 0 0 -1
vn 0 0 -1
vn 0 0 -1
vn 0 0 -1
vn 0 0 -1
vn 0 0 -1
vn 0 0 -1
vn 0 0 -1
vn 0 0 -1
vn 0 0 -1
vn 0 0 -1
vn 0 0 -1
vn 0 0 -1
vn 0 0 -1
vn 0 0 -1
vn 0 0 -1
vn 0 0 -1
vn 0 0 -1
vn 0 0 -1
vn 0 0 -1
vn 0 0 -1
vn 0 0 -1
vn 0 0 -1
vn 0 0 -1
vn 0 0 -1
vn 0 0 -1
vn 0 0 -1
vn 0 0 -1
vn 0 0 -1
vn 0 0 -1
vn 0 0 -1
vn 0 0 -1
vn 0 0 -1
vn -1 0 0
vn -1 0 0
vn -1 0 0
vn -1 0 0
vn -1 0 0
vn -1 0 0
vn -1 0 0
vn -1 0 0
vn -1 0 0
vn -1 0 0
vn -1 0 0
vn -1 0 0
vn -1 0 0
vn -1 0 0
vn -1 0 0
vn -1 0 0
vn -1 0 0
vn -1 0 0
vn -1 0 0
vn -1 0 0
vn -1 0 0
vn -1 0 0
vn -1 0 0
vn -1 0 0
vn -1 0 0
vn -1 0 0
vn -1 0 0
vn -1 0 0
vn -1 0 0
vn -1 0 0
vn -1 0 0
vn -1 0 0
vn -1 0 0
vn -1 0 0
vn -1 0 0
vn -1 0 0
vn -1 0 0
vn -1 0 0
vn -1 0 0
vn -1 0 0
vn -1 0 0
vn -1 0 0
vn -1 0 0
vn -1 0 0
vn -1 0 0
vn -1 0 0
vn -1 0 0
vn -1 0 0
vn -1 0 0
vn -1 0 0
vn -1 0 0
vn -1 0 0
vn -1 0 0
vn -1 0 0
vn -1 0 0
vn -1 0 0
vn -1 0 0
vn -1 0 0
vn -1 0 0
vn -1 0 0
vn -1 0 0
vn -1 0 0
vn -1 0 0
vn -1 0 0
vn -1 0 0
vn -1 0 0
vn -1 0 0
vn -1 0 0
vn -1 0 0
vn -1 0 0
vn -1 0 0
vn -1 0 0
vn -1 0 0
vn -1 0 0
vn -1 0 0
vn -1 0 0
vn -1 0 0
vn -1 0 0
vn -1 0 0
vn -1 0 0
vn -1 0 0
vn -1 0 0
vn -1 0 0
vn -1 0 0
vn -1 0 0
vn -1 0 0
vn -1 0 0
vn -1 0 0
vn -1 0 0
vn -1 0 0
vn -1 0 0
vn -1 0 0
vn -1 0 0
vn -1 0 0
vn -1 0 0
vn -1 0 0
vn -1 0 0
vn -1 0 0
vn -1 0 0
vn -1 0 0
vn -1 0 0
vn -1 0 0
vn -1 0 0
vn -1 0 0
vn -1 0 0
vn -1 0 0
vn 0 0 1
vn 0 0 1
vn 0 0 1
vn 0 0 1
vn 0 0 1
vn 0 0 1
vn 0 0 1
vn 0 0 1
vn 0 0 1
vn 0 0 1
vn 0 0 1
vn 0 0 1
vn 0 0 1
vn 0 0 1
vn 0 0 1
vn 0 0 1
vn 0 0 1
vn 0 0 1
vn 0 0 1
vn 0 0 1
vn 0 0 1
vn 0 0 1
vn 0 0 1
vn 0 0 1
vn 0 0 1
vn 0 0 1
vn 0 0 1
vn 0 0 1
vn 0 0 1
vn 0 0 1
vn 0 0 1
vn 0 0 1
vn 0 0 1
vn 0 0 1
vn 0 0 1
vn 0 0 1
vn 0 0 1
vn 0 0 1
vn 0 0 1
vn 0 0 1
vn 0 0 1
vn 0 0 1
vn 0 0 1
vn 0 0 1
vn 0 0 1
vn 0 0 1
vn 0 0 1
vn 0 0 1
vn 0 0 1
vn 0 0 1
vn 0 0 1
vn 0 0 1
vn 0 0 1
vn 0 0 1
vn 0 0 1
vn 0 0 1
vn 0 0 1
vn 0 0 1
vn 0 0 1
vn 0 0 1
vn 0 0 1
vn 0 0 1
vn 0 0 1
vn 0 0 1
vn 0 0 1
vn 0 0 1
vn 0 0 1
vn 0 0 1
vn 0 0 1
vn 0 0 1
vn 1 0 0
vn 1 0 0
vn 1 0 0
vn 1 0 0
vn 1 0 0
vn 1 0 0
vn 1 0 0
vn 1 0 0
vn 1 0 0
vn 1 0 0
vn 1 0 0
vn 1 0 0
vn 1 0 0
vn 1 0 0
vn 1 0 0
vn 1 0 0
vn 1 0 0
vn 1 0 0
vn 1 0 0
vn 1 0 0
vn 1 0 0
vn 1 0 0
vn 1 0 0
vn 1 0 0
vn 1 0 0
vn 1 0 0
vn 1 0 0
vn 1 0 0
vn 0 0 1
vn 0 0 1
vn 0 0 1
vn 0 0 1
vn 0 0 1
vn 0 0 1
vn 0 0 1
vn 0 0 1
vn 0 0 1
vn 0 0 1
vn 0 0 1
vn 0 0 1
vn 0 0 1
vn 0 0 1
vn 0 0 1
vn 0 0 1
vn 0 0 1
vn 0 0 1
vn 0 0 1
vn 0 0 1
vn 0 0 1
vn 0 0 1
vn 0 0 1
vn 0 0 1
vn 0 0 1
vn 0 0 1
vn 0 0 1
vn 0 0 1
vn 0 0 1
vn 0 0 1
vn 0 0 1
vn 0 0 1
vn 0 0 1
vn 0 0 1
vn 0 0 1
vn 0 0 1
vn 0 0 1
vn 0 0 1
vn 0 0 1
vn 0 0 1
vn 0 0 1
vn 0 0 1
vn 0 0 1
vn 0 0 1
vn 0 0 1
vn 0 0 1
vn 1 0 0
vn 1 0 0
vn 1 0 0
vn 1 0 0
vn 1 0 0
vn 1 0 0
vn 1 0 0
vn 1 0 0
vn 1 0 0
vn 1 0 0
vn 1 0 0
vn 1 0 0
vn 1 0 0
vn 1 0 0
vn 1 0 0
vn 1 0 0
vn 1 0 0
vn 1 0 0
vn 1 0 0
vn 1 0 0
vn 1 0 0
vn 1 0 0
vn 1 0 0
vn 1 0 0
vn 1 0 0
vn 1 0 0
vn 0 0 -1
vn 0 0 -1
vn 0 0 -1
vn 0 0 -1
vn 0 0 -1
vn 0 0 -1
vn 0 0 -1
vn 0 0 -1
vn 0 0 -1
vn 0 0 -1
vn 0 0 -1
vn 0 0 -1
vn 0 0 -1
vn 0 0 -1
vn 0 0 -1
vn 0 0 -1
vn 0 0 -1
vn 0 0 -1
vn 0 0 -1
vn 0 0 -1
vn 0 0 -1
vn 0 0 -1
vn 0 0 -1
vn 0 0 -1
vn 0 0 -1
vn 0 0 -1
vn 0 0 -1
vn 0 0 -1
vn 0 0 -1
vn 0 0 -1
vn 0 0 -1
vn 0 0 -1
vn 0 0 -1
vn 0 0 -1
vn 0 0 -1
vn 0 0 -1
vn 0 0 -1
vn 0 0 -1
vn 0 0 -1
vn 0 0 -1
vn 0 0 -1
vn 0 0 -1
vn 0 0 -1
vn 0 0 -1
vn 0 0 -1
vn 0 0 -1
vn 0 0 -1
vn 0 0 -1
vn 0 0 -1
vn 0 0 -1
vn 0 0 -1
vn 0 0 -1
vn 0 0 -1
vn 0 0 -1
vn 0 0 -1
vn 0 0 -1
vn 0 0 -1
vn 0 0 -1
vn 0 0 -1
vn 0 0 -1
vn 0 0 -1
vn 0 0 -1
vn 0 0 -1
vn 0 0 -1
vn 0 0 -1
vn 0 0 -1
vn 0 0 -1
vn 0 0 -1
vn 0 0 -1
vn 0 0 -1
vn 0 0 -1
vn 0 0 -1
vn 0 0 -1
vn 0 1 0
vn 0 1 0
vn 0 1 0
vn 0 1 0
vn 0 1 0
vn 0 1 0
vn 0 1 0
vn 0 1 0
vn 0 1 0
vn 0 1 0
vn 0 1 0
vn 0 1 0
vn 0 1 0
vn 0 1 0
vn 0 1 0
vn 0 1 0
vn 0 1 0
vn 0 1 0
vn 0 1 0
vn 0 1 0
vn 0 1 0
vn 0 1 0
vn 0 1 0
vn 0 1 0
vn 0 1 0
vn 0 1 0
vn 0 1 0
vn 0 1 0
vn 0 1 0
vn 0 1 0
vn 0 1 0
vn 0 1 0
vn 0 1 0
vn 0 1 0
vn 0 1 0
vn 0 1 0
vn 0 1 0
vn 0 1 0
vn 0 1 0
vn 0 1 0
vn 0 1 0
vn 0 1 0
vn 0 1 0
vn 0 1 0
vn 0 1 0
vn 0 1 0
vn 0 1 0
vn 0 1 0
vn 0 1 0
vn 0 1 0
vn 0 1 0
vn 0 1 0
vn 0 1 0
vn 0 1 0
vn 0 1 0
vn 0 1 0
vn 0 1 0
vn 0 1 0
vn 0 1 0
vn 0 1 0
vn 0 1 0
vn 0 1 0
vn 0 1 0
vn 0 1 0
vn 0 1 0
vn 0 1 0
vn 0 1 0
vn 0 1 0
vn 0 1 0
vn 0 1 0
vn 0 1 0
vn 0 1 0
vn 0 1 0
vn 0 1 0
vn 0 1 0
vn 0 1 0
vn 0 1 0
vn 0 1 0
vn 0 1 0
vn 0 1 0
vn 0 1 0
vn 0 1 0
vn 0 1 0
vn 0 1 0
vn 0 1 0
vn 0 1 0
vn 0 1 0
vn 0 1 0
vn 0 1 0
vn 0 1 0
vn 0 1 0
vn 0 1 0
vn 0 1 0
vn 0 1 0
vn 0 1 0
vn 0 1 0
vn 0 1 0
vn 0 1 0
vn 0 1 0
vn 0 1 0
vn 0 1 0
vn 0 1 0
vn 0 1 0
vn 0 1 0
vn 0 1 0
vn 0 1 0
vn 0 1 0
vn 0 1 0
vn 0 1 0
vn 0 1 0
vn 0 1 0
vn 0 1 0
vn 0 1 0
vn 0 1 0
vn 0 1 0
vn 0 1 0
vn 0 1 0
vn 0 1 0
vn 0 1 0
vn 0 1 0
vn 0 1 0
vn 0 1 0
vn 0 1 0
vn 0 1 0
vn 0 1 0
vn 0 1 0
vn 0 1 0
vn 0 1 0
vn 0 1 0
vn 0 1 0
vn 0 1 0
vn 0 1 0
vn 0 1 0
vn 0 1 0
vn 0 1 0
vn 0 1 0
vn 0 1 0
vn 0 1 0
vn 0 1 0
vn 0 1 0
vn 0 1 0
vn 0 1 0
vn 0 1 0
vn 0 1 0
vn 0 1 0
vn 0 1 0
vn 0 1 0
vn 0 1 0
vn 0 1 0
vn 0 1 0
vn 0 1 0
vn 0 1 0
vn 0 1 0
vn 0 1 0
vn 0 1 0
vn 0 1 0
vn 0 1 0
vn 0 1 0
vn 0 1 0
vn 0 1 0
vn 0 1 0
vn 0 1 0
vn 0 1 0
vn 0 1 0
vn 0 1 0
vn 0 1 0
vn 0 1 0
vn 0 1 0
vn 0 1 0
vn 0 1 0
vn 0 1 0
vn 0 1 0
vn 0 1 0
vn 0 1 0
vn 0 1 0
vn 0 1 0
vn 0 1 0
vn 0 1 0
vn 0 1 0
vn 0 1 0
vn 0 1 0
vn 0 1 0
vn 0 1 0
vn 0 1 0
vn 0 1 0
vn 0 1 0
vn 0 1 0
vn 0 1 0
vn 0 1 0
vn 0 1 0
vn 0 1 0
vn 0 1 0
vn 0 1 0
vn 0 1 0
vn 0 0 -1
vn 0 0 -1
vn 0 0 -1
vn 0 0 -1
vn 0 0 -1
vn 0 0 -1
vn 0 0 1
vn 0 0 1
vn 0 0 1
vn 0 0 1
vn 0 0 1
vn 0 0 1
vn 0 -1 0
vn 0 -1 0
vn 0 -1 0
vn 0 -1 0
vn 0 -1 0
vn 0 -1 0
vn -1 0 0
vn -1 0 0
vn -1 0 0
vn -1 0 0
vn -1 0 0
vn -1 0 0
vn 1 0 0
vn 1 0 0
vn 1 0 0
vn 1 0 0
vn 1 0 0
vn 1 0 0
vn 0 -1 0
vn 0 -1 0
vn 0 -1 0
vn 0 -1 0
vn 0 -1 0
vn 0 -1 0
vn 0 0 -1
vn 0 0 -1
vn 0 0 -1
vn 0 0 -1
vn 0 0 -1
vn 0 0 -1
vn 0 0 1
vn 0 0 1
vn 0 0 1
vn 0 0 1
vn 0 0 1
vn 0 0 1
vn 0 -1 0
vn 0 -1 0
vn 0 -1 0
vn 0 -1 0
vn 0 -1 0
vn 0 -1 0
vn -1 0 0
vn -1 0 0
vn -1 0 0
vn -1 0 0
vn -1 0 0
vn -1 0 0
vn -1 0 0
vn -1 0 0
vn 1 0 0
vn 1 0 0
vn 1 0 0
vn 1 0 0
vn 1 0 0
vn 1 0 0
vn 1 0 0
vn 1 0 0
vn 0 1 0
vn 0 1 0
vn 0 1 0
vn 0 1 0
vn 0 1 0
vn 0 1 0
vn 0 1 0
vn 0 1 0
vn 0 -1 0
vn 0 -1 0
vn 0 -1 0
vn 0 -1 0
vn 0 -1 0
vn 0 -1 0
vn 0 -1 0
vn 0 -1 0
vn -1 0 0
vn -1 0 0
vn -1 0 0
vn -1 0 0
vn -1 0 0
vn -1 0 0
vn -1 0 0
vn -1 0 0
vn -1 0 0
vn 1 0 0
vn 1 0 0
vn 1 0 0
vn 1 0 0
vn 1 0 0
vn 1 0 0
vn 1 0 0
vn 1 0 0
vn 1 0 0
vn 0 1 0
vn 0 1 0
vn 0 1 0
vn 0 1 0
vn 0 1 0
vn 0 1 0
vn 0 1 0
vn 0 1 0
vn 0 1 0
vn 0 -1 0
vn 0 -1 0
vn 0 -1 0
vn 0 -1 0
vn 0 -1 0
vn 0 -1 0
vn 0 -1 0
vn 0 -1 0
vn 0 -1 0
vn -1 0 0
vn -1 0 0
vn -1 0 0
vn -1 0 0
vn -1 0 0
vn -1 0 0
vn -1 0 0
vn -1 0 0
vn 1 0 0
vn 1 0 0
vn 1 0 0
vn 1 0 0
vn 1 0 0
vn 1 0 0
vn 1 0 0
vn 1 0 0
vn 0 1 0
vn 0 1 0
vn 0 1 0
vn 0 1 0
vn 0 1 0
vn 0 1 0
vn 0 1 0
vn 0 1 0
vn 0 -1 0
vn 0 -1 0
vn 0 -1 0
vn 0 -1 0
vn 0 -1 0
vn 0 -1 0
vn 0 -1 0
vn 0 -1 0
vn -1 0 0
vn -1 0 0
vn -1 0 0
vn -1 0 0
vn -1 0 0
vn -1 0 0
vn -1 0 0
vn -1 0 0
vn -1 0 0
vn 1 0 0
vn 1 0 0
vn 1 0 0
vn 1 0 0
vn 1 0 0
vn 1 0 0
vn 1 0 0
vn 1 0 0
vn 1 0 0
vn 0 1 0
vn 0 1 0
vn 0 1 0
vn 0 1 0
vn 0 1 0
vn 0 1 0
vn 0 1 0
vn 0 1 0
vn 0 1 0
vn 0 -1 0
vn 0 -1 0
vn 0 -1 0
vn 0 -1 0
vn 0 -1 0
vn 0 -1 0
vn 0 -1 0
vn 0 -1 0
vn 0 -1 0
vn 0 0 -1
vn 0 0 -1
vn 0 0 -1
vn 0 0 -1
vn 0 0 -1
vn 0 0 -1
vn 0 0 -1
vn 0 0 -1
vn 0 0 -1
vn 0 0 -1
vn 0 0 -1
vn 0 0 1
vn 0 0 1
vn 0 0 1
vn 0 0 1
vn 0 0 1
vn 0 0 1
vn 0 0 1
vn 0 0 1
vn 0 0 1
vn 0 0 1
vn 0 0 1
vn 0 1 0
vn 0 1 0
vn 0 1 0
vn 0 1 0
vn 0 1 0
vn 0 1 0
vn 0 1 0
vn 0 1 0
vn 0 1 0
vn 0 1 0
vn 0 1 0
vn 0 -1 0
vn 0 -1 0
vn 0 -1 0
vn 0 -1 0
vn 0 -1 0
vn 0 -1 0
vn 0 -1 0
vn 0 -1 0
vn 0 -1 0
vn 0 -1 0
vn 0 -1 0
vn 0 0 -1
vn 0 0 -1
vn 0 0 -1
vn 0 0 -1
vn 0 0 -1
vn 0 0 -1
vn 0 0 -1
vn 0 0 -1
vn 0 0 -1
vn 0 0 -1
vn 0 0 1
vn 0 0 1
vn 0 0 1
vn 0 0 1
vn 0 0 1
vn 0 0 1
vn 0 0 1
vn 0 0 1
vn 0 0 1
vn 0 0 1
vn 0 1 0
vn 0 1 0
vn 0 1 0
vn 0 1 0
vn 0 1 0
vn 0 1 0
vn 0 1 0
vn 0 1 0
vn 0 1 0
vn 0 1 0
vn 0 -1 0
vn 0 -1 0
vn 0 -1 0
vn 0 -1 0
vn 0 -1 0
vn 0 -1 0
vn 0 -1 0
vn 0 -1 0
vn 0 -1 0
vn 0 -1 0
f 405/405/405 507/507/507 520/520/520 409/409/409
f 519/519/519 410/410/410 409/409/409 520/520/520
f 456/456/456 507/507/507 405/405/405
f 410/410/410 519/519/519 518/518/518 411/411/411
f 518/518/518 517/517/517 411/411/411
f 411/411/411 517/517/517 516/516/516 412/412/412
f 455/455/455 454/454/454 509/509/509
f 429/429/429 510/510/510 453/453/453
f 453/453/453 510/510/510 454/454/454
f 503/503/503 429/429/429 453/453/453
f 508/508/508 456/456/456 455/455/455
f 455/455/455 509/509/509 508/508/508
f 508/508/508 507/507/507 456/456/456
f 430/430/430 570/570/570 569/569/569 431/431/431
f 454/454/454 510/510/510 509/509/509
f 429/429/429 503/503/503 570/570/570 430/430/430
f 515/515/515 413/413/413 412/412/412 516/516/516
f 413/413/413 514/514/514 513/513/513 414/414/414
f 413/413/413 515/515/515 514/514/514
f 414/414/414 513/513/513 512/512/512 415/415/415
f 415/415/415 512/512/512 511/511/511 416/416/416
f 511/511/511 553/553/553 416/416/416
f 564/564/564 417/417/417 416/416/416
f 416/416/416 553/553/553 564/564/564
f 572/572/572 555/555/555 554/554/554 574/574/574
f 522/522/522 547/547/547 573/573/573 523/523/523
f 553/553/553 511/511/511 574/574/574 554/554/554
f 547/547/547 438/438/438 548/548/548
f 522/522/522 438/438/438 547/547/547
f 438/438/438 522/522/522 521/521/521
f 503/503/503 453/453/453 452/452/452 504/504/504
f 450/450/450 506/506/506 505/505/505 451/451/451
f 451/451/451 505/505/505 504/504/504 452/452/452
f 506/506/506 450/450/450 406/406/406 493/493/493
f 494/494/494 473/473/473 472/472/472 495/495/495
f 473/473/473 494/494/494 493/493/493 406/406/406
f 472/472/472 496/496/496 495/495/495
f 497/497/497 471/471/471 470/470/470 498/498/498
f 498/498/498 470/470/470 469/469/469 499/499/499
f 496/496/496 471/471/471 497/497/497
f 472/472/472 471/471/471 496/496/496
f 427/427/427 571/571/571 568/568/568 428/428/428
f 426/426/426 521/521/521 571/571/571 427/427/427
f 567/567/567 545/545/545 544/544/544 426/426/426
f 438/438/438 521/521/521 544/544/544
f 565/565/565 546/546/546 545/545/545 567/567/567
f 544/544/544 521/521/521 426/426/426
f 468/468/468 501/501/501 500/500/500
f 469/469/469 468/468/468 500/500/500
f 501/501/501 468/468/468 467/467/467
f 502/502/502 501/501/501 467/467/467
f 500/500/500 499/499/499 469/469/469
f 534/534/534 566/566/566 491/491/491
f 502/502/502 467/467/467 491/491/491
f 466/466/466 534/534/534 491/491/491
f 467/467/467 466/466/466 491/491/491
f 534/534/534 466/466/466 465/465/465 535/535/535
f 566/566/566 492/492/492 491/491/491
f 418/418/418 417/417/417 563/563/563
f 420/420/420 419/419/419 561/561/561
f 421/421/421 420/420/420 560/560/560
f 419/419/419 418/418/418 562/562/562
f 558/558/558 423/423/423 422/422/422
f 558/558/558 557/557/557 423/423/423
f 424/424/424 423/423/423 557/557/557
f 559/559/559 422/422/422 421/421/421
f 422/422/422 559/559/559 558/558/558
f 562/562/562 418/418/418 563/563/563
f 548/548/548 437/437/437 436/436/436 549/549/549
f 548/548/548 438/438/438 437/437/437
f 561/561/561 560/560/560 420/420/420
f 559/559/559 421/421/421 560/560/560
f 551/551/551 550/550/550 435/435/435
f 549/549/549 436/436/436 435/435/435 550/550/550
f 562/562/562 561/561/561 419/419/419
f 551/551/551 434/434/434 552/552/552
f 556/556/556 424/424/424 557/557/557
f 556/556/556 449/449/449 425/425/425
f 407/407/407 425/425/425 449/449/449
f 448/448/448 447/447/447 474/474/474
f 474/474/474 449/449/449 448/448/448
f 424/424/424 556/556/556 425/425/425
f 474/474/474 447/447/447 475/475/475
f 475/475/475 446/446/446 445/445/445 476/476/476
f 475/475/475 447/447/447 446/446/446
f 407/407/407 449/449/449 474/474/474
f 444/444/444 477/477/477 476/476/476 445/445/445
f 478/478/478 443/443/443 442/442/442
f 441/441/441 479/479/479 478/478/478 442/442/442
f 443/443/443 477/477/477 444/444/444
f 441/441/441 440/440/440 479/479/479
f 439/439/439 480/480/480 440/440/440
f 479/479/479 440/440/440 480/480/480
f 432/432/432 480/480/480 439/439/439
f 477/477/477 443/443/443 478/478/478
f 433/433/433 432/432/432 439/439/439 552/552/552
f 535/535/535 465/465/465 464/464/464 536/536/536
f 537/537/537 463/463/463 462/462/462 538/538/538
f 538/538/538 462/462/462 461/461/461 539/539/539
f 536/536/536 464/464/464 463/463/463 537/537/537
f 435/435/435 434/434/434 551/551/551
f 433/433/433 552/552/552 434/434/434
f 540/540/540 460/460/460 459/459/459 541/541/541
f 539/539/539 461/461/461 460/460/460 540/540/540
f 542/542/542 458/458/458 457/457/457 543/543/543
f 542/542/542 459/459/459 458/458/458
f 543/543/543 457/457/457 408/408/408 524/524/524
f 542/542/542 541/541/541 459/459/459
f 533/533/533 481/481/481 480/480/480 432/432/432
f 484/484/484 531/531/531 530/530/530
f 532/532/532 531/531/531 483/483/483
f 532/532/532 482/482/482 481/481/481 533/533/533
f 482/482/482 532/532/532 483/483/483
f 483/483/483 531/531/531 484/484/484
f 529/529/529 486/486/486 485/485/485 530/530/530
f 485/485/485 484/484/484 530/530/530
f 527/527/527 488/488/488 487/487/487 528/528/528
f 525/525/525 490/490/490 489/489/489 526/526/526
f 524/524/524 408/408/408 490/490/490 525/525/525
f 526/526/526 489/489/489 488/488/488 527/527/527
f 528/528/528 487/487/487 486/486/486
f 486/486/486 529/529/529 528/528/528
f 564/564/564 563/563/563 417/417/417
f 584/584/584 583/583/583 577/577/577 578/578/578
f 585/585/585 584/584/584 578/578/578 579/579/579
f 586/586/586 585/585/585 579/579/579 580/580/580
f 587/587/587 586/586/586 580/580/580 581/581/581
f 582/582/582 587/587/587 581/581/581
f 589/589/589 588/588/588 583/583/583 584/584/584
f 590/590/590 589/589/589 584/584/584 585/585/585
f 591/591/591 590/590/590 585/585/585 586/586/586
f 592/592/592 591/591/591 586/586/586 587/587/587
f 595/595/595 594/594/594 588/588/588 589/589/589
f 596/596/596 595/595/595 589/589/589 590/590/590
f 597/597/597 596/596/596 590/590/590 591/591/591
f 598/598/598 597/597/597 591/591/591 592/592/592
f 592/592/592 599/599/599 598/598/598
f 601/601/601 600/600/600 594/594/594 595/595/595
f 602/602/602 601/601/601 595/595/595 596/596/596
f 603/603/603 602/602/602 596/596/596 597/597/597
f 604/604/604 603/603/603 597/597/597 598/598/598
f 607/607/607 606/606/606 600/600/600 601/601/601
f 608/608/608 607/607/607 601/601/601 602/602/602
f 609/609/609 608/608/608 602/602/602 603/603/603
f 610/610/610 609/609/609 603/603/603 604/604/604
f 605/605/605 610/610/610 604/604/604
f 613/613/613 612/612/612 606/606/606 607/607/607
f 614/614/614 613/613/613 607/607/607 608/608/608
f 615/615/615 614/614/614 608/608/608 609/609/609
f 616/616/616 615/615/615 609/609/609 610/610/610
f 610/610/610 617/617/617 616/616/616
f 618/618/618 611/611/611 619/619/619
f 690/690/690 575/575/575 638/638/638
f 690/690/690 638/638/638 637/637/637
f 690/690/690 637/637/637 636/636/636 691/691/691
f 634/634/634 691/691/691 635/635/635
f 636/636/636 635/635/635 691/691/691
f 691/691/691 686/686/686 690/690/690
f 690/690/690 639/639/639 575/575/575
f 577/577/577 634/634/634 633/633/633
f 632/632/632 578/578/578 577/577/577 633/633/633
f 631/631/631 579/579/579 578/578/578 632/632/632
f 630/630/630 579/579/579 631/631/631
f 577/577/577 691/691/691 634/634/634
f 577/577/577 678/678/678 691/691/691
f 692/692/692 640/640/640 639/639/639 690/690/690
f 685/685/685 692/692/692 690/690/690
f 690/690/690 686/686/686 685/685/685
f 693/693/693 593/593/593 640/640/640 692/692/692
f 692/692/692 684/684/684 693/693/693
f 694/694/694 641/641/641 593/593/593 693/693/693
f 685/685/685 684/684/684 692/692/692
f 686/686/686 691/691/691 687/687/687
f 687/687/687 691/691/691 678/678/678
f 583/583/583 588/588/588 678/678/678
f 679/679/679 678/678/678 588/588/588
f 679/679/679 588/588/588 594/594/594
f 594/594/594 680/680/680 679/679/679
f 577/577/577 583/583/583 678/678/678
f 683/683/683 693/693/693 684/684/684
f 580/580/580 630/630/630 629/629/629
f 628/628/628 581/581/581 580/580/580 629/629/629
f 627/627/627 582/582/582 581/581/581 628/628/628
f 626/626/626 582/582/582 627/627/627
f 630/630/630 580/580/580 579/579/579
f 625/625/625 582/582/582 626/626/626
f 695/695/695 625/625/625 624/624/624
f 696/696/696 623/623/623 622/622/622
f 624/624/624 623/623/623 695/695/695
f 622/622/622 576/576/576 665/665/665
f 695/695/695 623/623/623 696/696/696
f 625/625/625 695/695/695 582/582/582
f 695/695/695 675/675/675 674/674/674 582/582/582
f 673/673/673 582/582/582 674/674/674
f 587/587/587 673/673/673 592/592/592
f 592/592/592 672/672/672 599/599/599
f 599/599/599 671/671/671 598/598/598
f 673/673/673 672/672/672 592/592/592
f 671/671/671 599/599/599 672/672/672
f 695/695/695 696/696/696 666/666/666
f 622/622/622 665/665/665 696/696/696
f 696/696/696 665/665/665 664/664/664
f 697/697/697 667/667/667 666/666/666 696/696/696
f 666/666/666 675/675/675 695/695/695
f 698/698/698 697/697/697 663/663/663
f 697/697/697 696/696/696 664/664/664
f 697/697/697 664/664/664 663/663/663
f 667/667/667 697/697/697 698/698/698
f 587/587/587 582/582/582 673/673/673
f 683/683/683 694/694/694 693/693/693
f 699/699/699 641/641/641 694/694/694
f 682/682/682 699/699/699 694/694/694 683/683/683
f 700/700/700 642/642/642 699/699/699
f 641/641/641 699/699/699 642/642/642
f 682/682/682 689/689/689 699/699/699
f 700/700/700 699/699/699 702/702/702 701/701/701
f 700/700/700 620/620/620 642/642/642
f 681/681/681 680/680/680 600/600/600
f 681/681/681 702/702/702 688/688/688
f 689/689/689 688/688/688 702/702/702
f 600/600/600 606/606/606 681/681/681
f 702/702/702 681/681/681 606/606/606
f 701/701/701 702/702/702 606/606/606 612/612/612
f 702/702/702 699/699/699 689/689/689
f 594/594/594 600/600/600 680/680/680
f 700/700/700 644/644/644 643/643/643
f 620/620/620 700/700/700 643/643/643
f 700/700/700 645/645/645 644/644/644
f 700/700/700 701/701/701 645/645/645
f 701/701/701 647/647/647 646/646/646
f 701/701/701 646/646/646 645/645/645
f 612/612/612 647/647/647 701/701/701
f 613/613/613 649/649/649 648/648/648 612/612/612
f 614/614/614 650/650/650 649/649/649 613/613/613
f 614/614/614 651/651/651 650/650/650
f 648/648/648 647/647/647 612/612/612
f 615/615/615 652/652/652 651/651/651 614/614/614
f 605/605/605 604/604/604 671/671/671
f 604/604/604 598/598/598 671/671/671
f 671/671/671 670/670/670 605/605/605
f 617/617/617 670/670/670 677/677/677
f 605/605/605 670/670/670 610/610/610
f 669/669/669 618/618/618 676/676/676
f 677/677/677 676/676/676 618/618/618
f 703/703/703 698/698/698 662/662/662
f 668/668/668 667/667/667 698/698/698
f 668/668/668 698/698/698 703/703/703
f 663/663/663 662/662/662 698/698/698
f 611/611/611 669/669/669 668/668/668 703/703/703
f 660/660/660 619/619/619 611/611/611 661/661/661
f 703/703/703 662/662/662 661/661/661 611/611/611
f 618/618/618 669/669/669 611/611/611
f 610/610/610 670/670/670 617/617/617
f 616/616/616 653/653/653 652/652/652 615/615/615
f 617/617/617 654/654/654 653/653/653 616/616/616
f 617/617/617 677/677/677 618/618/618
f 617/617/617 655/655/655 654/654/654
f 656/656/656 655/655/655 617/617/617
f 619/619/619 658/658/658 657/657/657 618/618/618
f 617/617/617 618/618/618 656/656/656
f 619/619/619 660/660/660 659/659/659
f 656/656/656 618/618/618 657/657/657
f 660/660/660 621/621/621 659/659/659
f 619/619/619 659/659/659 658/658/658
f 723/723/723 719/719/719 712/712/712 722/722/722
f 719/719/719 721/721/721 720/720/720 712/712/712
f 711/711/711 704/704/704 709/709/709
f 725/725/725 709/709/709 708/708/708
f 709/709/709 724/724/724 711/711/711
f 725/725/725 724/724/724 709/709/709
f 721/721/721 711/711/711 720/720/720
f 720/720/720 711/711/711 724/724/724
f 727/727/727 726/726/726 730/730/730
f 705/705/705 710/710/710 722/722/722 730/730/730
f 724/724/724 729/729/729 712/712/712
f 730/730/730 728/728/728 727/727/727
f 712/712/712 729/729/729 728/728/728
f 728/728/728 730/730/730 722/722/722
f 720/720/720 724/724/724 712/712/712
f 719/719/719 715/715/715 714/714/714 721/721/721
f 721/721/721 713/713/713 706/706/706
f 721/721/721 714/714/714 713/713/713
f 706/706/706 711/711/711 721/721/721
f 716/716/716 715/715/715 719/719/719
f 710/710/710 723/723/723 722/722/722
f 707/707/707 723/723/723 710/710/710
f 716/716/716 719/719/719 723/723/723 717/717/717
f 723/723/723 707/707/707 718/718/718
f 723/723/723 718/718/718 717/717/717
f 728/728/728 722/722/722 712/712/712
f 750/750/750 746/746/746 739/739/739 749/749/749
f 746/746/746 748/748/748 747/747/747 739/739/739
f 736/736/736 747/747/747 738/738/738 731/731/731
f 755/755/755 736/736/736 735/735/735
f 754/754/754 736/736/736 755/755/755
f 748/748/748 738/738/738 747/747/747
f 747/747/747 736/736/736 754/754/754
f 752/752/752 751/751/751 757/757/757
f 757/757/757 732/732/732 737/737/737
f 739/739/739 754/754/754 756/756/756
f 757/757/757 753/753/753 752/752/752
f 753/753/753 739/739/739 756/756/756
f 753/753/753 757/757/757 737/737/737
f 747/747/747 754/754/754 739/739/739
f 746/746/746 742/742/742 741/741/741 748/748/748
f 748/748/748 740/740/740 733/733/733
f 748/748/748 741/741/741 740/740/740
f 733/733/733 738/738/738 748/748/748
f 743/743/743 742/742/742 746/746/746
f 737/737/737 750/750/750 749/749/749
f 734/734/734 750/750/750 737/737/737
f 753/753/753 737/737/737 749/749/749
f 743/743/743 746/746/746 750/750/750 744/744/744
f 750/750/750 734/734/734 745/745/745
f 750/750/750 745/745/745 744/744/744
f 753/753/753 749/749/749 739/739/739
f 788/788/788 777/777/777 767/767/767 787/787/787
f 767/767/767 774/774/774 776/776/776 775/775/775
f 777/777/777 778/778/778 774/774/774 767/767/767
f 766/766/766 768/768/768 758/758/758
f 776/776/776 768/768/768 766/766/766
f 776/776/776 770/770/770 769/769/769
f 770/770/770 776/776/776 774/774/774
f 774/774/774 771/771/771 770/770/770
f 768/768/768 776/776/776 769/769/769
f 765/765/765 776/776/776 766/766/766
f 764/764/764 775/775/775 776/776/776 765/765/765
f 775/775/775 763/763/763 762/762/762
f 763/763/763 775/775/775 764/764/764
f 787/787/787 767/767/767 775/775/775
f 761/761/761 787/787/787 759/759/759
f 787/787/787 762/762/762 759/759/759
f 775/775/775 762/762/762 787/787/787
f 771/771/771 774/774/774 778/778/778 772/772/772
f 779/779/779 773/773/773 778/778/778
f 772/772/772 778/778/778 773/773/773
f 773/773/773 779/779/779 760/760/760
f 778/778/778 781/781/781 780/780/780
f 778/778/778 780/780/780 779/779/779
f 777/777/777 782/782/782 781/781/781 778/778/778
f 783/783/783 782/782/782 777/777/777
f 783/783/783 777/777/777 784/784/784
f 788/788/788 784/784/784 777/777/777
f 788/788/788 785/785/785 784/784/784
f 788/788/788 761/761/761 786/786/786
f 788/788/788 786/786/786 785/785/785
f 787/787/787 761/761/761 788/788/788
f 794/794/794 793/793/793 791/791/791 792/792/792
f 796/796/796 795/795/795 793/793/793 794/794/794
f 798/798/798 797/797/797 795/795/795 796/796/796
f 800/800/800 799/799/799 797/797/797 798/798/798
f 802/802/802 801/801/801 799/799/799 800/800/800
f 814/814/814 789/789/789 813/813/813
f 791/791/791 814/814/814 813/813/813
f 815/815/815 814/814/814 791/791/791
f 792/792/792 812/812/812 811/811/811
f 810/810/810 792/792/792 811/811/811
f 791/791/791 812/812/812 792/792/792
f 853/853/853 852/852/852 792/792/792
f 791/791/791 813/813/813 812/812/812
f 793/793/793 816/816/816 815/815/815 791/791/791
f 816/816/816 793/793/793 795/795/795 817/817/817
f 795/795/795 818/818/818 817/817/817
f 851/851/851 794/794/794 852/852/852
f 794/794/794 792/792/792 852/852/852
f 850/850/850 796/796/796 794/794/794 851/851/851
f 849/849/849 798/798/798 796/796/796 850/850/850
f 853/853/853 792/792/792 861/861/861
f 861/861/861 809/809/809 808/808/808
f 807/807/807 862/862/862 861/861/861 808/808/808
f 862/862/862 855/855/855 854/854/854 861/861/861
f 806/806/806 862/862/862 807/807/807
f 810/810/810 809/809/809 861/861/861
f 863/863/863 806/806/806 805/805/805
f 790/790/790 840/840/840 805/805/805
f 863/863/863 805/805/805 840/840/840
f 839/839/839 863/863/863 840/840/840
f 863/863/863 862/862/862 806/806/806
f 863/863/863 856/856/856 862/862/862
f 863/863/863 839/839/839 841/841/841
f 856/856/856 863/863/863 841/841/841
f 862/862/862 856/856/856 855/855/855
f 838/838/838 842/842/842 841/841/841 839/839/839
f 842/842/842 838/838/838 837/837/837 843/843/843
f 836/836/836 844/844/844 843/843/843 837/837/837
f 853/853/853 861/861/861 854/854/854
f 810/810/810 861/861/861 792/792/792
f 795/795/795 797/797/797 818/818/818
f 799/799/799 820/820/820 819/819/819 797/797/797
f 818/818/818 797/797/797 819/819/819
f 821/821/821 820/820/820 799/799/799
f 848/848/848 798/798/798 849/849/849
f 847/847/847 800/800/800 848/848/848
f 798/798/798 848/848/848 800/800/800
f 800/800/800 847/847/847 802/802/802
f 822/822/822 821/821/821 801/801/801
f 823/823/823 803/803/803 822/822/822
f 801/801/801 823/823/823 822/822/822
f 824/824/824 823/823/823 801/801/801
f 864/864/864 827/827/827 826/826/826 802/802/802
f 802/802/802 847/847/847 860/860/860
f 802/802/802 825/825/825 824/824/824
f 802/802/802 826/826/826 825/825/825
f 824/824/824 801/801/801 802/802/802
f 860/860/860 864/864/864 802/802/802
f 821/821/821 799/799/799 801/801/801
f 844/844/844 836/836/836 835/835/835 845/845/845
f 858/858/858 857/857/857 865/865/865
f 846/846/846 866/866/866 865/865/865 857/857/857
f 833/833/833 846/846/846 834/834/834
f 834/834/834 846/846/846 845/845/845 835/835/835
f 846/846/846 833/833/833 866/866/866
f 864/864/864 859/859/859 858/858/858
f 858/858/858 865/865/865 864/864/864
f 865/865/865 829/829/829 828/828/828 864/864/864
f 864/864/864 828/828/828 827/827/827
f 864/864/864 860/860/860 859/859/859
f 830/830/830 829/829/829 865/865/865
f 833/833/833 832/832/832 866/866/866
f 831/831/831 866/866/866 832/832/832
f 866/866/866 831/831/831 830/830/830
f 832/832/832 804/804/804 831/831/831
f 830/830/830 865/865/865 866/866/866
f 896/896/896 895/895/895 893/893/893 894/894/894
f 899/899/899 898/898/898 882/882/882 897/897/897
f 894/894/894 893/893/893 898/898/898 899/899/899
f 898/898/898 881/881/881 882/882/882
f 892/892/892 898/898/898 893/893/893
f 881/881/881 898/898/898 892/892/892
f 902/902/902 901/901/901 884/884/884 900/900/900
f 897/897/897 882/882/882 901/901/901 902/902/902
f 900/900/900 884/884/884 903/903/903 904/904/904
f 901/901/901 883/883/883 884/884/884
f 881/881/881 901/901/901 882/882/882
f 883/883/883 901/901/901 881/881/881
f 913/913/913 881/881/881 885/885/885
f 883/883/883 913/913/913 886/886/886
f 881/881/881 913/913/913 883/883/883
f 886/886/886 909/909/909 911/911/911 910/910/910
f 885/885/885 912/912/912 914/914/914 913/913/913
f 913/913/913 914/914/914 909/909/909 886/886/886
f 918/918/918 892/892/892 916/916/916
f 881/881/881 918/918/918 885/885/885
f 892/892/892 918/918/918 881/881/881
f 916/916/916 917/917/917 919/919/919 918/918/918
f 918/918/918 919/919/919 912/912/912 885/885/885
f 920/920/920 921/921/921 917/917/917 916/916/916
f 877/877/877 911/911/911 867/867/867
f 905/905/905 867/867/867 911/911/911
f 911/911/911 877/877/877 876/876/876 910/910/910
f 910/910/910 876/876/876 875/875/875
f 875/875/875 883/883/883 910/910/910
f 874/874/874 883/883/883 875/875/875
f 909/909/909 906/906/906 905/905/905
f 906/906/906 914/914/914 912/912/912 880/880/880
f 914/914/914 906/906/906 909/909/909
f 886/886/886 910/910/910 883/883/883
f 919/919/919 907/907/907 880/880/880 912/912/912
f 905/905/905 911/911/911 909/909/909
f 872/872/872 903/903/903 873/873/873
f 883/883/883 873/873/873 903/903/903
f 903/903/903 872/872/872 871/871/871 904/904/904
f 871/871/871 868/868/868 890/890/890 904/904/904
f 904/904/904 890/890/890 900/900/900
f 903/903/903 884/884/884 883/883/883
f 879/879/879 897/897/897 902/902/902 889/889/889
f 900/900/900 889/889/889 902/902/902
f 897/897/897 879/879/879 888/888/888 899/899/899
f 890/890/890 889/889/889 900/900/900
f 883/883/883 874/874/874 873/873/873
f 907/907/907 919/919/919 917/917/917
f 908/908/908 907/907/907 917/917/917
f 892/892/892 920/920/920 916/916/916
f 921/921/921 908/908/908 917/917/917
f 921/921/921 922/922/922 908/908/908
f 922/922/922 921/921/921 923/923/923
f 920/920/920 915/915/915 923/923/923 921/921/921
f 924/924/924 915/915/915 920/920/920
f 920/920/920 925/925/925 924/924/924
f 892/892/892 925/925/925 920/920/920
f 869/869/869 908/908/908 922/922/922
f 878/878/878 925/925/925 892/892/892
f 895/895/895 892/892/892 893/893/893
f 887/887/887 894/894/894 899/899/899 888/888/888
f 870/870/870 896/896/896 887/887/887
f 894/894/894 887/887/887 896/896/896
f 896/896/896 928/928/928 891/891/891 895/895/895
f 926/926/926 892/892/892 895/895/895
f 895/895/895 927/927/927 926/926/926
f 896/896/896 870/870/870 929/929/929
f 896/896/896 929/929/929 928/928/928
f 895/895/895 891/891/891 927/927/927
f 892/892/892 926/926/926 878/878/878
f 938/938/938 932/932/932 933/933/933
f 939/939/939 938/938/938 933/933/933 934/934/934
f 940/940/940 939/939/939 934/934/934 935/935/935
f 941/941/941 940/940/940 935/935/935 936/936/936
f 942/942/942 941/941/941 936/936/936 937/937/937
f 944/944/944 943/943/943 938/938/938 939/939/939
f 945/945/945 944/944/944 939/939/939 940/940/940
f 946/946/946 945/945/945 940/940/940 941/941/941
f 947/947/947 946/946/946 941/941/941 942/942/942
f 948/948/948 943/943/943 949/949/949
f 950/950/950 949/949/949 943/943/943 944/944/944
f 951/951/951 950/950/950 944/944/944 945/945/945
f 952/952/952 951/951/951 945/945/945 946/946/946
f 953/953/953 952/952/952 946/946/946 947/947/947
f 957/957/957 956/956/956 949/949/949 950/950/950
f 958/958/958 957/957/957 950/950/950 951/951/951
f 959/959/959 958/958/958 951/951/951 952/952/952
f 960/960/960 959/959/959 952/952/952 953/953/953
f 962/962/962 955/955/955 956/956/956
f 963/963/963 962/962/962 956/956/956 957/957/957
f 964/964/964 963/963/963 957/957/957 958/958/958
f 965/965/965 964/964/964 958/958/958 959/959/959
f 966/966/966 965/965/965 959/959/959 960/960/960
f 961/961/961 968/968/968 967/967/967
f 969/969/969 962/962/962 970/970/970
f 971/971/971 970/970/970 962/962/962 963/963/963
f 972/972/972 971/971/971 963/963/963 964/964/964
f 973/973/973 972/972/972 964/964/964 965/965/965
f 974/974/974 973/973/973 965/965/965 966/966/966
f 966/966/966 975/975/975 974/974/974
f 999/999/999 930/930/930 994/994/994
f 1046/1046/1046 994/994/994 993/993/993
f 1047/1047/1047 1030/1030/1030 1025/1025/1025 1046/1046/1046
f 993/993/993 992/992/992 1046/1046/1046
f 992/992/992 991/991/991 1047/1047/1047
f 1047/1047/1047 1046/1046/1046 992/992/992
f 999/999/999 994/994/994 1046/1046/1046
f 932/932/932 990/990/990 989/989/989
f 988/988/988 933/933/933 932/932/932 989/989/989
f 932/932/932 1026/1026/1026 1031/1031/1031 1047/1047/1047
f 933/933/933 988/988/988 987/987/987 934/934/934
f 1047/1047/1047 991/991/991 990/990/990 932/932/932
f 1046/1046/1046 1000/1000/1000 999/999/999
f 1000/1000/1000 1046/1046/1046 1048/1048/1048
f 1046/1046/1046 1025/1025/1025 1024/1024/1024 1048/1048/1048
f 1049/1049/1049 1001/1001/1001 1048/1048/1048
f 1000/1000/1000 1048/1048/1048 1001/1001/1001
f 1048/1048/1048 1024/1024/1024 1049/1049/1049
f 1049/1049/1049 1002/1002/1002 1001/1001/1001
f 943/943/943 1027/1027/1027 1026/1026/1026 938/938/938
f 932/932/932 938/938/938 1026/1026/1026
f 943/943/943 948/948/948 1027/1027/1027
f 949/949/949 956/956/956 955/955/955 948/948/948
f 948/948/948 1028/1028/1028 1027/1027/1027
f 1023/1023/1023 1049/1049/1049 1024/1024/1024
f 1047/1047/1047 1031/1031/1031 1030/1030/1030
f 935/935/935 986/986/986 985/985/985
f 984/984/984 936/936/936 935/935/935 985/985/985
f 936/936/936 984/984/984 983/983/983 937/937/937
f 934/934/934 987/987/987 986/986/986 935/935/935
f 937/937/937 982/982/982 981/981/981
f 981/981/981 980/980/980 1050/1050/1050
f 1051/1051/1051 979/979/979 978/978/978
f 979/979/979 1050/1050/1050 980/980/980
f 978/978/978 931/931/931 1051/1051/1051
f 1050/1050/1050 1042/1042/1042 1037/1037/1037 937/937/937
f 937/937/937 983/983/983 982/982/982
f 1050/1050/1050 937/937/937 981/981/981
f 1042/1042/1042 1050/1050/1050 1043/1043/1043
f 1036/1036/1036 947/947/947 942/942/942 1037/1037/1037
f 947/947/947 1036/1036/1036 953/953/953
f 1037/1037/1037 942/942/942 937/937/937
f 1051/1051/1051 1038/1038/1038 1043/1043/1043 1050/1050/1050
f 931/931/931 998/998/998 1051/1051/1051
f 1052/1052/1052 1039/1039/1039 1038/1038/1038 1051/1051/1051
f 997/997/997 1052/1052/1052 1051/1051/1051 998/998/998
f 1053/1053/1053 1039/1039/1039 1052/1052/1052
f 1052/1052/1052 997/997/997 954/954/954 1053/1053/1053
f 1053/1053/1053 1040/1040/1040 1039/1039/1039
f 1035/1035/1035 953/953/953 1036/1036/1036
f 979/979/979 1051/1051/1051 1050/1050/1050
f 1023/1023/1023 1054/1054/1054 1049/1049/1049
f 1002/1002/1002 1054/1054/1054 961/961/961 1003/1003/1003
f 1022/1022/1022 961/961/961 1054/1054/1054 1023/1023/1023
f 1003/1003/1003 961/961/961 967/967/967 1004/1004/1004
f 961/961/961 1022/1022/1022 968/968/968
f 1033/1033/1033 968/968/968 1022/1022/1022
f 968/968/968 1033/1033/1033 1032/1032/1032
f 955/955/955 962/962/962 1029/1029/1029
f 1032/1032/1032 1029/1029/1029 969/969/969
f 1029/1029/1029 962/962/962 969/969/969
f 1028/1028/1028 955/955/955 1029/1029/1029
f 948/948/948 955/955/955 1028/1028/1028
f 968/968/968 1007/1007/1007 1006/1006/1006 967/967/967
f 976/976/976 1004/1004/1004 1005/1005/1005
f 1005/1005/1005 1004/1004/1004 967/967/967
f 967/967/967 1006/1006/1006 1005/1005/1005
f 968/968/968 1008/1008/1008 1007/1007/1007
f 969/969/969 1009/1009/1009 1008/1008/1008 968/968/968
f 970/970/970 1011/1011/1011 1010/1010/1010 969/969/969
f 971/971/971 1012/1012/1012 1011/1011/1011 970/970/970
f 969/969/969 1010/1010/1010 1009/1009/1009
f 1013/1013/1013 1012/1012/1012 971/971/971
f 1032/1032/1032 969/969/969 968/968/968
f 960/960/960 953/953/953 1035/1035/1035
f 1034/1034/1034 966/966/966 960/960/960 1035/1035/1035
f 1055/1055/1055 966/966/966 1034/1034/1034
f 1041/1041/1041 1056/1056/1056 1055/1055/1055 1044/1044/1044
f 1055/1055/1055 1045/1045/1045 1044/1044/1044
f 1057/1057/1057 1055/1055/1055 1056/1056/1056
f 1055/1055/1055 1034/1034/1034 1045/1045/1045
f 1053/1053/1053 954/954/954 996/996/996 1058/1058/1058
f 1058/1058/1058 1040/1040/1040 1053/1053/1053
f 1058/1058/1058 996/996/996 1056/1056/1056
f 1056/1056/1056 996/996/996 995/995/995
f 995/995/995 1057/1057/1057 1056/1056/1056
f 1056/1056/1056 1041/1041/1041 1040/1040/1040 1058/1058/1058
f 973/973/973 1015/1015/1015 1014/1014/1014 972/972/972
f 974/974/974 1016/1016/1016 1015/1015/1015 973/973/973
f 972/972/972 1014/1014/1014 1013/1013/1013
f 1013/1013/1013 971/971/971 972/972/972
f 1017/1017/1017 1016/1016/1016 974/974/974
f 1018/1018/1018 1017/1017/1017 975/975/975
f 974/974/974 975/975/975 1017/1017/1017
f 1018/1018/1018 975/975/975 1019/1019/1019
f 1057/1057/1057 1020/1020/1020 1019/1019/1019 975/975/975
f 1055/1055/1055 1057/1057/1057 975/975/975
f 1057/1057/1057 977/977/977 1021/1021/1021
f 1057/1057/1057 1021/1021/1021 1020/1020/1020
f 995/995/995 977/977/977 1057/1057/1057
f 1055/1055/1055 975/975/975 966/966/966
f 1054/1054/1054 1002/1002/1002 1049/1049/1049
f 1067/1067/1067 1066/1066/1066 1061/1061/1061 1062/1062/1062
f 1068/1068/1068 1067/1067/1067 1062/1062/1062 1063/1063/1063
f 1069/1069/1069 1068/1068/1068 1063/1063/1063 1064/1064/1064
f 1070/1070/1070 1069/1069/1069 1064/1064/1064 1065/1065/1065
f 1072/1072/1072 1071/1071/1071 1066/1066/1066 1067/1067/1067
f 1073/1073/1073 1072/1072/1072 1067/1067/1067 1068/1068/1068
f 1074/1074/1074 1073/1073/1073 1068/1068/1068 1069/1069/1069
f 1075/1075/1075 1074/1074/1074 1069/1069/1069 1070/1070/1070
f 1077/1077/1077 1076/1076/1076 1071/1071/1071 1072/1072/1072
f 1078/1078/1078 1077/1077/1077 1072/1072/1072 1073/1073/1073
f 1079/1079/1079 1078/1078/1078 1073/1073/1073 1074/1074/1074
f 1080/1080/1080 1079/1079/1079 1074/1074/1074 1075/1075/1075
f 1082/1082/1082 1081/1081/1081 1076/1076/1076 1077/1077/1077
f 1083/1083/1083 1082/1082/1082 1077/1077/1077 1078/1078/1078
f 1084/1084/1084 1083/1083/1083 1078/1078/1078 1079/1079/1079
f 1085/1085/1085 1084/1084/1084 1079/1079/1079 1080/1080/1080
f 1087/1087/1087 1086/1086/1086 1081/1081/1081 1082/1082/1082
f 1088/1088/1088 1087/1087/1087 1082/1082/1082 1083/1083/1083
f 1089/1089/1089 1088/1088/1088 1083/1083/1083 1084/1084/1084
f 1090/1090/1090 1089/1089/1089 1084/1084/1084 1085/1085/1085
f 1092/1092/1092 1091/1091/1091 1086/1086/1086 1087/1087/1087
f 1093/1093/1093 1092/1092/1092 1087/1087/1087 1088/1088/1088
f 1094/1094/1094 1093/1093/1093 1088/1088/1088 1089/1089/1089
f 1095/1095/1095 1094/1094/1094 1089/1089/1089 1090/1090/1090
f 1090/1090/1090 1096/1096/1096 1095/1095/1095
f 1116/1116/1116 1115/1115/1115 1177/1177/1177
f 1177/1177/1177 1115/1115/1115 1114/1114/1114
f 1177/1177/1177 1114/1114/1114 1113/1113/1113 1178/1178/1178
f 1111/1111/1111 1178/1178/1178 1112/1112/1112
f 1113/1113/1113 1112/1112/1112 1178/1178/1178
f 1178/1178/1178 1156/1156/1156 1177/1177/1177
f 1116/1116/1116 1059/1059/1059 1115/1115/1115
f 1061/1061/1061 1111/1111/1111 1110/1110/1110
f 1108/1108/1108 1063/1063/1063 1062/1062/1062 1109/1109/1109
f 1109/1109/1109 1062/1062/1062 1061/1061/1061 1110/1110/1110
f 1063/1063/1063 1107/1107/1107 1106/1106/1106 1064/1064/1064
f 1063/1063/1063 1108/1108/1108 1107/1107/1107
f 1061/1061/1061 1178/1178/1178 1111/1111/1111
f 1061/1061/1061 1150/1150/1150 1178/1178/1178
f 1177/1177/1177 1155/1155/1155 1149/1149/1149
f 1117/1117/1117 1116/1116/1116 1149/1149/1149
f 1177/1177/1177 1156/1156/1156 1155/1155/1155
f 1117/1117/1117 1149/1149/1149 1148/1148/1148 1118/1118/1118
f 1118/1118/1118 1148/1148/1148 1147/1147/1147
f 1147/1147/1147 1119/1119/1119 1118/1118/1118
f 1156/1156/1156 1178/1178/1178 1157/1157/1157
f 1150/1150/1150 1061/1061/1061 1066/1066/1066
f 1150/1150/1150 1066/1066/1066 1071/1071/1071 1151/1151/1151
f 1157/1157/1157 1178/1178/1178 1150/1150/1150
f 1151/1151/1151 1071/1071/1071 1076/1076/1076 1152/1152/1152
f 1152/1152/1152 1076/1076/1076 1081/1081/1081 1153/1153/1153
f 1149/1149/1149 1116/1116/1116 1177/1177/1177
f 1105/1105/1105 1065/1065/1065 1064/1064/1064 1106/1106/1106
f 1065/1065/1065 1105/1105/1105 1104/1104/1104
f 1065/1065/1065 1104/1104/1104 1103/1103/1103 1179/1179/1179
f 1179/1179/1179 1171/1171/1171 1165/1165/1165 1065/1065/1065
f 1102/1102/1102 1179/1179/1179 1103/1103/1103
f 1173/1173/1173 1179/1179/1179 1180/1180/1180
f 1101/1101/1101 1180/1180/1180 1179/1179/1179 1102/1102/1102
f 1181/1181/1181 1100/1100/1100 1099/1099/1099
f 1100/1100/1100 1180/1180/1180 1101/1101/1101
f 1181/1181/1181 1099/1099/1099 1127/1127/1127
f 1126/1126/1126 1181/1181/1181 1127/1127/1127
f 1127/1127/1127 1099/1099/1099 1060/1060/1060
f 1180/1180/1180 1181/1181/1181 1166/1166/1166
f 1180/1180/1180 1100/1100/1100 1181/1181/1181
f 1065/1065/1065 1165/1165/1165 1070/1070/1070
f 1070/1070/1070 1165/1165/1165 1164/1164/1164
f 1075/1075/1075 1164/1164/1164 1163/1163/1163 1080/1080/1080
f 1070/1070/1070 1164/1164/1164 1075/1075/1075
f 1180/1180/1180 1166/1166/1166 1173/1173/1173
f 1182/1182/1182 1167/1167/1167 1166/1166/1166 1181/1181/1181
f 1182/1182/1182 1181/1181/1181 1126/1126/1126
f 1173/1173/1173 1172/1172/1172 1179/1179/1179
f 1167/1167/1167 1182/1182/1182 1183/1183/1183 1168/1168/1168
f 1126/1126/1126 1125/1125/1125 1182/1182/1182
f 1182/1182/1182 1125/1125/1125 1183/1183/1183
f 1162/1162/1162 1085/1085/1085 1080/1080/1080 1163/1163/1163
f 1171/1171/1171 1179/1179/1179 1172/1172/1172
f 1146/1146/1146 1120/1120/1120 1119/1119/1119
f 1145/1145/1145 1120/1120/1120 1146/1146/1146
f 1145/1145/1145 1184/1184/1184 1120/1120/1120
f 1120/1120/1120 1184/1184/1184 1185/1185/1185 1121/1121/1121
f 1185/1185/1185 1184/1184/1184 1187/1187/1187 1186/1186/1186
f 1185/1185/1185 1128/1128/1128 1121/1121/1121
f 1184/1184/1184 1145/1145/1145 1160/1160/1160
f 1160/1160/1160 1159/1159/1159 1184/1184/1184
f 1153/1153/1153 1081/1081/1081 1086/1086/1086 1154/1154/1154
f 1154/1154/1154 1187/1187/1187 1158/1158/1158
f 1187/1187/1187 1159/1159/1159 1158/1158/1158
f 1187/1187/1187 1154/1154/1154 1086/1086/1086
f 1186/1186/1186 1187/1187/1187 1086/1086/1086 1091/1091/1091
f 1159/1159/1159 1187/1187/1187 1184/1184/1184
f 1185/1185/1185 1129/1129/1129 1128/1128/1128
f 1097/1097/1097 1121/1121/1121 1128/1128/1128
f 1185/1185/1185 1130/1130/1130 1129/1129/1129
f 1185/1185/1185 1186/1186/1186 1130/1130/1130
f 1186/1186/1186 1132/1132/1132 1131/1131/1131
f 1186/1186/1186 1131/1131/1131 1130/1130/1130
f 1091/1091/1091 1132/1132/1132 1186/1186/1186
f 1092/1092/1092 1134/1134/1134 1133/1133/1133 1091/1091/1091
f 1094/1094/1094 1137/1137/1137 1136/1136/1136 1093/1093/1093
f 1093/1093/1093 1135/1135/1135 1134/1134/1134 1092/1092/1092
f 1093/1093/1093 1136/1136/1136 1135/1135/1135
f 1133/1133/1133 1132/1132/1132 1091/1091/1091
f 1161/1161/1161 1090/1090/1090 1085/1085/1085 1162/1162/1162
f 1161/1161/1161 1176/1176/1176 1188/1188/1188
f 1090/1090/1090 1161/1161/1161 1188/1188/1188
f 1174/1174/1174 1188/1188/1188 1175/1175/1175
f 1176/1176/1176 1175/1175/1175 1188/1188/1188
f 1090/1090/1090 1188/1188/1188 1096/1096/1096
f 1189/1189/1189 1169/1169/1169 1168/1168/1168 1183/1183/1183
f 1123/1123/1123 1190/1190/1190 1189/1189/1189 1124/1124/1124
f 1183/1183/1183 1124/1124/1124 1189/1189/1189
f 1169/1169/1169 1189/1189/1189 1190/1190/1190 1170/1170/1170
f 1125/1125/1125 1124/1124/1124 1183/1183/1183
f 1170/1170/1170 1191/1191/1191 1174/1174/1174
f 1188/1188/1188 1174/1174/1174 1191/1191/1191
f 1192/1192/1192 1191/1191/1191 1190/1190/1190 1193/1193/1193
f 1191/1191/1191 1192/1192/1192 1188/1188/1188
f 1096/1096/1096 1139/1139/1139 1138/1138/1138 1095/1095/1095
f 1137/1137/1137 1094/1094/1094 1095/1095/1095 1138/1138/1138
f 1096/1096/1096 1188/1188/1188 1192/1192/1192
f 1096/1096/1096 1141/1141/1141 1140/1140/1140
f 1096/1096/1096 1140/1140/1140 1139/1139/1139
f 1192/1192/1192 1141/1141/1141 1096/1096/1096
f 1170/1170/1170 1190/1190/1190 1191/1191/1191
f 1144/1144/1144 1193/1193/1193 1122/1122/1122
f 1190/1190/1190 1123/1123/1123 1122/1122/1122 1193/1193/1193
f 1193/1193/1193 1143/1143/1143 1142/1142/1142 1192/1192/1192
f 1122/1122/1122 1098/1098/1098 1144/1144/1144
f 1193/1193/1193 1144/1144/1144 1143/1143/1143
f 1142/1142/1142 1141/1141/1141 1192/1192/1192
f 1146/1146/1146 1119/1119/1119 1147/1147/1147
f 1209/1209/1209 1210/1210/1210 1208/1208/1208 1201/1201/1201
f 1194/1194/1194 1198/1198/1198 1219/1219/1219 1202/1202/1202
f 1204/1204/1204 1203/1203/1203 1218/1218/1218
f 1204/1204/1204 1218/1218/1218 1208/1208/1208
f 1219/1219/1219 1218/1218/1218 1203/1203/1203
f 1208/1208/1208 1205/1205/1205 1204/1204/1204
f 1202/1202/1202 1219/1219/1219 1203/1203/1203
f 1216/1216/1216 1215/1215/1215 1221/1221/1221
f 1221/1221/1221 1195/1195/1195 1200/1200/1200
f 1208/1208/1208 1218/1218/1218 1220/1220/1220
f 1221/1221/1221 1217/1217/1217 1216/1216/1216
f 1201/1201/1201 1220/1220/1220 1217/1217/1217
f 1221/1221/1221 1200/1200/1200 1217/1217/1217
f 1208/1208/1208 1220/1220/1220 1201/1201/1201
f 1205/1205/1205 1208/1208/1208 1210/1210/1210 1206/1206/1206
f 1207/1207/1207 1206/1206/1206 1210/1210/1210
f 1211/1211/1211 1196/1196/1196 1207/1207/1207
f 1211/1211/1211 1210/1210/1210 1212/1212/1212
f 1207/1207/1207 1210/1210/1210 1211/1211/1211
f 1209/1209/1209 1199/1199/1199 1212/1212/1212 1210/1210/1210
f 1200/1200/1200 1209/1209/1209 1201/1201/1201
f 1214/1214/1214 1209/1209/1209 1200/1200/1200
f 1217/1217/1217 1200/1200/1200 1201/1201/1201
f 1209/1209/1209 1213/1213/1213 1199/1199/1199
f 1200/1200/1200 1197/1197/1197 1214/1214/1214
f 1209/1209/1209 1214/1214/1214 1213/1213/1213
f 1229/1229/1229 1228/1228/1228 1225/1225/1225 1226/1226/1226
f 1232/1232/1232 1231/1231/1231 1228/1228/1228 1229/1229/1229
f 1235/1235/1235 1234/1234/1234 1231/1231/1231 1232/1232/1232
f 1239/1239/1239 1238/1238/1238 1234/1234/1234 1235/1235/1235
f 1242/1242/1242 1241/1241/1241 1238/1238/1238 1239/1239/1239
f 1254/1254/1254 1284/1284/1284 1224/1224/1224 1222/1222/1222
f 1227/1227/1227 1224/1224/1224 1284/1284/1284
f 1253/1253/1253 1284/1284/1284 1254/1254/1254
f 1285/1285/1285 1253/1253/1253 1252/1252/1252
f 1285/1285/1285 1252/1252/1252 1251/1251/1251 1286/1286/1286
f 1286/1286/1286 1279/1279/1279 1278/1278/1278 1285/1285/1285
f 1286/1286/1286 1251/1251/1251 1250/1250/1250
f 1285/1285/1285 1284/1284/1284 1253/1253/1253
f 1285/1285/1285 1278/1278/1278 1277/1277/1277 1284/1284/1284
f 1277/1277/1277 1287/1287/1287 1284/1284/1284
f 1287/1287/1287 1227/1227/1227 1284/1284/1284
f 1287/1287/1287 1275/1275/1275 1274/1274/1274 1288/1288/1288
f 1227/1227/1227 1287/1287/1287 1257/1257/1257
f 1277/1277/1277 1276/1276/1276 1287/1287/1287
f 1287/1287/1287 1276/1276/1276 1275/1275/1275
f 1286/1286/1286 1280/1280/1280 1279/1279/1279
f 1288/1288/1288 1233/1233/1233 1257/1257/1257 1287/1287/1287
f 1289/1289/1289 1268/1268/1268 1280/1280/1280 1286/1286/1286
f 1289/1289/1289 1250/1250/1250 1249/1249/1249
f 1289/1289/1289 1249/1249/1249 1248/1248/1248 1225/1225/1225
f 1250/1250/1250 1289/1289/1289 1286/1286/1286
f 1247/1247/1247 1246/1246/1246 1226/1226/1226
f 1223/1223/1223 1256/1256/1256 1246/1246/1246
f 1246/1246/1246 1256/1256/1256 1226/1226/1226
f 1225/1225/1225 1248/1248/1248 1247/1247/1247 1226/1226/1226
f 1269/1269/1269 1268/1268/1268 1290/1290/1290
f 1290/1290/1290 1268/1268/1268 1289/1289/1289
f 1290/1290/1290 1228/1228/1228 1231/1231/1231
f 1269/1269/1269 1290/1290/1290 1270/1270/1270
f 1291/1291/1291 1271/1271/1271 1270/1270/1270 1290/1290/1290
f 1290/1290/1290 1289/1289/1289 1228/1228/1228
f 1226/1226/1226 1256/1256/1256 1230/1230/1230 1229/1229/1229
f 1255/1255/1255 1232/1232/1232 1229/1229/1229 1230/1230/1230
f 1232/1232/1232 1255/1255/1255 1236/1236/1236 1235/1235/1235
f 1228/1228/1228 1289/1289/1289 1225/1225/1225
f 1288/1288/1288 1292/1292/1292 1237/1237/1237 1233/1233/1233
f 1293/1293/1293 1292/1292/1292 1273/1273/1273
f 1288/1288/1288 1274/1274/1274 1273/1273/1273 1292/1292/1292
f 1293/1293/1293 1273/1273/1273 1283/1283/1283
f 1294/1294/1294 1283/1283/1283 1282/1282/1282
f 1293/1293/1293 1258/1258/1258 1237/1237/1237 1292/1292/1292
f 1259/1259/1259 1258/1258/1258 1293/1293/1293
f 1294/1294/1294 1261/1261/1261 1260/1260/1260 1293/1293/1293
f 1258/1258/1258 1259/1259/1259 1244/1244/1244
f 1293/1293/1293 1260/1260/1260 1259/1259/1259
f 1294/1294/1294 1281/1281/1281 1272/1272/1272 1295/1295/1295
f 1281/1281/1281 1294/1294/1294 1282/1282/1282
f 1294/1294/1294 1262/1262/1262 1261/1261/1261
f 1294/1294/1294 1263/1263/1263 1262/1262/1262
f 1293/1293/1293 1283/1283/1283 1294/1294/1294
f 1294/1294/1294 1295/1295/1295 1263/1263/1263
f 1291/1291/1291 1290/1290/1290 1231/1231/1231 1234/1234/1234
f 1296/1296/1296 1272/1272/1272 1271/1271/1271 1291/1291/1291
f 1234/1234/1234 1238/1238/1238 1296/1296/1296 1291/1291/1291
f 1236/1236/1236 1240/1240/1240 1239/1239/1239 1235/1235/1235
f 1240/1240/1240 1243/1243/1243 1242/1242/1242 1239/1239/1239
f 1272/1272/1272 1296/1296/1296 1295/1295/1295
f 1295/1295/1295 1296/1296/1296 1238/1238/1238 1241/1241/1241
f 1264/1264/1264 1295/1295/1295 1241/1241/1241 1265/1265/1265
f 1266/1266/1266 1265/1265/1265 1241/1241/1241
f 1264/1264/1264 1263/1263/1263 1295/1295/1295
f 1243/1243/1243 1245/1245/1245 1267/1267/1267 1242/1242/1242
f 1242/1242/1242 1267/1267/1267 1266/1266/1266
f 1266/1266/1266 1241/1241/1241 1242/1242/1242
f 1315/1315/1315 1314/1314/1314 1306/1306/1306 1313/1313/1313
f 1313/1313/1313 1306/1306/1306 1316/1316/1316 1317/1317/1317
f 1305/1305/1305 1297/1297/1297 1303/1303/1303
f 1316/1316/1316 1303/1303/1303 1302/1302/1302
f 1306/1306/1306 1305/1305/1305 1316/1316/1316
f 1303/1303/1303 1316/1316/1316 1305/1305/1305
f 1314/1314/1314 1305/1305/1305 1306/1306/1306
f 1316/1316/1316 1302/1302/1302 1301/1301/1301 1317/1317/1317
f 1298/1298/1298 1312/1312/1312 1301/1301/1301
f 1317/1317/1317 1301/1301/1301 1312/1312/1312
f 1310/1310/1310 1313/1313/1313 1317/1317/1317 1311/1311/1311
f 1312/1312/1312 1311/1311/1311 1317/1317/1317
f 1314/1314/1314 1318/1318/1318 1305/1305/1305
f 1319/1319/1319 1318/1318/1318 1314/1314/1314
f 1314/1314/1314 1304/1304/1304 1319/1319/1319
f 1304/1304/1304 1314/1314/1314 1315/1315/1315 1320/1320/1320
f 1308/1308/1308 1315/1315/1315 1309/1309/1309
f 1313/1313/1313 1309/1309/1309 1315/1315/1315
f 1310/1310/1310 1309/1309/1309 1313/1313/1313
f 1307/1307/1307 1321/1321/1321 1315/1315/1315
f 1320/1320/1320 1315/1315/1315 1321/1321/1321
f 1321/1321/1321 1307/1307/1307 1300/1300/1300
f 1308/1308/1308 1307/1307/1307 1315/1315/1315
f 1318/1318/1318 1299/1299/1299 1305/1305/1305
f 1330/1330/1330 1337/1337/1337 1339/1339/1339 1338/1338/1338
f 1340/1340/1340 1341/1341/1341 1337/1337/1337 1330/1330/1330
f 1331/1331/1331 1322/1322/1322 1328/1328/1328
f 1332/1332/1332 1331/1331/1331 1339/1339/1339
f 1339/1339/1339 1331/1331/1331 1328/1328/1328
f 1337/1337/1337 1333/1333/1333 1332/1332/1332 1339/1339/1339
f 1334/1334/1334 1333/1333/1333 1337/1337/1337
f 1327/1327/1327 1338/1338/1338 1339/1339/1339 1328/1328/1328
f 1338/1338/1338 1327/1327/1327 1326/1326/1326
f 1329/1329/1329 1326/1326/1326 1323/1323/1323
f 1326/1326/1326 1329/1329/1329 1338/1338/1338
f 1338/1338/1338 1329/1329/1329 1330/1330/1330
f 1341/1341/1341 1335/1335/1335 1334/1334/1334
f 1336/1336/1336 1335/1335/1335 1341/1341/1341
f 1342/1342/1342 1324/1324/1324 1336/1336/1336
f 1341/1341/1341 1342/1342/1342 1336/1336/1336
f 1343/1343/1343 1342/1342/1342 1341/1341/1341
f 1340/1340/1340 1329/1329/1329 1346/1346/1346
f 1340/1340/1340 1330/1330/1330 1329/1329/1329
f 1340/1340/1340 1344/1344/1344 1343/1343/1343 1341/1341/1341
f 1340/1340/1340 1345/1345/1345 1344/1344/1344
f 1329/1329/1329 1325/1325/1325 1346/1346/1346
f 1340/1340/1340 1346/1346/1346 1345/1345/1345
f 1341/1341/1341 1334/1334/1334 1337/1337/1337
f 1354/1354/1354 1353/1353/1353 1350/1350/1350 1351/1351/1351
f 1358/1358/1358 1357/1357/1357 1353/1353/1353 1354/1354/1354
f 1362/1362/1362 1361/1361/1361 1357/1357/1357 1358/1358/1358
f 1366/1366/1366 1365/1365/1365 1361/1361/1361 1362/1362/1362
f 1370/1370/1370 1369/1369/1369 1365/1365/1365 1366/1366/1366
f 1382/1382/1382 1350/1350/1350 1349/1349/1349 1347/1347/1347
f 1350/1350/1350 1353/1353/1353 1352/1352/1352 1349/1349/1349
f 1381/1381/1381 1350/1350/1350 1382/1382/1382
f 1351/1351/1351 1381/1381/1381 1380/1380/1380
f 1409/1409/1409 1403/1403/1403 1397/1397/1397
f 1380/1380/1380 1379/1379/1379 1351/1351/1351
f 1351/1351/1351 1350/1350/1350 1381/1381/1381
f 1353/1353/1353 1357/1357/1357 1356/1356/1356 1352/1352/1352
f 1396/1396/1396 1354/1354/1354 1397/1397/1397
f 1354/1354/1354 1351/1351/1351 1397/1397/1397
f 1395/1395/1395 1358/1358/1358 1396/1396/1396
f 1354/1354/1354 1396/1396/1396 1358/1358/1358
f 1358/1358/1358 1395/1395/1395 1394/1394/1394 1362/1362/1362
f 1409/1409/1409 1397/1397/1397 1351/1351/1351
f 1357/1357/1357 1361/1361/1361 1360/1360/1360 1356/1356/1356
f 1409/1409/1409 1378/1378/1378 1377/1377/1377
f 1409/1409/1409 1377/1377/1377 1376/1376/1376 1410/1410/1410
f 1379/1379/1379 1378/1378/1378 1409/1409/1409
f 1375/1375/1375 1374/1374/1374 1411/1411/1411
f 1348/1348/1348 1383/1383/1383 1374/1374/1374
f 1374/1374/1374 1383/1383/1383 1411/1411/1411
f 1410/1410/1410 1376/1376/1376 1375/1375/1375 1411/1411/1411
f 1410/1410/1410 1405/1405/1405 1404/1404/1404 1409/1409/1409
f 1410/1410/1410 1411/1411/1411 1398/1398/1398
f 1405/1405/1405 1410/1410/1410 1398/1398/1398
f 1383/1383/1383 1355/1355/1355 1411/1411/1411
f 1412/1412/1412 1399/1399/1399 1398/1398/1398 1411/1411/1411
f 1355/1355/1355 1359/1359/1359 1412/1412/1412
f 1359/1359/1359 1363/1363/1363 1413/1413/1413 1412/1412/1412
f 1355/1355/1355 1412/1412/1412 1411/1411/1411
f 1412/1412/1412 1400/1400/1400 1399/1399/1399
f 1403/1403/1403 1409/1409/1409 1404/1404/1404
f 1379/1379/1379 1409/1409/1409 1351/1351/1351
f 1361/1361/1361 1365/1365/1365 1364/1364/1364 1360/1360/1360
f 1362/1362/1362 1394/1394/1394 1393/1393/1393 1366/1366/1366
f 1366/1366/1366 1393/1393/1393 1370/1370/1370
f 1370/1370/1370 1393/1393/1393 1408/1408/1408 1414/1414/1414
f 1365/1365/1365 1369/1369/1369 1368/1368/1368 1364/1364/1364
f 1369/1369/1369 1384/1384/1384 1372/1372/1372 1368/1368/1368
f 1385/1385/1385 1384/1384/1384 1369/1369/1369
f 1386/1386/1386 1385/1385/1385 1370/1370/1370
f 1369/1369/1369 1370/1370/1370 1385/1385/1385
f 1370/1370/1370 1387/1387/1387 1386/1386/1386
f 1414/1414/1414 1388/1388/1388 1387/1387/1387 1370/1370/1370
f 1400/1400/1400 1412/1412/1412 1413/1413/1413 1401/1401/1401
f 1415/1415/1415 1406/1406/1406 1402/1402/1402
f 1363/1363/1363 1367/1367/1367 1416/1416/1416 1413/1413/1413
f 1367/1367/1367 1371/1371/1371 1417/1417/1417 1416/1416/1416
f 1416/1416/1416 1402/1402/1402 1401/1401/1401 1413/1413/1413
f 1402/1402/1402 1416/1416/1416 1417/1417/1417
f 1414/1414/1414 1407/1407/1407 1406/1406/1406
f 1406/1406/1406 1415/1415/1415 1414/1414/1414
f 1415/1415/1415 1390/1390/1390 1389/1389/1389 1414/1414/1414
f 1389/1389/1389 1388/1388/1388 1414/1414/1414
f 1391/1391/1391 1390/1390/1390 1415/1415/1415
f 1371/1371/1371 1373/1373/1373 1392/1392/1392 1417/1417/1417
f 1417/1417/1417 1392/1392/1392 1391/1391/1391
f 1391/1391/1391 1415/1415/1415 1417/1417/1417
f 1402/1402/1402 1417/1417/1417 1415/1415/1415
f 1414/1414/1414 1408/1408/1408 1407/1407/1407
f 1435/1435/1435 1434/1434/1434 1426/1426/1426 1433/1433/1433
f 1425/1425/1425 1423/1423/1423 1443/1443/1443
f 1444/1444/1444 1423/1423/1423 1422/1422/1422
f 1423/1423/1423 1444/1444/1444 1443/1443/1443
f 1426/1426/1426 1445/1445/1445 1442/1442/1442
f 1425/1425/1425 1418/1418/1418 1423/1423/1423
f 1419/1419/1419 1432/1432/1432 1446/1446/1446
f 1441/1441/1441 1446/1446/1446 1432/1432/1432
f 1441/1441/1441 1432/1432/1432 1431/1431/1431 1442/1442/1442
f 1431/1431/1431 1430/1430/1430 1433/1433/1433
f 1442/1442/1442 1431/1431/1431 1433/1433/1433
f 1441/1441/1441 1440/1440/1440 1446/1446/1446
f 1426/1426/1426 1443/1443/1443 1445/1445/1445
f 1426/1426/1426 1434/1434/1434 1425/1425/1425
f 1436/1436/1436 1425/1425/1425 1434/1434/1434
f 1443/1443/1443 1426/1426/1426 1425/1425/1425
f 1425/1425/1425 1436/1436/1436 1420/1420/1420
f 1434/1434/1434 1424/1424/1424 1437/1437/1437
f 1434/1434/1434 1437/1437/1437 1436/1436/1436
f 1424/1424/1424 1434/1434/1434 1435/1435/1435 1438/1438/1438
f 1433/1433/1433 1429/1429/1429 1428/1428/1428 1435/1435/1435
f 1428/1428/1428 1427/1427/1427 1435/1435/1435
f 1430/1430/1430 1429/1429/1429 1433/1433/1433
f 1435/1435/1435 1427/1427/1427 1439/1439/1439
f 1439/1439/1439 1427/1427/1427 1421/1421/1421
f 1438/1438/1438 1435/1435/1435 1439/1439/1439
f 1442/1442/1442 1433/1433/1433 1426/1426/1426
f 1455/1455/1455 1454/1454/1454 1450/1450/1450 1451/1451/1451
f 1456/1456/1456 1455/1455/1455 1451/1451/1451 1452/1452/1452
f 1460/1460/1460 1459/1459/1459 1454/1454/1454 1455/1455/1455
f 1461/1461/1461 1460/1460/1460 1455/1455/1455 1456/1456/1456
f 1464/1464/1464 1463/1463/1463 1459/1459/1459 1460/1460/1460
f 1465/1465/1465 1464/1464/1464 1460/1460/1460 1461/1461/1461
f 1469/1469/1469 1468/1468/1468 1463/1463/1463 1464/1464/1464
f 1470/1470/1470 1469/1469/1469 1464/1464/1464 1465/1465/1465
f 1474/1474/1474 1473/1473/1473 1468/1468/1468 1469/1469/1469
f 1475/1475/1475 1474/1474/1474 1469/1469/1469 1470/1470/1470
f 1487/1487/1487 1515/1515/1515 1449/1449/1449 1447/1447/1447
f 1453/1453/1453 1449/1449/1449 1515/1515/1515
f 1486/1486/1486 1515/1515/1515 1487/1487/1487
f 1516/1516/1516 1486/1486/1486 1485/1485/1485
f 1516/1516/1516 1485/1485/1485 1484/1484/1484 1517/1517/1517
f 1510/1510/1510 1516/1516/1516 1517/1517/1517
f 1483/1483/1483 1517/1517/1517 1484/1484/1484
f 1516/1516/1516 1515/1515/1515 1486/1486/1486
f 1516/1516/1516 1509/1509/1509 1508/1508/1508 1515/1515/1515
f 1515/1515/1515 1508/1508/1508 1507/1507/1507 1518/1518/1518
f 1518/1518/1518 1453/1453/1453 1515/1515/1515
f 1453/1453/1453 1518/1518/1518 1458/1458/1458
f 1518/1518/1518 1506/1506/1506 1505/1505/1505 1519/1519/1519
f 1516/1516/1516 1510/1510/1510 1509/1509/1509
f 1518/1518/1518 1507/1507/1507 1506/1506/1506
f 1517/1517/1517 1511/1511/1511 1510/1510/1510
f 1518/1518/1518 1519/1519/1519 1462/1462/1462 1458/1458/1458
f 1499/1499/1499 1511/1511/1511 1517/1517/1517
f 1450/1450/1450 1483/1483/1483 1482/1482/1482
f 1450/1450/1450 1482/1482/1482 1481/1481/1481 1451/1451/1451
f 1483/1483/1483 1450/1450/1450 1517/1517/1517
f 1480/1480/1480 1479/1479/1479 1452/1452/1452
f 1448/1448/1448 1489/1489/1489 1479/1479/1479
f 1479/1479/1479 1489/1489/1489 1452/1452/1452
f 1451/1451/1451 1481/1481/1481 1480/1480/1480 1452/1452/1452
f 1500/1500/1500 1499/1499/1499 1454/1454/1454
f 1454/1454/1454 1459/1459/1459 1500/1500/1500
f 1500/1500/1500 1459/1459/1459 1501/1501/1501
f 1450/1450/1450 1499/1499/1499 1517/1517/1517
f 1452/1452/1452 1489/1489/1489 1457/1457/1457 1456/1456/1456
f 1488/1488/1488 1461/1461/1461 1456/1456/1456 1457/1457/1457
f 1461/1461/1461 1488/1488/1488 1466/1466/1466 1465/1465/1465
f 1499/1499/1499 1450/1450/1450 1454/1454/1454
f 1519/1519/1519 1520/1520/1520 1467/1467/1467 1462/1462/1462
f 1521/1521/1521 1520/1520/1520 1504/1504/1504
f 1519/1519/1519 1505/1505/1505 1504/1504/1504 1520/1520/1520
f 1522/1522/1522 1513/1513/1513 1512/1512/1512
f 1523/1523/1523 1504/1504/1504 1514/1514/1514
f 1514/1514/1514 1513/1513/1513 1523/1523/1523
f 1520/1520/1520 1521/1521/1521 1472/1472/1472 1467/1467/1467
f 1521/1521/1521 1490/1490/1490 1477/1477/1477 1472/1472/1472
f 1491/1491/1491 1490/1490/1490 1521/1521/1521
f 1513/1513/1513 1522/1522/1522 1523/1523/1523
f 1522/1522/1522 1493/1493/1493 1492/1492/1492 1523/1523/1523
f 1523/1523/1523 1492/1492/1492 1491/1491/1491
f 1491/1491/1491 1521/1521/1521 1523/1523/1523
f 1494/1494/1494 1493/1493/1493 1522/1522/1522
f 1504/1504/1504 1523/1523/1523 1521/1521/1521
f 1503/1503/1503 1522/1522/1522 1512/1512/1512
f 1501/1501/1501 1459/1459/1459 1463/1463/1463 1502/1502/1502
f 1468/1468/1468 1503/1503/1503 1502/1502/1502 1463/1463/1463
f 1466/1466/1466 1471/1471/1471 1470/1470/1470 1465/1465/1465
f 1471/1471/1471 1476/1476/1476 1475/1475/1475 1470/1470/1470
f 1503/1503/1503 1468/1468/1468 1473/1473/1473
f 1474/1474/1474 1496/1496/1496 1495/1495/1495 1473/1473/1473
f 1473/1473/1473 1495/1495/1495 1494/1494/1494
f 1473/1473/1473 1522/1522/1522 1503/1503/1503
f 1497/1497/1497 1496/1496/1496 1474/1474/1474
f 1476/1476/1476 1478/1478/1478 1498/1498/1498 1475/1475/1475
f 1475/1475/1475 1498/1498/1498 1497/1497/1497
f 1497/1497/1497 1474/1474/1474 1475/1475/1475
f 1494/1494/1494 1522/1522/1522 1473/1473/1473
f 1530/1530/1530 1529/1529/1529 1526/1526/1526 1527/1527/1527
f 1531/1531/1531 1530/1530/1530 1527/1527/1527 1528/1528/1528
f 1534/1534/1534 1533/1533/1533 1529/1529/1529 1530/1530/1530
f 1535/1535/1535 1534/1534/1534 1530/1530/1530 1531/1531/1531
f 1538/1538/1538 1537/1537/1537 1533/1533/1533 1534/1534/1534
f 1539/1539/1539 1538/1538/1538 1534/1534/1534 1535/1535/1535
f 1542/1542/1542 1541/1541/1541 1537/1537/1537 1538/1538/1538
f 1543/1543/1543 1542/1542/1542 1538/1538/1538 1539/1539/1539
f 1546/1546/1546 1545/1545/1545 1541/1541/1541 1542/1542/1542
f 1547/1547/1547 1546/1546/1546 1542/1542/1542 1543/1543/1543
f 1561/1561/1561 1559/1559/1559 1526/1526/1526
f 1526/1526/1526 1558/1558/1558 1557/1557/1557 1527/1527/1527
f 1559/1559/1559 1558/1558/1558 1526/1526/1526
f 1561/1561/1561 1524/1524/1524 1559/1559/1559
f 1556/1556/1556 1528/1528/1528 1527/1527/1527 1557/1557/1557
f 1528/1528/1528 1556/1556/1556 1555/1555/1555
f 1561/1561/1561 1526/1526/1526 1529/1529/1529 1562/1562/1562
f 1533/1533/1533 1563/1563/1563 1562/1562/1562 1529/1529/1529
f 1582/1582/1582 1531/1531/1531 1528/1528/1528
f 1535/1535/1535 1531/1531/1531 1581/1581/1581
f 1535/1535/1535 1581/1581/1581 1580/1580/1580
f 1531/1531/1531 1582/1582/1582 1581/1581/1581
f 1528/1528/1528 1555/1555/1555 1554/1554/1554 1587/1587/1587
f 1552/1552/1552 1587/1587/1587 1553/1553/1553
f 1554/1554/1554 1553/1553/1553 1587/1587/1587
f 1588/1588/1588 1552/1552/1552 1551/1551/1551
f 1551/1551/1551 1525/1525/1525 1560/1560/1560
f 1560/1560/1560 1588/1588/1588 1551/1551/1551
f 1587/1587/1587 1552/1552/1552 1588/1588/1588
f 1583/1583/1583 1587/1587/1587 1584/1584/1584
f 1587/1587/1587 1588/1588/1588 1575/1575/1575
f 1584/1584/1584 1587/1587/1587 1575/1575/1575
f 1560/1560/1560 1532/1532/1532 1588/1588/1588
f 1589/1589/1589 1576/1576/1576 1575/1575/1575 1588/1588/1588
f 1532/1532/1532 1536/1536/1536 1589/1589/1589
f 1576/1576/1576 1589/1589/1589 1590/1590/1590 1577/1577/1577
f 1536/1536/1536 1540/1540/1540 1590/1590/1590 1589/1589/1589
f 1532/1532/1532 1589/1589/1589 1588/1588/1588
f 1587/1587/1587 1583/1583/1583 1582/1582/1582 1528/1528/1528
f 1533/1533/1533 1537/1537/1537 1563/1563/1563
f 1541/1541/1541 1564/1564/1564 1537/1537/1537
f 1563/1563/1563 1537/1537/1537 1564/1564/1564
f 1564/1564/1564 1541/1541/1541 1545/1545/1545 1565/1565/1565
f 1543/1543/1543 1539/1539/1539 1580/1580/1580
f 1539/1539/1539 1535/1535/1535 1580/1580/1580
f 1580/1580/1580 1579/1579/1579 1543/1543/1543
f 1543/1543/1543 1579/1579/1579 1547/1547/1547
f 1545/1545/1545 1566/1566/1566 1565/1565/1565
f 1549/1549/1549 1565/1565/1565 1566/1566/1566
f 1545/1545/1545 1567/1567/1567 1566/1566/1566
f 1546/1546/1546 1568/1568/1568 1567/1567/1567 1545/1545/1545
f 1547/1547/1547 1569/1569/1569 1568/1568/1568 1546/1546/1546
f 1586/1586/1586 1547/1547/1547 1579/1579/1579
f 1569/1569/1569 1547/1547/1547 1570/1570/1570
f 1591/1591/1591 1585/1585/1585 1578/1578/1578
f 1585/1585/1585 1591/1591/1591 1586/1586/1586
f 1577/1577/1577 1590/1590/1590 1592/1592/1592 1578/1578/1578
f 1540/1540/1540 1544/1544/1544 1592/1592/1592 1590/1590/1590
f 1544/1544/1544 1548/1548/1548 1593/1593/1593 1592/1592/1592
f 1593/1593/1593 1578/1578/1578 1592/1592/1592
f 1586/1586/1586 1591/1591/1591 1547/1547/1547
f 1591/1591/1591 1571/1571/1571 1570/1570/1570 1547/1547/1547
f 1591/1591/1591 1572/1572/1572 1571/1571/1571
f 1573/1573/1573 1572/1572/1572 1591/1591/1591
f 1548/1548/1548 1550/1550/1550 1574/1574/1574 1593/1593/1593
f 1593/1593/1593 1574/1574/1574 1573/1573/1573
f 1573/1573/1573 1591/1591/1591 1593/1593/1593
f 1578/1578/1578 1593/1593/1593 1591/1591/1591
f 1609/1609/1609 1608/1608/1608 1602/1602/1602 1607/1607/1607
f 1602/1602/1602 1594/1594/1594 1600/1600/1600
f 1602/1602/1602 1600/1600/1600 1599/1599/1599
f 1598/1598/1598 1617/1617/1617 1599/1599/1599
f 1616/1616/1616 1602/1602/1602 1599/1599/1599
f 1616/1616/1616 1599/1599/1599 1617/1617/1617
f 1621/1621/1621 1607/1607/1607 1616/1616/1616
f 1602/1602/1602 1596/1596/1596 1594/1594/1594
f 1595/1595/1595 1606/1606/1606 1619/1619/1619 1618/1618/1618
f 1606/1606/1606 1605/1605/1605 1620/1620/1620 1619/1619/1619
f 1621/1621/1621 1620/1620/1620 1607/1607/1607
f 1605/1605/1605 1601/1601/1601 1607/1607/1607 1620/1620/1620
f 1616/1616/1616 1607/1607/1607 1602/1602/1602
f 1608/1608/1608 1610/1610/1610 1602/1602/1602
f 1611/1611/1611 1610/1610/1610 1608/1608/1608
f 1608/1608/1608 1612/1612/1612 1611/1611/1611
f 1609/1609/1609 1614/1614/1614 1613/1613/1613 1608/1608/1608
f 1608/1608/1608 1613/1613/1613 1612/1612/1612
f 1604/1604/1604 1609/1609/1609 1607/1607/1607 1601/1601/1601
f 1603/1603/1603 1615/1615/1615 1609/1609/1609
f 1614/1614/1614 1609/1609/1609 1615/1615/1615
f 1615/1615/1615 1603/1603/1603 1597/1597/1597
f 1604/1604/1604 1603/1603/1603 1609/1609/1609
f 1610/1610/1610 1596/1596/1596 1602/1602/1602
f 1647/1647/1647 1646/1646/1646 1644/1644/1644 1645/1645/1645
f 1650/1650/1650 1649/1649/1649 1642/1642/1642 1648/1648/1648
f 1645/1645/1645 1644/1644/1644 1649/1649/1649 1650/1650/1650
f 1649/1649/1649 1633/1633/1633 1642/1642/1642
f 1643/1643/1643 1649/1649/1649 1644/1644/1644
f 1633/1633/1633 1649/1649/1649 1643/1643/1643
f 1655/1655/1655 1654/1654/1654 1652/1652/1652 1653/1653/1653
f 1648/1648/1648 1642/1642/1642 1654/1654/1654 1655/1655/1655
f 1653/1653/1653 1652/1652/1652 1656/1656/1656 1657/1657/1657
f 1654/1654/1654 1651/1651/1651 1652/1652/1652
f 1633/1633/1633 1654/1654/1654 1642/1642/1642
f 1651/1651/1651 1654/1654/1654 1633/1633/1633
f 1643/1643/1643 1667/1667/1667 1666/1666/1666 1633/1633/1633
f 1632/1632/1632 1622/1622/1622 1630/1630/1630
f 1651/1651/1651 1629/1629/1629 1628/1628/1628
f 1651/1651/1651 1628/1628/1628 1627/1627/1627
f 1629/1629/1629 1651/1651/1651 1630/1630/1630
f 1630/1630/1630 1651/1651/1651 1666/1666/1666
f 1667/1667/1667 1632/1632/1632 1666/1666/1666
f 1651/1651/1651 1656/1656/1656 1652/1652/1652
f 1627/1627/1627 1656/1656/1656 1651/1651/1651
f 1666/1666/1666 1651/1651/1651 1633/1633/1633
f 1632/1632/1632 1630/1630/1630 1666/1666/1666
f 1626/1626/1626 1656/1656/1656 1627/1627/1627
f 1623/1623/1623 1657/1657/1657 1626/1626/1626
f 1657/1657/1657 1656/1656/1656 1626/1626/1626
f 1657/1657/1657 1623/1623/1623 1641/1641/1641
f 1640/1640/1640 1653/1653/1653 1657/1657/1657 1641/1641/1641
f 1653/1653/1653 1639/1639/1639 1638/1638/1638 1655/1655/1655
f 1655/1655/1655 1638/1638/1638 1631/1631/1631 1648/1648/1648
f 1640/1640/1640 1639/1639/1639 1653/1653/1653
f 1643/1643/1643 1661/1661/1661 1660/1660/1660 1667/1667/1667
f 1632/1632/1632 1667/1667/1667 1624/1624/1624
f 1644/1644/1644 1646/1646/1646 1643/1643/1643
f 1643/1643/1643 1646/1646/1646 1662/1662/1662
f 1624/1624/1624 1667/1667/1667 1658/1658/1658
f 1667/1667/1667 1659/1659/1659 1658/1658/1658
f 1667/1667/1667 1660/1660/1660 1659/1659/1659
f 1643/1643/1643 1662/1662/1662 1661/1661/1661
f 1646/1646/1646 1663/1663/1663 1662/1662/1662
f 1664/1664/1664 1663/1663/1663 1646/1646/1646
f 1650/1650/1650 1637/1637/1637 1636/1636/1636 1645/1645/1645
f 1637/1637/1637 1650/1650/1650 1648/1648/1648 1631/1631/1631
f 1636/1636/1636 1635/1635/1635 1645/1645/1645
f 1664/1664/1664 1646/1646/1646 1647/1647/1647 1665/1665/1665
f 1634/1634/1634 1665/1665/1665 1647/1647/1647
f 1647/1647/1647 1635/1635/1635 1634/1634/1634
f 1665/1665/1665 1634/1634/1634 1625/1625/1625
f 1645/1645/1645 1635/1635/1635 1647/1647/1647
f 1682/1682/1682 1683/1683/1683 1681/1681/1681 1676/1676/1676
f 1677/1677/1677 1668/1668/1668 1673/1673/1673
f 1673/1673/1673 1672/1672/1672 1689/1689/1689
f 1689/1689/1689 1677/1677/1677 1673/1673/1673
f 1678/1678/1678 1677/1677/1677 1689/1689/1689 1688/1688/1688
f 1688/1688/1688 1681/1681/1681 1675/1675/1675 1678/1678/1678
f 1669/1669/1669 1691/1691/1691 1690/1690/1690
f 1692/1692/1692 1691/1691/1691 1669/1669/1669
f 1693/1693/1693 1692/1692/1692 1676/1676/1676
f 1676/1676/1676 1688/1688/1688 1693/1693/1693
f 1674/1674/1674 1692/1692/1692 1669/1669/1669
f 1683/1683/1683 1679/1679/1679 1675/1675/1675 1681/1681/1681
f 1680/1680/1680 1679/1679/1679 1683/1683/1683
f 1684/1684/1684 1670/1670/1670 1680/1680/1680
f 1683/1683/1683 1684/1684/1684 1680/1680/1680
f 1684/1684/1684 1683/1683/1683 1682/1682/1682 1685/1685/1685
f 1674/1674/1674 1682/1682/1682 1676/1676/1676
f 1687/1687/1687 1682/1682/1682 1674/1674/1674
f 1692/1692/1692 1674/1674/1674 1676/1676/1676
f 1682/1682/1682 1686/1686/1686 1685/1685/1685
f 1674/1674/1674 1671/1671/1671 1687/1687/1687
f 1682/1682/1682 1687/1687/1687 1686/1686/1686
f 1688/1688/1688 1676/1676/1676 1681/1681/1681
f 1700/1700/1700 1699/1699/1699 1696/1696/1696 1697/1697/1697
f 1701/1701/1701 1700/1700/1700 1697/1697/1697 1698/1698/1698
f 1703/1703/1703 1702/1702/1702 1699/1699/1699 1700/1700/1700
f 1704/1704/1704 1703/1703/1703 1700/1700/1700 1701/1701/1701
f 1706/1706/1706 1705/1705/1705 1702/1702/1702 1703/1703/1703
f 1707/1707/1707 1706/1706/1706 1703/1703/1703 1704/1704/1704
f 1709/1709/1709 1708/1708/1708 1705/1705/1705 1706/1706/1706
f 1710/1710/1710 1709/1709/1709 1706/1706/1706 1707/1707/1707
f 1712/1712/1712 1711/1711/1711 1708/1708/1708 1709/1709/1709
f 1713/1713/1713 1712/1712/1712 1709/1709/1709 1710/1710/1710
f 1725/1725/1725 1694/1694/1694 1724/1724/1724
f 1724/1724/1724 1760/1760/1760 1725/1725/1725
f 1726/1726/1726 1725/1725/1725 1760/1760/1760
f 1723/1723/1723 1760/1760/1760 1724/1724/1724
f 1722/1722/1722 1760/1760/1760 1723/1723/1723
f 1720/1720/1720 1761/1761/1761 1721/1721/1721
f 1722/1722/1722 1721/1721/1721 1761/1761/1761
f 1722/1722/1722 1761/1761/1761 1760/1760/1760
f 1756/1756/1756 1751/1751/1751 1760/1760/1760
f 1762/1762/1762 1727/1727/1727 1726/1726/1726 1760/1760/1760
f 1762/1762/1762 1729/1729/1729 1728/1728/1728
f 1762/1762/1762 1728/1728/1728 1727/1727/1727
f 1761/1761/1761 1756/1756/1756 1760/1760/1760
f 1762/1762/1762 1751/1751/1751 1750/1750/1750
f 1751/1751/1751 1762/1762/1762 1760/1760/1760
f 1756/1756/1756 1761/1761/1761 1757/1757/1757
f 1749/1749/1749 1763/1763/1763 1762/1762/1762 1750/1750/1750
f 1752/1752/1752 1757/1757/1757 1761/1761/1761
f 1696/1696/1696 1720/1720/1720 1719/1719/1719
f 1696/1696/1696 1719/1719/1719 1718/1718/1718 1697/1697/1697
f 1720/1720/1720 1696/1696/1696 1761/1761/1761
f 1717/1717/1717 1716/1716/1716 1698/1698/1698
f 1697/1697/1697 1718/1718/1718 1717/1717/1717 1698/1698/1698
f 1695/1695/1695 1738/1738/1738 1716/1716/1716
f 1752/1752/1752 1699/1699/1699 1702/1702/1702 1753/1753/1753
f 1753/1753/1753 1702/1702/1702 1705/1705/1705 1754/1754/1754
f 1696/1696/1696 1752/1752/1752 1761/1761/1761
f 1716/1716/1716 1738/1738/1738 1698/1698/1698
f 1698/1698/1698 1738/1738/1738 1737/1737/1737 1701/1701/1701
f 1701/1701/1701 1737/1737/1737 1736/1736/1736 1704/1704/1704
f 1752/1752/1752 1696/1696/1696 1699/1699/1699
f 1729/1729/1729 1762/1762/1762 1763/1763/1763
f 1764/1764/1764 1731/1731/1731 1730/1730/1730 1763/1763/1763
f 1729/1729/1729 1763/1763/1763 1730/1730/1730
f 1765/1765/1765 1764/1764/1764 1748/1748/1748
f 1763/1763/1763 1749/1749/1749 1748/1748/1748 1764/1764/1764
f 1766/1766/1766 1759/1759/1759 1758/1758/1758
f 1759/1759/1759 1765/1765/1765 1748/1748/1748
f 1732/1732/1732 1731/1731/1731 1764/1764/1764
f 1733/1733/1733 1732/1732/1732 1765/1765/1765
f 1733/1733/1733 1739/1739/1739 1714/1714/1714
f 1739/1739/1739 1733/1733/1733 1765/1765/1765
f 1766/1766/1766 1741/1741/1741 1740/1740/1740 1765/1765/1765
f 1759/1759/1759 1766/1766/1766 1765/1765/1765
f 1766/1766/1766 1742/1742/1742 1741/1741/1741
f 1740/1740/1740 1739/1739/1739 1765/1765/1765
f 1743/1743/1743 1742/1742/1742 1766/1766/1766
f 1732/1732/1732 1764/1764/1764 1765/1765/1765
f 1755/1755/1755 1766/1766/1766 1758/1758/1758
f 1708/1708/1708 1755/1755/1755 1754/1754/1754 1705/1705/1705
f 1735/1735/1735 1710/1710/1710 1707/1707/1707 1736/1736/1736
f 1707/1707/1707 1704/1704/1704 1736/1736/1736
f 1734/1734/1734 1713/1713/1713 1710/1710/1710 1735/1735/1735
f 1711/1711/1711 1755/1755/1755 1708/1708/1708
f 1744/1744/1744 1743/1743/1743 1711/1711/1711
f 1766/1766/1766 1755/1755/1755 1711/1711/1711
f 1712/1712/1712 1745/1745/1745 1744/1744/1744 1711/1711/1711
f 1713/1713/1713 1746/1746/1746 1745/1745/1745 1712/1712/1712
f 1713/1713/1713 1747/1747/1747 1746/1746/1746
f 1747/1747/1747 1734/1734/1734 1715/1715/1715
f 1713/1713/1713 1734/1734/1734 1747/1747/1747
f 1766/1766/1766 1711/1711/1711 1743/1743/1743
f 1767/1767/1767 1773/1773/1773 1906/1906/1906 1891/1891/1891
f 1836/1836/1836 1767/1767/1767 1891/1891/1891
f 1835/1835/1835 1836/1836/1836 1892/1892/1892
f 1891/1891/1891 1892/1892/1892 1836/1836/1836
f 1835/1835/1835 1892/1892/1892 1893/1893/1893
f 1905/1905/1905 1906/1906/1906 1773/1773/1773 1774/1774/1774
f 1774/1774/1774 1769/1769/1769 1904/1904/1904 1905/1905/1905
f 1769/1769/1769 1903/1903/1903 1904/1904/1904
f 1769/1769/1769 1775/1775/1775 1902/1902/1902 1903/1903/1903
f 1833/1833/1833 1895/1895/1895 1832/1832/1832
f 1895/1895/1895 1896/1896/1896 1832/1832/1832
f 1797/1797/1797 1831/1831/1831 1896/1896/1896
f 1832/1832/1832 1896/1896/1896 1831/1831/1831
f 1796/1796/1796 1831/1831/1831 1797/1797/1797
f 1894/1894/1894 1833/1833/1833 1834/1834/1834
f 1833/1833/1833 1894/1894/1894 1895/1895/1895
f 1834/1834/1834 1893/1893/1893 1894/1894/1894
f 1798/1798/1798 1799/1799/1799 1794/1794/1794 1795/1795/1795
f 1799/1799/1799 1800/1800/1800 1793/1793/1793 1794/1794/1794
f 1893/1893/1893 1834/1834/1834 1835/1835/1835
f 1797/1797/1797 1798/1798/1798 1795/1795/1795 1796/1796/1796
f 1775/1775/1775 1776/1776/1776 1901/1901/1901 1902/1902/1902
f 1776/1776/1776 1777/1777/1777 1899/1899/1899 1900/1900/1900
f 1776/1776/1776 1900/1900/1900 1901/1901/1901
f 1898/1898/1898 1899/1899/1899 1777/1777/1777 1778/1778/1778
f 1897/1897/1897 1898/1898/1898 1778/1778/1778
f 1947/1947/1947 1948/1948/1948 1911/1911/1911 1897/1897/1897
f 1897/1897/1897 1779/1779/1779 1947/1947/1947
f 1779/1779/1779 1897/1897/1897 1778/1778/1778
f 1910/1910/1910 1911/1911/1911 1948/1948/1948 1949/1949/1949
f 1909/1909/1909 1910/1910/1910 1949/1949/1949 1950/1950/1950
f 1907/1907/1907 1908/1908/1908 1951/1951/1951 1938/1938/1938
f 1908/1908/1908 1909/1909/1909 1950/1950/1950 1951/1951/1951
f 1907/1907/1907 1938/1938/1938 1814/1814/1814
f 1814/1814/1814 1938/1938/1938 1939/1939/1939 1813/1813/1813
f 1907/1907/1907 1814/1814/1814 1932/1932/1932
f 1932/1932/1932 1804/1804/1804 1907/1907/1907
f 1800/1800/1800 1801/1801/1801 1792/1792/1792 1793/1793/1793
f 1796/1796/1796 1886/1886/1886 1830/1830/1830 1831/1831/1831
f 1829/1829/1829 1830/1830/1830 1886/1886/1886 1887/1887/1887
f 1828/1828/1828 1829/1829/1829 1887/1887/1887 1888/1888/1888
f 1827/1827/1827 1828/1828/1828 1888/1888/1888 1889/1889/1889
f 1889/1889/1889 1890/1890/1890 1826/1826/1826 1827/1827/1827
f 1890/1890/1890 1876/1876/1876 1768/1768/1768 1826/1826/1826
f 1853/1853/1853 1768/1768/1768 1876/1876/1876 1877/1877/1877
f 1877/1877/1877 1878/1878/1878 1852/1852/1852 1853/1853/1853
f 1850/1850/1850 1851/1851/1851 1880/1880/1880 1881/1881/1881
f 1851/1851/1851 1852/1852/1852 1879/1879/1879
f 1878/1878/1878 1879/1879/1879 1852/1852/1852
f 1880/1880/1880 1851/1851/1851 1879/1879/1879
f 1791/1791/1791 1792/1792/1792 1801/1801/1801 1802/1802/1802
f 1802/1802/1802 1803/1803/1803 1790/1790/1790 1791/1791/1791
f 1789/1789/1789 1790/1790/1790 1803/1803/1803 1804/1804/1804
f 1875/1875/1875 1789/1789/1789 1932/1932/1932 1933/1933/1933
f 1932/1932/1932 1789/1789/1789 1804/1804/1804
f 1933/1933/1933 1934/1934/1934 1874/1874/1874 1875/1875/1875
f 1934/1934/1934 1935/1935/1935 1873/1873/1873 1874/1874/1874
f 1848/1848/1848 1883/1883/1883 1884/1884/1884
f 1849/1849/1849 1882/1882/1882 1883/1883/1883
f 1849/1849/1849 1850/1850/1850 1881/1881/1881 1882/1882/1882
f 1883/1883/1883 1848/1848/1848 1849/1849/1849
f 1848/1848/1848 1884/1884/1884 1847/1847/1847
f 1936/1936/1936 1872/1872/1872 1873/1873/1873
f 1935/1935/1935 1936/1936/1936 1873/1873/1873
f 1937/1937/1937 1871/1871/1871 1872/1872/1872
f 1884/1884/1884 1885/1885/1885 1847/1847/1847
f 1870/1870/1870 1847/1847/1847 1885/1885/1885
f 1871/1871/1871 1922/1922/1922 1870/1870/1870
f 1846/1846/1846 1847/1847/1847 1870/1870/1870
f 1936/1936/1936 1937/1937/1937 1872/1872/1872
f 1780/1780/1780 1960/1960/1960 1779/1779/1779
f 1781/1781/1781 1959/1959/1959 1780/1780/1780
f 1957/1957/1957 1782/1782/1782 1783/1783/1783
f 1956/1956/1956 1957/1957/1957 1783/1783/1783
f 1958/1958/1958 1781/1781/1781 1782/1782/1782
f 1958/1958/1958 1782/1782/1782 1957/1957/1957
f 1955/1955/1955 1784/1784/1784 1785/1785/1785
f 1954/1954/1954 1785/1785/1785 1786/1786/1786
f 1784/1784/1784 1955/1955/1955 1956/1956/1956
f 1785/1785/1785 1954/1954/1954 1955/1955/1955
f 1783/1783/1783 1784/1784/1784 1956/1956/1956
f 1780/1780/1780 1959/1959/1959 1960/1960/1960
f 1812/1812/1812 1813/1813/1813 1939/1939/1939 1940/1940/1940
f 1941/1941/1941 1812/1812/1812 1940/1940/1940
f 1811/1811/1811 1812/1812/1812 1941/1941/1941
f 1943/1943/1943 1809/1809/1809 1810/1810/1810 1942/1942/1942
f 1943/1943/1943 1944/1944/1944 1808/1808/1808 1809/1809/1809
f 1942/1942/1942 1811/1811/1811 1941/1941/1941
f 1958/1958/1958 1959/1959/1959 1781/1781/1781
f 1944/1944/1944 1945/1945/1945 1807/1807/1807 1808/1808/1808
f 1953/1953/1953 1954/1954/1954 1786/1786/1786
f 1788/1788/1788 1952/1952/1952 1787/1787/1787
f 1770/1770/1770 1825/1825/1825 1788/1788/1788
f 1825/1825/1825 1952/1952/1952 1788/1788/1788
f 1787/1787/1787 1952/1952/1952 1953/1953/1953
f 1824/1824/1824 1825/1825/1825 1854/1854/1854
f 1786/1786/1786 1787/1787/1787 1953/1953/1953
f 1823/1823/1823 1824/1824/1824 1854/1854/1854
f 1770/1770/1770 1854/1854/1854 1825/1825/1825
f 1855/1855/1855 1823/1823/1823 1854/1854/1854
f 1855/1855/1855 1856/1856/1856 1821/1821/1821 1822/1822/1822
f 1823/1823/1823 1855/1855/1855 1822/1822/1822
f 1820/1820/1820 1821/1821/1821 1856/1856/1856 1857/1857/1857
f 1857/1857/1857 1819/1819/1819 1820/1820/1820
f 1817/1817/1817 1818/1818/1818 1858/1858/1858 1859/1859/1859
f 1818/1818/1818 1819/1819/1819 1858/1858/1858
f 1817/1817/1817 1859/1859/1859 1816/1816/1816
f 1815/1815/1815 1816/1816/1816 1860/1860/1860
f 1859/1859/1859 1860/1860/1860 1816/1816/1816
f 1805/1805/1805 1815/1815/1815 1860/1860/1860
f 1857/1857/1857 1858/1858/1858 1819/1819/1819
f 1807/1807/1807 1945/1945/1945 1946/1946/1946 1806/1806/1806
f 1815/1815/1815 1805/1805/1805 1806/1806/1806 1946/1946/1946
f 1871/1871/1871 1937/1937/1937 1922/1922/1922
f 1923/1923/1923 1924/1924/1924 1844/1844/1844 1845/1845/1845
f 1924/1924/1924 1925/1925/1925 1843/1843/1843 1844/1844/1844
f 1922/1922/1922 1923/1923/1923 1845/1845/1845 1846/1846/1846
f 1942/1942/1942 1810/1810/1810 1811/1811/1811
f 1926/1926/1926 1927/1927/1927 1841/1841/1841 1842/1842/1842
f 1925/1925/1925 1926/1926/1926 1842/1842/1842 1843/1843/1843
f 1928/1928/1928 1929/1929/1929 1839/1839/1839 1840/1840/1840
f 1930/1930/1930 1839/1839/1839 1929/1929/1929
f 1930/1930/1930 1838/1838/1838 1839/1839/1839
f 1930/1930/1930 1931/1931/1931 1837/1837/1837 1838/1838/1838
f 1840/1840/1840 1841/1841/1841 1927/1927/1927 1928/1928/1928
f 1870/1870/1870 1922/1922/1922 1846/1846/1846
f 1921/1921/1921 1805/1805/1805 1860/1860/1860 1861/1861/1861
f 1864/1864/1864 1918/1918/1918 1919/1919/1919
f 1920/1920/1920 1863/1863/1863 1919/1919/1919
f 1920/1920/1920 1921/1921/1921 1861/1861/1861 1862/1862/1862
f 1862/1862/1862 1863/1863/1863 1920/1920/1920
f 1863/1863/1863 1864/1864/1864 1919/1919/1919
f 1917/1917/1917 1918/1918/1918 1865/1865/1865 1866/1866/1866
f 1865/1865/1865 1918/1918/1918 1864/1864/1864
f 1915/1915/1915 1916/1916/1916 1771/1771/1771 1867/1867/1867
f 1914/1914/1914 1915/1915/1915 1867/1867/1867 1868/1868/1868
f 1931/1931/1931 1912/1912/1912 1772/1772/1772 1837/1837/1837
f 1913/1913/1913 1914/1914/1914 1868/1868/1868 1869/1869/1869
f 1912/1912/1912 1913/1913/1913 1869/1869/1869 1772/1772/1772
f 1866/1866/1866 1771/1771/1771 1916/1916/1916
f 1866/1866/1866 1916/1916/1916 1917/1917/1917
f 1947/1947/1947 1779/1779/1779 1960/1960/1960
f 1966/1966/1966 1964/1964/1964 1962/1962/1962 1961/1961/1961
f 1965/1965/1965 1963/1963/1963 1964/1964/1964 1966/1966/1966
f 1970/1970/1970 1971/1971/1971 1969/1969/1969 1967/1967/1967
f 1968/1968/1968 1972/1972/1972 1971/1971/1971 1970/1970/1970
f 1977/1977/1977 1978/1978/1978 1975/1975/1975 1973/1973/1973
f 1974/1974/1974 1976/1976/1976 1978/1978/1978 1977/1977/1977
f 1982/1982/1982 1984/1984/1984 1983/1983/1983 1979/1979/1979
f 1980/1980/1980 1981/1981/1981 1984/1984/1984 1982/1982/1982
f 1989/1989/1989 1990/1990/1990 1986/1986/1986 1985/1985/1985
f 1988/1988/1988 1987/1987/1987 1990/1990/1990 1989/1989/1989
f 1991/1991/1991 1996/1996/1996 1994/1994/1994 1995/1995/1995
f 1993/1993/1993 1992/1992/1992 1995/1995/1995 1994/1994/1994
f 2000/2000/2000 2001/2001/2001 1998/1998/1998 1999/1999/1999
f 1997/1997/1997 2002/2002/2002 2001/2001/2001 2000/2000/2000
f 2006/2006/2006 2008/2008/2008 2007/2007/2007 2003/2003/2003
f 2004/2004/2004 2005/2005/2005 2008/2008/2008 2006/2006/2006
f 2012/2012/2012 2014/2014/2014 2013/2013/2013 2009/2009/2009
f 2010/2010/2010 2011/2011/2011 2014/2014/2014 2012/2012/2012
f 2020/2020/2020 2017/2017/2017 2016/2016/2016 2021/2021/2021
f 2015/2015/2015 2022/2022/2022 2018/2018/2018 2019/2019/2019
f 2019/2019/2019 2018/2018/2018 2017/2017/2017 2020/2020/2020
f 2027/2027/2027 2029/2029/2029 2028/2028/2028 2023/2023/2023
f 2025/2025/2025 2024/2024/2024 2030/2030/2030 2026/2026/2026
f 2026/2026/2026 2030/2030/2030 2029/2029/2029 2027/2027/2027
f 2037/2037/2037 2034/2034/2034 2032/2032/2032 2038/2038/2038
f 2031/2031/2031 2033/2033/2033 2035/2035/2035 2036/2036/2036
f 2036/2036/2036 2035/2035/2035 2034/2034/2034 2037/2037/2037
f 2044/2044/2044 2039/2039/2039 2043/2043/2043 2045/2045/2045
f 2042/2042/2042 2046/2046/2046 2045/2045/2045 2043/2043/2043
f 2046/2046/2046 2042/2042/2042 2041/2041/2041 2040/2040/2040
f 2054/2054/2054 2050/2050/2050 2048/2048/2048 2055/2055/2055
f 2051/2051/2051 2053/2053/2053 2052/2052/2052
f 2053/2053/2053 2050/2050/2050 2054/2054/2054
f 2050/2050/2050 2053/2053/2053 2051/2051/2051
f 2047/2047/2047 2049/2049/2049 2051/2051/2051 2052/2052/2052
f 2061/2061/2061 2062/2062/2062 2057/2057/2057 2056/2056/2056
f 2059/2059/2059 2058/2058/2058 2064/2064/2064 2060/2060/2060
f 2060/2060/2060 2063/2063/2063 2062/2062/2062 2061/2061/2061
f 2060/2060/2060 2064/2064/2064 2063/2063/2063
f 2073/2073/2073 2068/2068/2068 2066/2066/2066 2065/2065/2065
f 2069/2069/2069 2072/2072/2072 2071/2071/2071
f 2072/2072/2072 2068/2068/2068 2073/2073/2073
f 2068/2068/2068 2072/2072/2072 2069/2069/2069
f 2070/2070/2070 2067/2067/2067 2069/2069/2069 2071/2071/2071
f 2079/2079/2079 2074/2074/2074 2078/2078/2078 2080/2080/2080
f 2078/2078/2078 2081/2081/2081 2080/2080/2080
f 2077/2077/2077 2082/2082/2082 2081/2081/2081
f 2076/2076/2076 2075/2075/2075 2082/2082/2082 2077/2077/2077
f 2078/2078/2078 2077/2077/2077 2081/2081/2081
f 2088/2088/2088 2089/2089/2089 2085/2085/2085 2083/2083/2083
f 2084/2084/2084 2086/2086/2086 2090/2090/2090 2087/2087/2087
f 2087/2087/2087 2090/2090/2090 2089/2089/2089 2088/2088/2088
f 2098/2098/2098 2095/2095/2095 2094/2094/2094 2091/2091/2091
f 2092/2092/2092 2093/2093/2093 2096/2096/2096 2097/2097/2097
f 2097/2097/2097 2096/2096/2096 2095/2095/2095 2098/2098/2098
f 2103/2103/2103 2104/2104/2104 2101/2101/2101 2099/2099/2099
f 2100/2100/2100 2106/2106/2106 2105/2105/2105 2102/2102/2102
f 2102/2102/2102 2105/2105/2105 2104/2104/2104 2103/2103/2103
f 2107/2107/2107 2108/2108/2108 2113/2113/2113 2109/2109/2109
f 2112/2112/2112 2110/2110/2110 2109/2109/2109 2113/2113/2113
f 2114/2114/2114 2110/2110/2110 2112/2112/2112 2111/2111/2111
f 2120/2120/2120 2121/2121/2121 2117/2117/2117 2115/2115/2115
f 2116/2116/2116 2118/2118/2118 2123/2123/2123 2119/2119/2119
f 2119/2119/2119 2122/2122/2122 2121/2121/2121 2120/2120/2120
f 2119/2119/2119 2123/2123/2123 2122/2122/2122
f 2130/2130/2130 2126/2126/2126 2125/2125/2125 2131/2131/2131
f 2127/2127/2127 2129/2129/2129 2128/2128/2128
f 2129/2129/2129 2126/2126/2126 2130/2130/2130
f 2126/2126/2126 2129/2129/2129 2127/2127/2127
f 2124/2124/2124 2132/2132/2132 2127/2127/2127 2128/2128/2128
f 2137/2137/2137 2138/2138/2138 2134/2134/2134 2133/2133/2133
f 2135/2135/2135 2141/2141/2141 2140/2140/2140 2136/2136/2136
f 2136/2136/2136 2139/2139/2139 2137/2137/2137
f 2136/2136/2136 2140/2140/2140 2139/2139/2139
f 2137/2137/2137 2139/2139/2139 2138/2138/2138
f 2142/2142/2142 2143/2143/2143 2150/2150/2150 2147/2147/2147
f 2150/2150/2150 2144/2144/2144 2147/2147/2147
f 2148/2148/2148 2149/2149/2149 2146/2146/2146 2145/2145/2145
f 2148/2148/2148 2144/2144/2144 2149/2149/2149
f 2147/2147/2147 2144/2144/2144 2148/2148/2148
f 2158/2158/2158 2159/2159/2159 2153/2153/2153 2151/2151/2151
f 2160/2160/2160 2157/2157/2157 2156/2156/2156
f 2161/2161/2161 2156/2156/2156 2155/2155/2155
f 2157/2157/2157 2160/2160/2160 2159/2159/2159 2158/2158/2158
f 2160/2160/2160 2156/2156/2156 2161/2161/2161
f 2152/2152/2152 2154/2154/2154 2161/2161/2161 2155/2155/2155
f 2171/2171/2171 2164/2164/2164 2163/2163/2163 2162/2162/2162
f 2169/2169/2169 2167/2167/2167 2166/2166/2166 2170/2170/2170
f 2168/2168/2168 2172/2172/2172 2167/2167/2167 2169/2169/2169
f 2170/2170/2170 2165/2165/2165 2164/2164/2164 2171/2171/2171
f 2170/2170/2170 2166/2166/2166 2165/2165/2165
f 2173/2173/2173 2174/2174/2174 2182/2182/2182 2177/2177/2177
f 2178/2178/2178 2177/2177/2177 2182/2182/2182
f 2175/2175/2175 2178/2178/2178 2182/2182/2182
f 2179/2179/2179 2175/2175/2175 2181/2181/2181 2180/2180/2180
f 2180/2180/2180 2181/2181/2181 2176/2176/2176 2183/2183/2183
f 2178/2178/2178 2175/2175/2175 2179/2179/2179
f 2192/2192/2192 2193/2193/2193 2185/2185/2185 2184/2184/2184
f 2186/2186/2186 2191/2191/2191 2190/2190/2190
f 2194/2194/2194 2190/2190/2190 2189/2189/2189
f 2191/2191/2191 2186/2186/2186 2193/2193/2193 2192/2192/2192
f 2186/2186/2186 2190/2190/2190 2194/2194/2194
f 2188/2188/2188 2187/2187/2187 2194/2194/2194 2189/2189/2189
f 2203/2203/2203 2198/2198/2198 2197/2197/2197 2195/2195/2195
f 2201/2201/2201 2200/2200/2200 2199/2199/2199 2202/2202/2202
f 2196/2196/2196 2204/2204/2204 2200/2200/2200 2201/2201/2201
f 2202/2202/2202 2199/2199/2199 2198/2198/2198 2203/2203/2203
f 2211/2211/2211 2212/2212/2212 2206/2206/2206 2205/2205/2205
f 2209/2209/2209 2214/2214/2214 2213/2213/2213 2210/2210/2210
f 2208/2208/2208 2207/2207/2207 2214/2214/2214 2209/2209/2209
f 2210/2210/2210 2213/2213/2213 2212/2212/2212 2211/2211/2211
f 2215/2215/2215 2216/2216/2216 2222/2222/2222 2223/2223/2223
f 2221/2221/2221 2217/2217/2217 2223/2223/2223 2222/2222/2222
f 2217/2217/2217 2221/2221/2221 2220/2220/2220 2224/2224/2224
f 2219/2219/2219 2218/2218/2218 2224/2224/2224 2220/2220/2220
f 2234/2234/2234 2231/2231/2231 2228/2228/2228 2225/2225/2225
f 2233/2233/2233 2232/2232/2232 2229/2229/2229 2226/2226/2226
f 2227/2227/2227 2230/2230/2230 2232/2232/2232 2233/2233/2233
f 2226/2226/2226 2229/2229/2229 2231/2231/2231 2234/2234/2234
